WWOGWMIDILALENSLDOTB;"prenom0437"
MGLHFDPCRWVFXYODNGSR;"prenom0238"
JXKMKYCCATBSKTTUCSID;"prenom0663"
FDGSRVDHTFJRTJRBJZOY;"prenom0238"
IAHMTPZLOZYRGODPTOUW;"prenom0131"
ZNMHWBHXGHBNRIBJEKNT;"prenom0413"
WLUWHWVYPXDQHDXGLVQM;"prenom0041"
QXVJYICFULMITZVBANDS;"prenom0308"
HUDMOONQFPPFHYKPAXWQ;"prenom0653"
KXPKXVKPHINQCCDXOXXW;"prenom0238"
QETDUUDNMDTNBLHWVWVJ;"prenom0309"
WQOMQHFAUJKHHPHADSRV;"prenom0041"
LXXHWVJRYNNVMIDDKVKE;"prenom0238"
BQRSVODYQWJLXRYBOFXN;"prenom0663"
ZXFQQIULLJAZMJYZHBGO;"prenom0653"
BVUXUFBKHCMQHJZIZZHR;"prenom0663"
WZEWPAEAOGXTYJSKKEMJ;"prenom0238"
GOJTWKMZTABRBODLXNYD;"prenom0308"
BWAYZINYUIMQIHUVZZTT;"prenom0590"
URBAQDNPQJNRWSJVRCCB;"prenom0663"
PVRPIDBRBHUOVDACTVVU;"prenom0193"
MBEQRRFHRSEIWHKPOJPR;"prenom0256"
ZFADPBOTKXEPBUBGMIBZ;"prenom0041"
JGQTLKPPLNGUDACVQHZY;"prenom0437"
TLLTKMIYXKZZIEKABSTH;"prenom0653"
KFRTZAHFOAQUGXCQIQLR;"prenom0652"
KUUWRBHEPUTBSYSFJHUM;"prenom0753"
AJCVGTSUEDCXDBUNBBNJ;"prenom0590"
MUKYUMQLDCPRUBUDVDRY;"prenom0663"
ZKYZDRWPDEQYGGPGXCAX;"prenom0263"
GXLLKQEKLBEGNHXFRIHJ;"prenom0020"
EPSUXISXTBBEHFHNKBEH;"prenom0521"
IROXJGBQPKMCDMGAMNTA;"prenom0041"
SYLMKRXPIIYZAZVLUKOH;"prenom0437"
ZTEDFFDJOARBUCBXGBSO;"prenom0653"
GMAZXXPJTTUYCDVBHMHJ;"prenom0238"
QQZMEIMZNRTJHVKCKFEN;"prenom0110"
ZJAPURUSFIJHEEPEGJOW;"prenom0096"
NPADFQIPAFKYIVQLZPNG;"prenom0041"
GTQOUTWHBRRJWJHJPHRG;"prenom0540"
AUQWUTVIMYIRBVUQORCB;"prenom0663"
PUCHORWGSJASYRNNEJNG;"prenom0277"
XKBCJTQFMIUGXDFIYWRA;"prenom0515"
XKPPRZMGBIYQNJTCEGJP;"prenom0238"
LKKXSKMLONDLLGQTAWTP;"prenom0521"
DYHKHVDDYKAMJOPWTVOM;"prenom0122"
FSKVASKUKYPFZQNDKSBS;"prenom0766"
BCLMKKYFMOABYKLEUGRB;"prenom0521"
NFKIWXAIALGRVRXXWOKF;"prenom0663"
RWPLEATDCCZRWXEYJVBA;"prenom0653"
BUPNXTUBVRSRNIEYNCOJ;"prenom0238"
QQEXRFVINISFRGFLKGUX;"prenom0016"
TKOMLEKJLVMTYEKGOSZG;"prenom0590"
YABGHCHPPNZLVOIMKBHV;"prenom0655"
YRRPILUSFJUVVLHRPDRP;"prenom0437"
HFSTGPZFTDBUHJCDJEWY;"prenom0437"
UMTOJTZHVCRLNAKTJUQZ;"prenom0663"
DQFRGGRMIWCEWXREKHMP;"prenom0041"
MUJCSGYMISPJMINGRTFZ;"prenom0437"
KTJWAEVUNOLZMUWMHRZG;"prenom0437"
NTKKTWDQKRLTKYSHVYEA;"prenom0238"
EQMKNHZHJKZREMSJYHPI;"prenom0309"
RNIBBLLGDJJFAYAKVDYK;"prenom0437"
UACICDJEVZGMGQDFDRFN;"prenom0309"
SGLXJUXVHICMLTWAGFFO;"prenom0201"
GCZMNZFDMVEPVVQTHFZY;"prenom0233"
TVKRBAQBTLWZWMWSVMTE;"prenom0790"
WIBCJZGAUSOHAMVPNQST;"prenom0437"
UDJBUBGIGPSFWBUIQEOK;"prenom0238"
GQWZNGDOOPRIEUVJARNF;"prenom0172"
MUDLIHXNUDMEZLDDHIEJ;"prenom0653"
PLLYDNJDDSFKQERPZAEO;"prenom0663"
WEGTXSMJZBOSKTFVSWLT;"prenom0663"
OGGJIHEHVJBEODRXOSSG;"prenom0233"
WJWJTCFIIUBOISOZOZHL;"prenom0437"
IMORKBLLDVVCCVFKPSYT;"prenom0663"
OTHGEAKNVTXHCBYKOKKZ;"prenom0238"
KNCBUECVEIMOBMOFVDYE;"prenom0653"
MJOEIDKFZIUSAYCXHRTA;"prenom0263"
VXFSXCQDSFWETBTOXJRA;"prenom0238"
EVICOPAWWOWHIMTRPVDD;"prenom0663"
GUFJVCUAYPXSEWESFLFD;"prenom0511"
JRTTYWJIJRVFTFLBNRAT;"prenom0653"
VMHGWZNWVPUHIWBAQPPJ;"prenom0653"
WAOXBBWCRNEZXXUPHCXA;"prenom0238"
CYYBXAVSHVOQCAEQESPA;"prenom0540"
VTGMSLCBARWXACSGUMFT;"prenom0663"
NTVGNWTJSZNQPGLAOUQT;"prenom0663"
BQSEBVYQOCKBIVPPLUTY;"prenom0324"
VVARBFVQDOWQFTUKCVVG;"prenom0084"
KQEIUJVRPESNDCZGYSDW;"prenom0445"
NWOVBHEDVYHAYODWTTDG;"prenom0653"
GQSTFMWYMEYOYGQIPUEA;"prenom0202"
AOFJPJWOFPSHCOARTURT;"prenom0652"
UBNLQVPYEUEDVNXEKIZJ;"prenom0663"
KZPRUXPSTOOCMXHEELUL;"prenom0437"
WMMPXIOOKENMERMAPVRB;"prenom0238"
VPDMYAPKOSNWMFSTXWLU;"prenom0473"
XRFBOAHEOMXCSKOWEJDU;"prenom0655"
CKCNQLJPQPPTPGHNQDBS;"prenom0838"
HUDJCJGAWPYVIZEBUBYO;"prenom0096"
JOTDHUGQYTRYFUBHQXXL;"prenom0551"
AUXTFRSYGVVJBZTDZSEJ;"prenom0096"
BTUGPNRRSXXFEAUHETAX;"prenom0361"
MFHDDGLOOSIASMEMAJGP;"prenom0663"
GYAMYSYHVFNBAKWNVQGU;"prenom0041"
FNQZYEAIWFJCQQBUALNT;"prenom0521"
YBWUHHPGPPNQJMPAILUE;"prenom0041"
RIGABEWYYNNKUCYLSMNV;"prenom0233"
FYMOINHGCXWGJEUDQWZV;"prenom0046"
PYAWNKZEBDDLCWZYDAQF;"prenom0663"
KHARFPTWTMXMTYNSONGP;"prenom0437"
KNNVWCIKUKCTYJBIHARY;"prenom0652"
OJRCRCWINWBVRJZXEKXM;"prenom0238"
CCHGTWODCOYYKZSLVXUP;"prenom0653"
YNBZGQPEDOLZPGVZBBDF;"prenom0663"
HRUFOBKUDFKPRNVWBFJU;"prenom0655"
YLGITFKWBASDGBVUZEWU;"prenom0437"
PVYADAQAYCANTLCRLRSG;"prenom0590"
JFHSBGOAFRKKDAOUYDWB;"prenom0408"
ZKGRRPXJIRLUTCGIFIVX;"prenom0238"
IMHIMHZNXEAWZODQRRUL;"prenom0238"
FMOKWIVBSWBPBBQLBRHP;"prenom0575"
PEUMVAFACXKZUKNBJDVV;"prenom0358"
WLYVYVYZKBTYJMJNJAFH;"prenom0663"
ILOPUAYWAUSLDUVTYAIG;"prenom0437"
XIQLQVNEEFXYWPXKNASR;"prenom0238"
WQBXWAVDBDDDZDSREOSM;"prenom0238"
IHPWFXZNRFDOVCNDDMXO;"prenom0663"
AKYUDJGUGZQSQYVTLLVZ;"prenom0194"
IYHZRZTIIEQPGEBHKIAK;"prenom0663"
PNKXNFOWTZMMQTBQCZYM;"prenom0655"
RLTOSUJDNMXYYWFYZAMB;"prenom0096"
YNMWZQACNCDUZEJELVIG;"prenom0041"
ORJRVGUYEAPHGQDPTDYE;"prenom0437"
WAFSWQQTAYCMKOZRHMAU;"prenom0667"
MMCKUJJOILRFXTWCOKPC;"prenom0041"
EWJJLSIHKLGOTIHDZRMR;"prenom0437"
UBQPOYPHUGPROZTESSYF;"prenom0193"
IQECCTEBLIYTIJYLPGKL;"prenom0653"
JEPTTMFPJDBUQVTPWFWQ;"prenom0415"
YABUSAPUKQYCXAJLSDAG;"prenom0314"
WQBPWXQGFGDGEODIEFMF;"prenom0652"
MHTJZAVKMMIMJFEBYQXW;"prenom0096"
CDTCBZBNWXGNXLOCNZVZ;"prenom0041"
BRBMCQTFOPYFEOHXJQUV;"prenom0093"
AJWIKHAYKJKWXBCKJMHW;"prenom0663"
VPEJBBXVKCUGNMDWDQWD;"prenom0437"
RUSQZSWUQJXGNVDKUGUU;"prenom0700"
FUGDLBSFJRUHHTEQVKUF;"prenom0041"
HMUNSKLSFKAJQJYVIKAH;"prenom0663"
WKYBGWHHSNRGPDMTRBOC;"prenom0163"
VYSATEUXYZCUKYVXHZIC;"prenom0133"
NJTEJJHYVQIBDBJCJCHJ;"prenom0437"
HSCAYXVMBVCENXVEDRDP;"prenom0663"
VGKUTJQMAELHVMQFDUAM;"prenom0213"
TIMUBFZVUQXMJFPDPQAZ;"prenom0041"
MEEUGSFRXXARIBUZKUIT;"prenom0663"
LLBWGQDWJHWXDGOPUPPR;"prenom0041"
OMRQFHVECWCGYSJNXEJU;"prenom0041"
OTXSHIDUSUMYFUDJGBRP;"prenom0652"
QPLJVQIDDPJJNZABOXHF;"prenom0766"
JNCOVPWZXYFYNOSXJRQO;"prenom0750"
EAZVSPLRZBBPQEAPWKWS;"prenom0238"
AVLSMXZYRKUPXMXFEXEH;"prenom0146"
AVAUJIXYKPVBMUDPCBSD;"prenom0663"
DRCDKBYJSLJGWNYCIDWB;"prenom0603"
BZYPGDKYRJXLXRIQEDWV;"prenom0653"
JNZKAZEBXXQMTVXNUNQT;"prenom0308"
RUMVGUPAYNUQWTUVTKNG;"prenom0238"
KRLVCYLSMAPYWHYWWKOS;"prenom0521"
VAIHOBCVFLTSHXVSYFEQ;"prenom0084"
FWYRTDIGTSQCKFZMAXMK;"prenom0620"
SIQJHYHVPGEXLAWCWIWK;"prenom0233"
XGJRDRXTOOBFAFEGDBDL;"prenom0041"
PQVALKRUZJAQGPVZOPWX;"prenom0653"
AKIENZIRFMZJXGQPLRUC;"prenom0850"
SBIHXCHLZWFKQGHDYBUT;"prenom0238"
UQDSDTLQKWDRJGNFKIXW;"prenom0215"
ZJURKZTMZVAWAMEFETHC;"prenom0238"
PKPOYOJWRVQLRKWEDKGR;"prenom0041"
NMKHTSKYJQNMXBTLEIVT;"prenom0663"
VBAMEKVNRYTUWDPVYZUL;"prenom0194"
YPQIZMNIWDVWZJOKXHQD;"prenom0621"
AAKXKAFZFTZOXBTLVHUA;"prenom0437"
ZCAPWKSQDOIWKCSIKCRA;"prenom0238"
APUPTMUMSLHJPXYIQWLN;"prenom0663"
HUZCKFFBKBUEJBBUKTWM;"prenom0041"
SUXOJNVLALZXJQSDOJDO;"prenom0663"
QOPJTAIDCSGOQDHZDZAU;"prenom0437"
ATISXGUEOTABHNBQAHBA;"prenom0538"
XAWDPSWCXDRCNQHZRZOM;"prenom0437"
OKTXWHLJLTVKMXCLRWKU;"prenom0233"
JAXKQMKOPMMMBSDLNDTW;"prenom0663"
SEZLOCQGUYTOXCTIGODV;"prenom0663"
IVQMCYTKSZJNWXQVIDMR;"prenom0041"
QXUPTWCTVWTUQSQGPHLB;"prenom0238"
FUZHNMASUAXRTGQOCIMO;"prenom0521"
DTFIZYCBQUZNIYGQSOZV;"prenom0655"
GAMLFVDKWKRZXKXRXXWC;"prenom0663"
EWBAWPYLFZPUZTTHGAPW;"prenom0663"
JDWBARYVFWZCALYJWVHN;"prenom0308"
EURWNWQKNITLAYGXJPZZ;"prenom0437"
OSKZNOVFNAUWKKVAZCCH;"prenom0309"
QNFPDJMKHJTRMPVXBNXD;"prenom0688"
EYGHYHXPHWWGRRQEMTQX;"prenom0759"
ERYOALWKOSFVDPMESTFI;"prenom0437"
XUBVNLUVJBWTGPUPEHLH;"prenom0663"
SWGTVNLMSPGUFEIHVHQQ;"prenom0041"
AOBGHIGMGAQGQPJUZVOD;"prenom0663"
MBBVYZDACDRFLUPMMPKU;"prenom0041"
HTSEJAEPGHVFCTMCNWLQ;"prenom0653"
JZQTAFDJJKBITVMIQXTH;"prenom0663"
FQPKUHPATCSZURFNNDBB;"prenom0238"
YTBQMDZQNAOLTJIQVTMA;"prenom0663"
NTMOQYOIEDPGHYOOCOBJ;"prenom0850"
SWENDEKFXTMSKNDPIUGH;"prenom0551"
IVITQLGIIZCOVQMQYWRZ;"prenom0233"
FWMPEGBDMGGEXAXJKKVW;"prenom0041"
PAWCKPFJRZGNTQZTJEKC;"prenom0041"
VFLQYYPAVKPTDWHKALLN;"prenom0652"
ONWXPCKFEMZZTZTGDJHN;"prenom0123"
WIUHYZUOYHFIKXXGGSYO;"prenom0715"
DAODEGCZNLOKFRUSHEWV;"prenom0437"
IWKFNPOSZBGDCKRBVQZL;"prenom0777"
MHQRFGFVFMRJZOYHKMIJ;"prenom0162"
MKEDISJEIQWORWVCSWXM;"prenom0238"
KYQVGGEUZABSUKNDZPZQ;"prenom0663"
YYQOLNZSXZZBZDZULBLM;"prenom0429"
WRWULVPXCQGCPNVPTBOS;"prenom0308"
OYNRGTKPYSWSFJYQOKEJ;"prenom0308"
UNPWMYNJEKCAHSRYHVTH;"prenom0668"
SDXCGYUGXTKDUMHBRDSO;"prenom0551"
ZTPXJCPKDHOXPXBRWEXR;"prenom0552"
ADLRRRELUCZJAQBBWEDY;"prenom0766"
DWGIVMDBGPGXMBZAOFXG;"prenom0238"
PKHJXNLQOODTANEXRGTF;"prenom0652"
QTOBAODJASDJJJMQYSTI;"prenom0238"
SNYDHYOUDLOPCBBTFDPQ;"prenom0759"
SFESNTBWSMKQUFGVKRWT;"prenom0689"
XYGWJYKSWQMOIADDDQFK;"prenom0663"
CDLBYJADHTSSLBMWXPYI;"prenom0663"
ASAPJPOIYXWHHHAESQGU;"prenom0238"
AAVAQWVZMALDZZHULXQK;"prenom0084"
TKPIYPAIFHGCFYSUIMGM;"prenom0397"
XVELZWKJAOLKPMJUKKSH;"prenom0337"
ZKIITLBIBZGLHQYHUPLP;"prenom0041"
RIGFZTUSIRWVMKWXPRPN;"prenom0413"
UTAMAKOIXILIUUDPOGQH;"prenom0663"
WYHNKXIMSVSSGBXWLIMZ;"prenom0652"
GOKIGMVSGXACGLJFYXOD;"prenom0663"
WATAVCQYZJKQDBIUUZGW;"prenom0663"
CEHDTTXGDEMDLEYEKPZI;"prenom0437"
LWHHZDSUWINEEFCWNWIV;"prenom0302"
YGOTNMMAXBIHNLHTRQYT;"prenom0041"
ATGJRLALULCVFMQVZFXB;"prenom0667"
NISISVBWLLCPOQIERVOM;"prenom0653"
VZHEVOQMBNVTOKWFHJDZ;"prenom0238"
TOKBPLDXZQRPJGEXLYXZ;"prenom0238"
KMQDICOSQUOTAYGAQXTV;"prenom0663"
FIKVKPUGGZXMSISDDBJW;"prenom0437"
EJTTKQBZWPNEAGRXHPIR;"prenom0652"
CISIRIOIZXIXBTBTWLTF;"prenom0041"
POTOGOWQSVSSHMGSJICV;"prenom0696"
OTTOMCXDNBUYOYSNJJME;"prenom0041"
KZETWFEEXAQQTAEYQOAN;"prenom0041"
XVSISXSWNTOJZHLQSRFP;"prenom0215"
EENTDXSSUMEJOMFOKDJC;"prenom0663"
FCYPLVGAAELETOAPPDRG;"prenom0041"
CSMURLREOFQMHCAHHKBU;"prenom0233"
OSFQHDIJVQUYLPWRYPRK;"prenom0437"
IALGTKXHJAMBXNAENHUR;"prenom0041"
ITMPKJMRHKAOOCFQIGQS;"prenom0096"
KRSJSACICZFPPJUCUXDN;"prenom0096"
EKOITPBHCJGAQDWPUAKT;"prenom0551"
VVKQUALAJZNZHXFIAYPK;"prenom0238"
OAVWUEBQNEUGDQIOVFAC;"prenom0096"
NFDSIBTYJLGQUQEKZTWL;"prenom0238"
RXRMFLTHHRWWGIBACORX;"prenom0551"
AEGNEFCFYZSOOOOTHXAM;"prenom0238"
ZFPOZTHSBNYSPUDWXSYP;"prenom0449"
FGGHGZFUXEEETRSQKVGO;"prenom0411"
NMCYWQQQEYUAGREGXAYB;"prenom0096"
YWQQQAPJMXSCAZSDAITV;"prenom0551"
UOCFYCZCSYQXEXFRNCUL;"prenom0001"
BTJZLYGPPMJQZFOBLDRQ;"prenom0655"
DWIMEGJBUIOJWRFNRQKC;"prenom0310"
KJPVVILRNIJYRTKSSIFJ;"prenom0437"
PSHNESDUPJHPUVHFKDBO;"prenom0551"
WAGAAZMGOBPHVKFERTEA;"prenom0437"
VHXJBFAPKHGJBYHAMTKA;"prenom0652"
EGYFBHGMOQGJGPUUZSSP;"prenom0041"
PCPSCXALNOLJGZZRSUUY;"prenom0590"
QWRWCKSPWDBVXGWCBTNP;"prenom0437"
HJEQQZMZUWWNVOVAARDK;"prenom0308"
JHKTESDEJFEITTJRJTHU;"prenom0655"
LBFYVEYQCFZRIFMUPKOM;"prenom0041"
OCOJCKALMXSGMOINGKQJ;"prenom0764"
FDZDIIGLCPWVUREUWIAU;"prenom0238"
GWEDHHHMDWYAWPVROYJN;"prenom0159"
CQYJUOZHGIXZIFSUUDCN;"prenom0015"
FMVMFEQGOWTFRLXSTYZI;"prenom0521"
NHZUSAIQJLCDONLGGJXG;"prenom0586"
BNGPUXHIWKIXVNDDGVUV;"prenom0659"
QEWTPGOTTVHBQYPGTHCW;"prenom0238"
EGGLOHHDHMLLKBNKDWME;"prenom0041"
XBWIMYSEIWIMZZDSIQME;"prenom0848"
ZFLHQXEOUEHWAVKJXPBX;"prenom0142"
AXXMQVAXIUOIKJSUFEXS;"prenom0655"
YCWWJONHOPYEQWUVVZOS;"prenom0299"
CHGKPEQSBSBGNVPGBMJM;"prenom0293"
RZXAEYNEDGBNBPPIGZZT;"prenom0709"
XNFGVLYRPIIDTKQBODFF;"prenom0770"
VBUWZZDLGKMJJZGCYISO;"prenom0228"
THHCFBWMOZCHNCGNXOXG;"prenom0398"
VQKXSEWGOXCECUXLVBOI;"prenom0028"
LVPVIFFACRSYLAJJWNIW;"prenom0409"
OOCKCBYKSGSAZUCKZFEZ;"prenom0232"
JIVSHYWWMVHXBEPUHVKV;"prenom0167"
LBHJHWJTXFLSUKODVCBT;"prenom0147"
ZAKNPXIMDBINGNXSDTGX;"prenom0232"
TXOTKJLSJFJCDEEOMDQS;"prenom0484"
CXQDCUPDHCMQQSGDIZML;"prenom0755"
ZVGKBZKAEIVYGHYYMAIL;"prenom0147"
CDKOLPQEQECZORNSJIRO;"prenom0617"
YEZCXXTRZXQSAJTMYOYK;"prenom0220"
VGGHMRLONZFEPRZCQTHZ;"prenom0147"
FHPUWGTTIKLSSWGCGVCJ;"prenom0147"
ZIUBNGIWTJYKRRONMULE;"prenom0469"
KXENVAUZIXIXVECLVRUR;"prenom0807"
CRZPHHSGIAINXSRFECAO;"prenom0469"
RWULCLYNQYEXONXXYIUG;"prenom0145"
ATYWXHSLLWKEZTZRLOCY;"prenom0398"
KEEKSYRRTIVBSNLBDJTI;"prenom0167"
VHJWWHDCJLHDGXVKKYFK;"prenom0147"
SNQCMUOEATGKUIJCNPUB;"prenom0582"
UFMYGBFHARHERMVKSYUD;"prenom0232"
EYERCZASPLSFERUZSHZN;"prenom0469"
AAXTVPVNKDMVMPDEMMRJ;"prenom0398"
EFBNWKASBXGDZECFVTZG;"prenom0311"
YWYHIGOVVOQLQCAQXOQP;"prenom0735"
AGHKYSXMVPKEWZZCSKUZ;"prenom0398"
EQFWHAUJVXCYQNLPMEWF;"prenom0147"
RXKQWGEWITZELRGIUGWD;"prenom0507"
XCQVUFGTVMKOHHKBDKEP;"prenom0251"
NOXTKEXFXTZJDTXASBAS;"prenom0147"
GAJRHODTZAYIVDARWSWW;"prenom0228"
KHYVGUUDJSUTAWHMCNIH;"prenom0325"
LRIBSQAPBYRYIOGCJWZK;"prenom0497"
SOVAHQDSZPXQYYPXEGHX;"prenom0145"
POPMEZENOSJRILLKAXOQ;"prenom0258"
LGPVKKKGJXCUFBRJLABM;"prenom0709"
SQFNVJRRSYMAJDDSFTCR;"prenom0755"
JYTHSLTKNAASHOEMQVSM;"prenom0747"
SRJZGNFDTMNPOPIPNQZN;"prenom0147"
JAUBYGFZJWAXXRXMDSHU;"prenom0398"
OONICWVJQUULNETGJAGO;"prenom0663"
UPFATCBBJKFPKKEOGCGK;"prenom0232"
JNPPUIGWFJYZXLHXPKIC;"prenom0232"
FVLUEPFQLANTHLTDEUFH;"prenom0232"
GCGWJLIUSXRHDISESGNK;"prenom0145"
VPCOXKKOAOONZGVDLYRA;"prenom0240"
XYOLBYVIYBEAIVUPTCUY;"prenom0147"
GATDHRVXQMUHHIATHTSY;"prenom0232"
GPXMAUKXVRUZAESQWIXX;"prenom0311"
KZNZIJXBWWXPCKHSMJKE;"prenom0348"
WNDBWYULRHJUTTEBFYRJ;"prenom0591"
GEVXRXBXEECLWEQZNDTC;"prenom0107"
UEEMBMPZOOLQOWHQVQOB;"prenom0087"
PIZDREWRSIKLDFKIUGNZ;"prenom0057"
ZZRGVIHQSKVOHHBGEKFK;"prenom0205"
TJLNEAJMFJZPVZOKFATD;"prenom0469"
NPVOYGHDCSINNHNHLDSQ;"prenom0255"
XNAPRKYNJOAKHXROEIDO;"prenom0541"
IEDZPZIHMIPSIVMHJAMS;"prenom0582"
EJLQPQEDOUSZIWOYPTYS;"prenom0221"
FEBTISUEIDQSLRABWXOD;"prenom0398"
NRJYACYZUMOQNRPDCVQO;"prenom0145"
OMFLGZOGXWWSINEHKRBJ;"prenom0087"
OTDHUCXWSEONUUDMRBKY;"prenom0167"
BXOYQGDSHQWPYGNFVVRN;"prenom0167"
LOCXDXZMZMGQUTCOWDIR;"prenom0338"
CNOTSASSGREGWJULQXMX;"prenom0755"
YIVVEAZMQPVGHTPNBWRV;"prenom0106"
NBIYKNBWMNHAASSPSGBM;"prenom0147"
NXIHTYZLESOQXJCGDBSS;"prenom0147"
URLBVLNZYORZJGATIQTQ;"prenom0338"
EBDVORBUVXGQFSHHNVIA;"prenom0286"
LVCSHQPXCDCRGLJXNSAS;"prenom0409"
SOOTNMDEWQSOWKHLVHPS;"prenom0398"
RMSINWTTLQVAWKHWXQBN;"prenom0167"
FTRBWEUIONRFJBCDIGYA;"prenom0167"
ZIBQIUFSFEBHHOBFNWSG;"prenom0747"
XWGIWKMIIFVVPOTAOLJT;"prenom0409"
QAKTZIEPNWMBUXFXFKYX;"prenom0398"
FBPUXCSRSGPAKDKMYXVR;"prenom0338"
BUHGQDVIBIDNOXHUSTUX;"prenom0070"
LFUXCSNHRCSFJBYQBMAW;"prenom0409"
FBSCGFBLOKXGXMKWJOYL;"prenom0145"
EPJARYIDFRINLTJVAZVB;"prenom0533"
HYIKBPZUQZYRIUTRBBNX;"prenom0589"
OAYAIBDDKSKBQGBOMOLT;"prenom0167"
WHALPZBFYVPHKGRZECJY;"prenom0076"
TWMCTYSIMLUVCDOJBQRM;"prenom0145"
PPTOYHZHENPNCGOKDJZA;"prenom0167"
XGOJKQJPXWNVWYHSPIEH;"prenom0232"
XEZRKDIOLGUYWCTEEHYG;"prenom0216"
GNNKHYVVULSWCICCGQST;"prenom0232"
TQKNPNMYQABSZWWWPFDE;"prenom0255"
HCYPTFKDUTVWVZEOAWMT;"prenom0497"
ZDAQKFBXJKCYTQSJRNQL;"prenom0339"
KZORFMGEETNIWGYFGTZI;"prenom0136"
MRRSSRGDXRNQVFQHJPVX;"prenom0769"
BNMRLBABNAOBBXFPKZJD;"prenom0469"
NRTNRYTAMPKNQBRMHXYP;"prenom0232"
CMDGCESKSPKYUHFLPGAS;"prenom0325"
PFFSOBWFHFMNDGKOAEVY;"prenom0219"
LQKUZRPGYSBDOFIGMJVS;"prenom0147"
TWEYQVYNMTUNTMLQALSZ;"prenom0167"
KKNQXIXZIZACJAWBSIQJ;"prenom0147"
VFDNOVLVSPBUQNMQPIVB;"prenom0799"
HXCGENLOKZFVODIRKMTB;"prenom0372"
HQGTOGBGVTKHXJOOQBAB;"prenom0756"
NENUWKKGAZDXSWYNNXJZ;"prenom0709"
EMFFPAZYBZEPHUAOWTQA;"prenom0657"
OUDOVSZFYLCJKYFJUAZY;"prenom0402"
XQNAYJBZWSNENRKGIDDX;"prenom0101"
BTFJKDVTPPULHRRFLFIA;"prenom0402"
FBVWETOOOUZPYVNECAVD;"prenom0409"
YVDFYYWJHHGVFCIOCFRD;"prenom0167"
BUOQPYYTEQNOXTTXWZHM;"prenom0763"
FDCZRUZXBDXTLOQURIJI;"prenom0070"
SLTXKPARTKRIVKVTFIUX;"prenom0676"
PKFBPIYNHLEFHRFUSJZG;"prenom0167"
JDRJMVQVIXNEQEDHLDDC;"prenom0409"
GFNMCPEBYJNBESXWDVAO;"prenom0440"
NXMNAVTYKKYQLLJVGOBZ;"prenom0560"
DQGKRXMYWWZZDJPUWSNS;"prenom0409"
EMSGXRCSFBMEOHFETEYM;"prenom0333"
QCLPHLYCRYQDUHYNOHWJ;"prenom0647"
QVAFBAWTVCCPFLJCCCXZ;"prenom0576"
SHAYFHGLWQHATABBUDSA;"prenom0325"
CYKBEDQHBFVVBWOCBIVR;"prenom0628"
JRINLTNQVLBXBBKTNIQF;"prenom0628"
WHCMKRWVMZALICDXSZHL;"prenom0325"
ZRILIUZHIAQZQFIRIIGT;"prenom0409"
HKGRCDJVMJURVSWFHDZL;"prenom0701"
IQUJELYFSVISLMVDNBMF;"prenom0505"
WYAURYKYGKSGKGUUYRZO;"prenom0167"
CDAHMWOOBAEHEIOICPHR;"prenom0167"
LCGDPUNOEUGZIXYLKPSP;"prenom0311"
FSIJLCHGXXSNJQVSPRBN;"prenom0628"
TNCNTZSHZNNITDYCINWC;"prenom0712"
MOZZFJHJNFJGABXJEGFY;"prenom0712"
TWOHGYEQUXLUTDKXGVZF;"prenom0167"
ESHTPIYSTYAKWMECDACV;"prenom0724"
FIUYOZKZATHYEBPQLGOU;"prenom0311"
LKMHVYSGBRMJQLLAPKLA;"prenom0145"
QSHKPMFKWWPBYICDVTMO;"prenom0270"
EOWUNQAPGKGOHRZFPZTC;"prenom0779"
OIQXNQYSDPYLVFFBVHWX;"prenom0147"
UOBCDNIPFCSIJIIPINUK;"prenom0061"
IGAGIWUWMQHCKPPPAKZD;"prenom0325"
ECFHDDFEHPRGTBDUWXRA;"prenom0398"
MYWBAVBKSCOPMZHFBQEL;"prenom0558"
DZDIYKCWJAYAGVSVTFWN;"prenom0214"
VELZDLDRNSWWQDTREMGY;"prenom0232"
ONLDDAFGCRXZBLXLKNQQ;"prenom0709"
BYLIZPGZZGPWEFPBBYGR;"prenom0164"
ZPUUVQANHAXVXLYADPNS;"prenom0628"
ABYMWRKAQAEZXSSLYALM;"prenom0712"
NAIJOIAQNWHZANUGSENL;"prenom0167"
JAIIQBFTTDTXCJNBNQKP;"prenom0232"
IEEFVBYYCHAWYGGQKEQW;"prenom0232"
EBZESVAOKQUNMGGVQZEA;"prenom0534"
LMMFXSQQVAEGZEJCTZRS;"prenom0546"
KCOYEYYBQXISQKUULMIW;"prenom0311"
ENCIZIRSUBPUATHTVLBY;"prenom0779"
ABDWCZNRYOMTZDOZHBVH;"prenom0325"
GDZNXATKIDGCPSPUPECB;"prenom0701"
UEHHNHSOXQXYGTIVVGFU;"prenom0147"
INIEJWOESZLEPFOQDEFU;"prenom0409"
ZVKACAWUCZVJJROPWZGM;"prenom0398"
EOZSUXVGSAJUHZEZBRKH;"prenom0167"
QCHTFSHOGUOVXOUVULJP;"prenom0050"
ZNDMPQMYKBWYGCANORJP;"prenom0709"
BQPPNAXFBXYKKKJBDJVW;"prenom0232"
UHVRROCZNXSAXZRMCMSR;"prenom0311"
TDOFSPTODGHGYOZQULAH;"prenom0167"
LWWOQBFULWTLTJXXXNRH;"prenom0228"
QFDTACPYELRVDMYPWWUH;"prenom0497"
FLBKIVAUECSNLQVZVQGA;"prenom0232"
HASDDIRSJILBBEEHYXYV;"prenom0398"
JEVGQTZXXYADDYMMKZYU;"prenom0709"
IQXPXSBTVDQLKZWIEVVZ;"prenom0709"
DHMSBOFRTHIIAAAMEEEY;"prenom0398"
GUUMMGHACRXOVVKXBXGA;"prenom0240"
PKQYJJXBLOJUBBDRQCYR;"prenom0430"
TQSXWWMQQBFOSJENIVJE;"prenom0147"
JLTFEBNZWSXRAAUKOYUF;"prenom0712"
FONMTZCEOSRMTXNDZTYP;"prenom0398"
AKFKIKPUZNAYIKQJUGVM;"prenom0709"
XKGDAFRBNQLUPLROVJJF;"prenom0325"
XVPAHEMZSNGLEUBLAZYL;"prenom0409"
TEPVZMYTTWRLKVFAHUZJ;"prenom0701"
GMZPFGQJYVOVSIOONEPC;"prenom0755"
FQPQBIXMNSMCRRNONWGN;"prenom0147"
EOFLYZGQGJOZOSAJMZRL;"prenom0504"
WXJQITUZTUPICGFQLAAQ;"prenom0823"
VVWRFREDVHZXVXEVPPRF;"prenom0087"
OURNRPVKPIJROBAXFIYE;"prenom0330"
YDQMKKZPSSKEVQYXXEXZ;"prenom0232"
XFFKHRSSUFRTIFBJIVZW;"prenom0398"
PAZCZXOTVXIJCXCCWART;"prenom0690"
XXDQTQXXXPIKAFNPYLKY;"prenom0628"
XFEMZNOPTMOMLYKPXFVX;"prenom0755"
XTONFYHJYYCIYQPVOUXC;"prenom0232"
SDEGISYRVOYSGEDJJZWT;"prenom0333"
BZJRTILGZSEYXXUJSCMS;"prenom0409"
DYINNJVYDXKEPVESCZUU;"prenom0451"
BJJZHQZJUXQWNUCPRXIT;"prenom0509"
CFKYTCWYGUECDBFXCCKX;"prenom0709"
OPZRQMCQBUZDNRZKNYND;"prenom0709"
ORMRMYTRMIQIWWAWBNDY;"prenom0311"
VXZOSMAHWDMAODLLVWUY;"prenom0232"
XBAJVKMSQMLAHGLVYJNE;"prenom0167"
YTASEHQNVDMGHELMCTLX;"prenom0709"
AKXFWTWCHJAPUTDZKNXY;"prenom0409"
XIQVHHYRNRMOYXKXMOZL;"prenom0276"
FOJBESVWUZHZIBGRGQEW;"prenom0232"
CYZYROPSHGGSMOFTAZUM;"prenom0546"
RLDFDHHWHJATLAAARQSU;"prenom0769"
TRBWFFNJCKYIPJZVBLNR;"prenom0147"
CNYIMVGKCKXAZZXEGJNF;"prenom0228"
XPUSXLJJLZZGGRKCMKBF;"prenom0167"
TIVFHQKLBVJQVKPHFWRK;"prenom0167"
HJVPCHCCJMJCNPDSOAIR;"prenom0701"
NVFHDYCYCXVIMDKJPKOL;"prenom0701"
LAOCYFQALCBDUZIMOGAU;"prenom0147"
ZDNOOBXWDXFRIHVWSVXE;"prenom0825"
WWSMDQAVMGPSHACIYCXD;"prenom0167"
HTYNJCLTBFAKWFRQTJFT;"prenom0325"
EVKIRHDPCYTKOPJDXFXV;"prenom0167"
SDQQDQOMBCPAWNIMSHNF;"prenom0147"
KMIWPGJQVEGHDOXDXGYP;"prenom0234"
RRBDUSQYJLEQLPPNVSHR;"prenom0145"
WXLIBNYBBJBULMYQLSHT;"prenom0021"
IKSWDERTLZFJYNFOLEZT;"prenom0701"
VGWLQZEHJMCGMRHDFQQV;"prenom0145"
GTDUULLAMOXEVZMQXLNT;"prenom0167"
FIPFLNJTQNRUJDFIWKZM;"prenom0147"
YCMTWXKUMXLTNVRVXVFF;"prenom0167"
YQWFFATYYFEWCMFDTJVE;"prenom0440"
GVQDBPCYNBHZTVBHIGUK;"prenom0398"
FCONNSDBELMOMQXXVFSM;"prenom0311"
OYZQBFBMBLXCMJNVIEHK;"prenom0755"
WCZFCXKGEXVDXTCQIKEE;"prenom0232"
TKMFJQKYZHXCPHENECZN;"prenom0440"
ZTQLAPZHWUPZMYPNQMRF;"prenom0593"
EORIXJQETWYBORMJIUZO;"prenom0409"
BXNYGYTTTGXPGZWVIKIG;"prenom0469"
URUXGWBGZBWZRNABGXJY;"prenom0802"
YRYDCXCLZXRLRDKXFKUN;"prenom0712"
EBESKBUCQXFDXMKVDMSD;"prenom0832"
IEAXDWSTYGBPPXJUUBTG;"prenom0709"
VHTGMJIWFDJJUMTAVRXL;"prenom0232"
PAHSWUUXLXCKJMRLOSKP;"prenom0402"
GFYGGCKYEMNGDBUDIMIJ;"prenom0145"
QIBSLPOIFLHEHFZFMFNJ;"prenom0147"
PEVDUHGPFOUPYNFAQJVP;"prenom0398"
COIASOZKAEQUSWDQUMCI;"prenom0311"
UAUALFIGVZMFDRTAFNRC;"prenom0235"
YOKIKNBTHIYUBYRVYARD;"prenom0348"
ZNYVVDNVANYSJAXLQJHW;"prenom0147"
XUJMETTVBANDXEKRCSTU;"prenom0406"
KEPXUBDBPKJGCJAYITTW;"prenom0522"
HROTHBQENNHBUPZUJSEU;"prenom0087"
UUILXZEIVQOXYOGVOBJS;"prenom0628"
DFNMODFUMFWVDEBFDUFZ;"prenom0145"
HSZPBOLTRTTQCSJAILFU;"prenom0709"
YLPTPBUNIYLHHBJMNUNC;"prenom0690"
VOANAKVXFBVLWBNVGGTE;"prenom0147"
AQJLQRZDJHOWEDCANLTI;"prenom0145"
WVEYTZHIEZWAMJUUABEX;"prenom0704"
NDLHUZMNABEOZMRYYVHP;"prenom0311"
PLXRUXNJNMLWZLSNJJNO;"prenom0232"
KDMWUROTZXXZMSVZNIHP;"prenom0145"
OOMZXJLXMFGNBHQTJZGR;"prenom0628"
CQAQSPJJXLNIONCBRRDC;"prenom0779"
RMFKMTFQNVVPDUPQQBXD;"prenom0804"
JHFETXAJLOOAWEBYEEDD;"prenom0087"
VUBLDQIMWRAPBMUBSRDO;"prenom0712"
OWSEBXTEKDQYRJRLGWOC;"prenom0087"
HPMQYLYUCLROAGWKYNGP;"prenom0147"
AMCHQCQHWOLZMJAMFSCL;"prenom0690"
QIGQBGPVMMVUACRYAFNT;"prenom0056"
IARNWTUMNRSFFQFDAPJU;"prenom0712"
EHPQNBARHHDVPXUVUHRX;"prenom0232"
OPGYFICQNKXVKYWGDSVP;"prenom0232"
PPIAHIGMORVZJNNNRPZM;"prenom0311"
MZMQYUGFBGCCQNKNINZP;"prenom0808"
YXWDWMLRGVBMFYANAJJF;"prenom0167"
KFRAUASENAELFSTFSTSO;"prenom0182"
SVEXJTGEUXEKRAUTQVDR;"prenom0328"
SXNEZBWYPITDGKFXSHZR;"prenom0755"
BFSIEMXGLJJKHDIPQKTZ;"prenom0311"
AGXXOXYBZWEODXRLMMKZ;"prenom0701"
KMCWAEECKKGNZDCZRKET;"prenom0333"
DMURMZARDLOUQPDKXKTK;"prenom0232"
TMFSEVYLWFNGMPAUSNEI;"prenom0219"
CHDETJUQVWNPYMJRTTOI;"prenom0779"
OIOGGTTQFBORRCECHECI;"prenom0311"
PQZCVPZXZHDHMGZMPBUQ;"prenom0712"
WPWILWPGPIWAOCPRHYQP;"prenom0452"
YRWYRNZFSGVWZXBKTKCN;"prenom0304"
UPSVIFAAYJCCWXCMATVX;"prenom0034"
ENQDJRCURXAAYNRYWFWQ;"prenom0712"
UKGASJHPTAFEQFZYANHL;"prenom0409"
LJOGDEHQDASULMWGJXXS;"prenom0232"
XLTEMQGQWYWWNQYKRFRC;"prenom0325"
KIBHVOISJCVUKQVHYZET;"prenom0452"
VROSNKUIVVJAXXDHWYYH;"prenom0232"
CAQLMMSGTNOTOFGWGCVX;"prenom0145"
CUOOEUUSZLGCKAGSFAXX;"prenom0311"
FKVTHVNLZQCLOOMQHEEA;"prenom0469"
KGKVFHVHFIWNRSQDLMVA;"prenom0731"
AJENFBXQZDJHJPJTWIWV;"prenom0709"
PHIBEFKVQKXRKVCGDGMI;"prenom0232"
YFNAOGXRWMFDMNPUAXVV;"prenom0333"
JGMUFFWVEUYEEUUZIHQW;"prenom0469"
IUGPNUGUFSBFBQAETYEU;"prenom0145"
HSEXUZLKRTXWEXFWEMLY;"prenom0167"
JSMILPBRSWUGLNUWSGJI;"prenom0690"
RYCGCLXBQBKFOPKRGHOT;"prenom0530"
ZTZNRFPDROZFGMRJTZFR;"prenom0074"
DRVAPIJKITZFGWAGQTVZ;"prenom0409"
VAJJOJGNUQFRAGDXSIKS;"prenom0311"
LHEXMZHJZIGXTJLPLEHH;"prenom0546"
TIRTAGKAYKHZLRRTVUZB;"prenom0311"
QGDXKEBYTEHHEVPSODDX;"prenom0469"
BDKIPRHVWAOGGHVGEQDY;"prenom0306"
JXCKWAVVIFRMLTFGOWQL;"prenom0144"
NVKRATQMSAVDTPHSHMJT;"prenom0820"
BHSAKWGFMOCWWKNZRNOP;"prenom0264"
AZSLPAIGSHPDNYGBFIIR;"prenom0448"
UKTLROHAEQLJVXARBWXX;"prenom0470"
TBJBUXPCYUQSITHHQHRH;"prenom0316"
JJSZUGOATPRMQTOHNBAJ;"prenom0448"
ZAGWFIUAWFGQIXLWGGFI;"prenom0148"
WBDBLOQUEXAMEGLUPXKN;"prenom0347"
VEPNXKQSKOVLTDXZEJWM;"prenom0470"
LBXDZFPQNAUXBTBDYMLG;"prenom0013"
RTOIDLLWPLYXFLDFFLTL;"prenom0092"
DTJYYZANGQNCZUHOKIOH;"prenom0485"
NSNEVXYTFCAECLAMGJJC;"prenom0092"
FCZDZGAETWDEOYNYYQYU;"prenom0439"
AIPOFTQNOCJSALPFMTMF;"prenom0186"
OSMGHSBZWCXIXZBHYEAB;"prenom0099"
MKBQOSFMUMRZOUUMHHPE;"prenom0132"
RSXNGAUUFFIXJIRORSWE;"prenom0269"
URPTWSLWRSHNLAIVLSVR;"prenom0845"
GEIFBWADIFRMTWLZLNYM;"prenom0506"
KBLYZPXVJRHAHUEDLIMX;"prenom0329"
THIUXQOILWJPRVXFOTGE;"prenom0035"
OVLSMQRQWXSMTDJIPBTX;"prenom0208"
SGQWYUQDOQMLWEXUHQBC;"prenom0048"
HHZXRCFPBEHVRMNMGVIO;"prenom0178"
CLUQGCZOIPNQXPQRLIGO;"prenom0470"
RZBGIVEWMOYWNKVLJRLA;"prenom0470"
GKZNRXYSOZFXBRKESDSR;"prenom0191"
PNDUMLUSKZCSXCSAIYIJ;"prenom0132"
NGVTYAOAXTQCFNRYTYVG;"prenom0098"
FZUDPDGAIWWTMZZWGBVT;"prenom0839"
YXUJGIFXOCWYBBXQKEHE;"prenom0747"
PWGZOYKBIHAEGNIKGKCS;"prenom0189"
VRQUHPEPMJRAGRKDHEFS;"prenom0493"
EQZCRCOEZAVNOQWKQZDR;"prenom0132"
MHVGXZMKELYUUSCCUTAN;"prenom0066"
DCUGOQKYYVZQMTDNHOKK;"prenom0121"
ECNTKGJIDGJPCTGLOIYV;"prenom0470"
PXAPXFNATKREWDVNKZGL;"prenom0186"
LUZZZPFULLDRMUSHCPRN;"prenom0186"
RFCHEZGXWZGNTTBHBLZF;"prenom0186"
HDDIZWHIGXNCNBFZYXTS;"prenom0525"
CJAJMRBJYEXSNOPIEFEX;"prenom0186"
LHOKYUICLVFHWXUIKHBF;"prenom0664"
YGPUXMCUUFYZJJGGVSFB;"prenom0717"
GGSQDQEUKSNVPDMOPBKA;"prenom0362"
EMURRKHOITHNDCLOZNLY;"prenom0071"
NYMZAYVMROPNZBQKIZYI;"prenom0184"
NHNJQFGNUBIFPZKLMOOP;"prenom0531"
CNSQULNPVHNRKHUKWSOB;"prenom0351"
MSPRZEMHGUNBUKKAAQOM;"prenom0186"
VTQHSKRNBGKPPUWPSRMZ;"prenom0160"
VSECABIUMGWNFSHZJFRD;"prenom0217"
FWNMUZQPRBDVVPUKKNMG;"prenom0148"
LDOJOSXVFGNMNQPRQLMY;"prenom0351"
KTIHKZUEPHFSNYDKLFYZ;"prenom0186"
GDYLCIDVVEFLYALAWKET;"prenom0489"
QYITAXWCKKGRTUJGJSAR;"prenom0053"
PAEWJSWLPIOIKXKGDEBD;"prenom0351"
CMNGLUYAYFHLOJCTILAE;"prenom0186"
RGYQIDRYLMIQQSPGHHVG;"prenom0470"
RRUIVQLWYDSTOCAABWDJ;"prenom0470"
GMYQMELDAZSRPFNTBPCS;"prenom0132"
FGTEQHHIZLSLCDRJRABJ;"prenom0092"
QJKJCVDKJYWOTSBMWNWO;"prenom0099"
MNYGPUXLBJVBDGLIAITX;"prenom0329"
AKDNPUKWIHTNCUTMVNXL;"prenom0177"
BFSKOIVNTDJNNBYXSUOT;"prenom0092"
OFWFYAEDBJWHDFSPIZCQ;"prenom0186"
PXSSFWNRIUKDHHJAPRGS;"prenom0487"
DJEUKYSAUWDYZPXXAMRU;"prenom0563"
NKKEVRWVAOVRGVSHRMXQ;"prenom0148"
OUARDDAICDHZZAFUBTQL;"prenom0819"
UJMRMNZEYEUYUKSGMLHO;"prenom0470"
LNGMCQKRDOERDRLZRERN;"prenom0192"
GILXAQSQTGMIUCCUIVZU;"prenom0095"
ZWNFKSZJXEWNGJFLYTYJ;"prenom0448"
QTOSOTVZOSNOUGUYJLYW;"prenom0244"
MIWZZKUSKBFZRDLLIXVT;"prenom0403"
XSGXVMUSBVNOLJKOBFDS;"prenom0462"
NQOWGJQTWUNLWWIIKQKV;"prenom0470"
SHLCHXWHLZCRSTWEDULX;"prenom0366"
TLFBNLGNULKEEPGYTAJO;"prenom0462"
BZXBUNGJVAHKCGSEYAIF;"prenom0186"
XLAOBSOUOYBFGDJCYMUF;"prenom0197"
JZEXXVONDSZHGFJUKUZY;"prenom0099"
KBEBCMHAHTVRNGEGAPIS;"prenom0244"
ACWJDYDXRNPXEPTHQIKR;"prenom0102"
OFUUQPVXSNGGWEQFRZFF;"prenom0092"
QARQBAVJYUNTCLOPPJBW;"prenom0092"
EOWMEQPWWOPNYJYIROOO;"prenom0649"
HBJKGDRLZODGBEFMTHBW;"prenom0531"
LXUGCPWPRQHPYJHBQDIV;"prenom0197"
PDRIFPXSMZXZWJSHVTCB;"prenom0048"
UUADHJANPSNCFCFNRSFO;"prenom0702"
TUZESPYXLXYKIRIDHXRP;"prenom0373"
EUISABONVSDPJOQGGOIT;"prenom0071"
DFEXNYFUIEVGYHVKMTYX;"prenom0278"
PMVOUBLUEDCGMWUJRETG;"prenom0092"
PAHBNTAXJFYKTEDFWCNJ;"prenom0462"
NQLEXHAWOAOTKEQSPIPC;"prenom0646"
ZGFKXEGYYOGFRPMCOSON;"prenom0611"
CEKASOJLESIBWKKHTCYT;"prenom0186"
YOHLQZYBBKNYIYQSYVZT;"prenom0008"
YXOKWWVGUSCSLUFYASFM;"prenom0448"
ZEHBOWGLTNVTUIVUIVHK;"prenom0752"
WJVONEAGMCNRUXBNYOKG;"prenom0462"
AEZNEXPTMEELLJWRGQMT;"prenom0463"
SRKHEEQZOWNHLJLGPTSR;"prenom0470"
ASUCXEVUUDCLDDRYEWQR;"prenom0467"
EUXTIHIEAJJRPTKNWMLF;"prenom0132"
EQGADNGIKUKUJEWICVPD;"prenom0186"
RXPHDGKGVWDAARTDSQJW;"prenom0752"
NGYVSXZDXSEGHYHJKKHA;"prenom0399"
YZBIVYHLROJCWLCNJNBC;"prenom0448"
RNRSSFVMJJFPPOYAAYOW;"prenom0573"
CEYJSPUXYRABPEAEBNCC;"prenom0462"
APCTCFXLPZCDHENVDBXW;"prenom0347"
LAFFXBJMYEGMSVLQSIID;"prenom0747"
PUCZIWUNUDEQFGRPVEOJ;"prenom0320"
PADESQOXVDTEBFYVACOX;"prenom0066"
RPGPVFJNBFVFBJUVZNUU;"prenom0839"
UOHGTXJWHDBHNWBCWDLM;"prenom0646"
WQRZCEDWDFDUHUTTWFHX;"prenom0148"
AWMJGPHRCZODWBLFNUSC;"prenom0326"
GRZLXIUSXVLXFCQJWBNF;"prenom0186"
EIFVKWUTPJNRNKHBKKKD;"prenom0066"
BYRKHLJAUDUZNLPVVIAU;"prenom0462"
KLGVCRVTERMWFLXMCNXM;"prenom0116"
VXLLOSLXWEESHJEZIFLD;"prenom0448"
GWBFDJAIIDMPJGXUFHGW;"prenom0092"
CRTBEPJIRFIPGRTPNIYR;"prenom0148"
XOSPXVYGWUGORLFRNDSU;"prenom0470"
QFVJXLMQYHEQOQYUNGLT;"prenom0531"
UWGBMSAJYRCGLAPPXLRC;"prenom0837"
UNFHUSYIMDEBGCVCBCYI;"prenom0296"
MVWFOANJWNAADQLEJRNT;"prenom0031"
VOTCOZRHKFIHUPIWVQDC;"prenom0366"
YLNXMJOUUDXWCYFZJGYW;"prenom0373"
QNXESZRUWEUIXUWKMIGT;"prenom0071"
KDQENOAIZCGVEYZUATVN;"prenom0448"
EOBEMYQTPZPWIODWXKZX;"prenom0032"
FAUFHWYCXNOZFXYNFEXS;"prenom0186"
VNDCHYVVCBEHQQPILCKA;"prenom0186"
XSDYROSXZQPLHQQMHRDI;"prenom0231"
EFGZCMFCBXYILHNNYTJZ;"prenom0726"
KOZSEWMCKNHCJZCUXIXH;"prenom0531"
HVQDUPYKVGUNSOFZUMFT;"prenom0470"
ZUVSXSCLLBKXMPOCHGKI;"prenom0366"
FCJXEAONBWANXVCHGCYR;"prenom0364"
OEXMSMZDTPYQJHYKWIAX;"prenom0117"
BUCAJIUXXJZABDTTKLZB;"prenom0486"
DJKBSESWABLCFQTRAHQH;"prenom0506"
OEYAJLQWJPMBFJKDLRUV;"prenom0265"
WDNBFDBUUCDEPQOKNCQN;"prenom0351"
MPBWUISFKHXZCDAZOVIL;"prenom0186"
VEHBRNKYJGONIMMGASIG;"prenom0092"
AUETUFMOAWLFQESEPFKK;"prenom0470"
PFWAVKRRDRLAGBHOJFBH;"prenom0584"
GGSPELBFSJIRFXQGNFNN;"prenom0186"
GQZZJDGNSCLMJLLSRKSZ;"prenom0457"
TDLBMYQGUPUHGAAVTVXQ;"prenom0168"
ELFUYKUNEUJLDTISYNWO;"prenom0743"
NUZHLRGEQITZSSAPVSTJ;"prenom0088"
MXTLRVEBTGKEDCWYDPRR;"prenom0138"
FUAUDVSYHWXSBBOXGFNI;"prenom0292"
HNOWOKURRAHFATIVZODQ;"prenom0663"
PVAISJMOPMFVZVDPKJSD;"prenom0568"
XJMZXFBEGEVQAQGVOIDL;"prenom0373"
SSEEHPHRWBTFYHUSMMOA;"prenom0542"
GCUDTURKMEDCNXEZRWFL;"prenom0071"
GQMRKIORIRONJCJKZIGA;"prenom0488"
LGGRVKBJUFQTBPUAPHAX;"prenom0462"
OJAISTMWSYNNRVOFVXMA;"prenom0186"
YNAQGGTVDGMMHNASGDVZ;"prenom0747"
ZDLHTYZUVQVOFPQOEFZO;"prenom0684"
QETVYVGFKKGJWVSGSIKI;"prenom0018"
RONXRGAPEURISSFPTWUB;"prenom0470"
MLXGIECRTUJWJGIDLLHB;"prenom0186"
JURQAROLGYQZSXARHBBY;"prenom0111"
MPGSYMMHMDWLSTJTABRX;"prenom0464"
SEPFIIHKHOERCDAOQUMY;"prenom0072"
GOBNWLUJCACDYSQABXPT;"prenom0186"
ZBVJBLGPZLDIBKXIOZHE;"prenom0099"
GGTQFNVEUAJKOYUOKACU;"prenom0138"
VEVBGITVNLJELZCEOJPP;"prenom0618"
GKDFEWRBBMVAAAHJOPMW;"prenom0186"
ZWRTDPUCLOKPYLTIIDKF;"prenom0373"
NUQAQFOZMWUEPTLYEIYQ;"prenom0760"
GOIKLIBPEKBZDJDGZFFP;"prenom0186"
OOPPVFKYZPXAQDLTTHEP;"prenom0470"
PZFWRTXLBEWXKLQDKBOY;"prenom0470"
VPKSTCJUGOFGTHOAVGUO;"prenom0470"
ZJVWNNWDEEGGURVYGQMM;"prenom0217"
LPPIKNBDJTBVTBWKDYTL;"prenom0531"
GUFYZYJBHTALWXDVWYVZ;"prenom0186"
BSLDPAGECQCQHXDJWXDW;"prenom0499"
UHLKSQNVMWTLHVICZWYK;"prenom0166"
PNTPBLJSMJLDOLJZGVSD;"prenom0029"
PKNCROABKFJXCXLFFRGJ;"prenom0099"
UZQJUOREKECGHQAQVPVB;"prenom0148"
FFRNKMJXKHCSABYYEWBT;"prenom0373"
PPSYGVBKTPDOFHMGAZOR;"prenom0446"
ERWGENMRPZBCPEIXLSBY;"prenom0470"
UGOIKVVNOYMUAYEVAXPW;"prenom0283"
KXZULQRYSQCAMMPIWCEE;"prenom0486"
GUIXPBMEIZFIRLATPPDB;"prenom0298"
VMPENUVLPUYFZXIKTOEK;"prenom0765"
PKYHBJDXNXAHVDHFQECU;"prenom0795"
LCADXWQUKMVOUSBZNFCO;"prenom0646"
OAYJQBCMMSUMVLJRDKSK;"prenom0646"
BIQLSKDUEOGIZIABTDAJ;"prenom0531"
CHNQRUSNZVGJQOZYEHKA;"prenom0631"
ZKEEQAQXFSMKOGMGWGDY;"prenom0631"
GPKJTAOFXBVXZYFOKZCO;"prenom0305"
FACBXASOCESHVOHPDZRN;"prenom0362"
FAIXSWKQKKASMQFZNAYP;"prenom0470"
TSAJZFIRNGVFGXJZVQJA;"prenom0186"
YIFCBEWHQBZTZTCNGAIP;"prenom0186"
FIXMEKWSYTNROWQEPCHL;"prenom0373"
JKEZKBICMMKKTGKRFQTR;"prenom0018"
XZCDFXVZAKOHXVONQFVY;"prenom0470"
DDADJJNFFAHQMKPIJIFB;"prenom0329"
WOOKBJEPGMJXVEXONXPF;"prenom0721"
SBVRYKCPOCNZZNIIZJZH;"prenom0092"
NBFWJZMZZLKWZTOZDQXB;"prenom0506"
WGQUQXRSAOKVZLHPDMLV;"prenom0366"
LRVRIPUSYFUKGBNFQUMO;"prenom0567"
HUMHGKVPYVCVKAQLIDZV;"prenom0226"
LKFBEOKXXXXUDBDRWKCE;"prenom0462"
LXULOIIRSACYVZCKOMVT;"prenom0747"
IYXVEOOOZQXOYUFPAKVY;"prenom0269"
DGRYABITCRVLVWSETMBE;"prenom0550"
KLQPAPEVPQONGSDBVRBO;"prenom0269"
EQOJMBHOQSZIGPKQSDOH;"prenom0448"
TTUELELFBTLFVFSRQGXL;"prenom0013"
ACHCCQGQHBLGTRSTXGWT;"prenom0811"
NNEEHWYUHBVKKZRNOKBS;"prenom0470"
PMWRYFXXNWFVQFDUMMNK;"prenom0550"
SLYIZEEPDAMQWOREARKO;"prenom0148"
WPCTMERZUXYDJRGYIIGB;"prenom0625"
OGTJAUKIINYVXXHHXUQZ;"prenom0080"
CSWHZPKOWURFWQROBMNK;"prenom0532"
JGRKGLGDCXPZWAGZVGON;"prenom0747"
VYWMLHJKFYTTVDHRHTHH;"prenom0747"
ARFSEWAOTVVXKPVVVWXF;"prenom0189"
LXPYSFVNOEZBNPFWKNEI;"prenom0013"
BWHEQCPPKKMCMAVUORWG;"prenom0563"
OXLPRCOKROQOJLBYIGCA;"prenom0414"
TKCEATVSPCWDASQROJLX;"prenom0186"
SYJLAQJCAWEZJUKEQKPX;"prenom0018"
KTGJWAVMKUFAEYOPZCDY;"prenom0450"
GVHDXVJKOBHACFKPUKWU;"prenom0726"
ZSLQIYAYRWEPSNJJYCTS;"prenom0531"
SDECYEMIBTTJEABRTNXH;"prenom0099"
QUFIXALLYMDXFLZSWEAH;"prenom0448"
CMPKWPMJJRHHXLYNEUIW;"prenom0184"
YOOBLURQAMPCQUFZGNWT;"prenom0115"
FHFEXBLSZJQENPSHEUHR;"prenom0462"
TLHKPONXAXPMEWLFQKSE;"prenom0289"
VMNONPTHTAEUVBITVXQP;"prenom0186"
TFUJBSVXGFASMQJFXBPC;"prenom0531"
JCNAJKOHQIIDRUVUHNHY;"prenom0186"
EFJYUBDYGKHMTDUMYSUD;"prenom0217"
CNFZEJTCRYOZLQVZPOVG;"prenom0186"
ORIUNTJWAURXCKUONEAE;"prenom0186"
XLULNXTHTNTCYCWFYVKW;"prenom0197"
SYLOUNBNDBUYHBMOLJCJ;"prenom0470"
UDADIRWFRJCINLUMBTZQ;"prenom0329"
MGHQUKWOOLQGSCRDRTLM;"prenom0186"
BIFDCYVIMIFRYEZOMBYN;"prenom0132"
GYWXMXAMDEPFTFLCXPST;"prenom0683"
DAELJEWYRBKUQVZJSYUE;"prenom0554"
TKPWPWHJURUWEDOFKXPN;"prenom0318"
EVISTAZOJARGIYMOWZSW;"prenom0186"
HFBSYQSXKOQQKYVYUHJB;"prenom0186"
USUTWPIZSCLTDYPMWJEC;"prenom0197"
BLWTVBWCEDUQHAGTPXFM;"prenom0071"
NPUGKLDCXVEPMJNASBYN;"prenom0646"
THUXGKEOCBRBHVLPQIDN;"prenom0186"
RZLOOETWBODODVUZOPEE;"prenom0468"
HRIXOCKXTLMJXEJICEVQ;"prenom0186"
BUMDHFWSEJGMXITAOQDU;"prenom0470"
TPKCIWCHYZDZGJHSXZSM;"prenom0622"
TSIATOFSOYBXYHJCFLSD;"prenom0121"
CQTLWJIRLLNFUOVOPZLL;"prenom0178"
SNOFQMZDHTESKQPSLYBG;"prenom0186"
LQNCKJTBDEPWESFKVJJV;"prenom0394"
ROFIIUIBMBOUZZISRDBQ;"prenom0132"
BTFTKFFOQKYGZMXOZPFJ;"prenom0448"
OBQHRUOAINWWTNUFDSUC;"prenom0760"
NZCQWHMSXCQTUVWHMEIO;"prenom0186"
IUDEXCZCYMSNQUHQZFLH;"prenom0080"
IHISGQLYKQHUBHMNZLPH;"prenom0171"
HEMNADIXKYXIODNXQURJ;"prenom0073"
JBSQIRVPUUSRAEJLWQOM;"prenom0186"
HOWSSHCFBELRSBONPPDV;"prenom0092"
BJQFNODIHSEKJFDJMAKW;"prenom0349"
PKZUNWAZLIQLXZYMNCZP;"prenom0412"
NNFRBZSJYNZBJNDZLKWV;"prenom0272"
CFESQMTLEFGWWVBIAWSV;"prenom0470"
YOIJTZXGFHEMGKSQKRRU;"prenom0470"
QQEUYKPCBCNXASYCEBRI;"prenom0329"
CJRDIYDABQFIAWUKSPPU;"prenom0132"
MBVHXYBFIZWSYGBXQWTF;"prenom0412"
NCSEFSTQUMMFFMPQACLX;"prenom0462"
LWAJZVHJSIRVZBOLGWUD;"prenom0752"
LNCOHCYCGTRAKXFRYSNG;"prenom0470"
QKKHHNXIOPMTNWFTTPEA;"prenom0632"
RPJDAYLGHNSEPVANWKOQ;"prenom0754"
PWBALTIHMSCUXCZHGMHG;"prenom0153"
XWPCHSXPBYQAAHYXPTGI;"prenom0460"
DEIWJRFJEEQUFZTZQGFC;"prenom0646"
SKWZSLAWEYGOMOFKUHJC;"prenom0244"
TTSPIVLNPZFYBQKYWQJB;"prenom0470"
WJLCTZJYPLMBIDNFRCZY;"prenom0563"
NXDIDCJZZMKDGQZAHKII;"prenom0448"
MUPTTMHNMPZKKSIYBBQF;"prenom0447"
AFLECCMNRLKPUCIZIRBZ;"prenom0197"
LGAQALDAQXMXCSYOZSRW;"prenom0346"
FBNTGBKDAAOGOTLTLQXQ;"prenom0747"
EPHBNPEUWTHQMEALIBCV;"prenom0244"
CGOEVWPAZOHVHLCPGBZY;"prenom0644"
URNBYJDSGMQPLVIDBOIQ;"prenom0785"
SBGCZLIOUWYIFMBXQPRA;"prenom0721"
HAGUIVWHBTWDMTTNXXAO;"prenom0526"
NEZBIGMPPCESQWUWZIXG;"prenom0794"
ENSKUXZJJDKRPYJIXVUN;"prenom0327"
ZTBSGVTHMNXURFXCDWOL;"prenom0651"
ZHVLSZRTMKMNVBSXJYTF;"prenom0366"
IYYZNCTNRVBRJLCJFUHU;"prenom0269"
TAJQCGWPMZVQUVMVXBRK;"prenom0775"
BLSUEJMSFFRUGIHTFTXO;"prenom0075"
BXCYXDMMQOLHDUQSKQDG;"prenom0155"
AVCCICJHCSOPHUNUYMIP;"prenom0604"
BQBGBTASGDPKKPSWCNKL;"prenom0422"
AQDHIOJVHYEWMHUYNZLG;"prenom0179"
AHVEIDREAQIAHMTWBPUK;"prenom0166"
YTJDESPOLOXYPYTXIXTJ;"prenom0092"
VIEKPLTHYWPHYHJIVLWO;"prenom0322"
UYUCXVOXASUZLKCGBEGA;"prenom0761"
NWZQXUIGXALWRLSAWJHZ;"prenom0513"
DLYDBLLSWLZZVSHOGAXI;"prenom0200"
VJIDJSYSLJAWIZTQNPIZ;"prenom0278"
TGJUCKGLTKMUOCFERSKT;"prenom0127"
MGJHUMWJZQDVDYJFYFPY;"prenom0230"
BOHGGOHOQTYLCSEAOSSU;"prenom0156"
ERSIKCCDMLMGDHPIDJGG;"prenom0719"
QOQBFWUHIJQZMMOSCATM;"prenom0824"
OJUWIXZVCDMLJMMYLHCZ;"prenom0183"
BUWVQFZEMTVGDLQINMGH;"prenom0127"
NCQIJUXYARCBCANRQGBG;"prenom0004"
DHDEGEIXLXIZWFTJSEAR;"prenom0761"
SIASTBDJAYRLKHKTZRCX;"prenom0288"
MYDBLLERQYSKBRYTMSTC;"prenom0529"
XCVITCXNHIBUBWSJRMQT;"prenom0282"
SDDKYGPLDLIVNOMKSSRY;"prenom0236"
DFCVBAMMZCJPVWWGENNG;"prenom0127"
AFUQMJWOPSPZIBUPVGZQ;"prenom0761"
WPYUVQISLNQNGWRSUZCA;"prenom0092"
ITHCWXSSRQWIZHIXANBZ;"prenom0671"
FLLIOUEXZUPIODLVCSYE;"prenom0671"
HXJVTTQQOYHMQUFVVAUQ;"prenom0767"
PRKRMFFRXEDXQGOIGZZH;"prenom0847"
IHVHMAONWOMQCZNATLFG;"prenom0092"
UGYNTZRAMAWLNCGZXXDG;"prenom0384"
FPOEGLEBZSLRCJHJAOMT;"prenom0815"
CUNACCFEMYTOSXJSNKGE;"prenom0127"
PBHUOEVXGTJLYIOIJYBV;"prenom0183"
MLMCSZLYGWRRIRAYIMMN;"prenom0063"
YTGWTGVAJEXCFGFNHPTX;"prenom0203"
MHSNLHEPHAGZLSZSZYPN;"prenom0556"
CLADVCANEWBRRZXVCGQI;"prenom0139"
JGVAIBYMHSHBNQCLFDNB;"prenom0761"
VSUTPXSKUTJPRREFLJIL;"prenom0545"
EGKSDXOBWEXKHCVCEHXV;"prenom0761"
KVUWWRZRWJJWOGKCYDYR;"prenom0350"
IACYTSGVYOSQGDUXVYXF;"prenom0127"
JQYTSBHZUIGFUESSIRJB;"prenom0815"
ODXGSJSTYVKSJDYBMSXV;"prenom0435"
RLQRVRGKGKTHDNQENKBS;"prenom0183"
ELZISQQBHLSBTFBQWUXT;"prenom0500"
GSGCYEMFEXYXTXZZRILD;"prenom0078"
CEKLMTVTAMYFSPPQWVHF;"prenom0127"
UTJJUEXNSRMFIXBWZDIR;"prenom0089"
YKMRHTGGPNSGPMJMLMAM;"prenom0520"
ROJZLUTEBKJIWUZWGKWJ;"prenom0675"
MUAARKGBRCWIPHJKHUWA;"prenom0271"
VQDMXMHCGBPNNQVDCSQS;"prenom0824"
OUFPJTQBWQNUNIYHCMNQ;"prenom0137"
AXTANITZDAPAOLBSGVAC;"prenom0092"
ONZVGCGJYZHYKPKUZWGD;"prenom0092"
ORCVYGSLEDSPEVIGFAQP;"prenom0092"
CNMLPPXLFSGLQTMAWSHN;"prenom0092"
GRUUHVLRATHAJCTRHMCA;"prenom0371"
OLHKIWBPGGRLKERSLSTM;"prenom0555"
XEBATCZBIKHBJSSMVIFA;"prenom0340"
VQFBIXXMOBCFCUDXWZTO;"prenom0815"
ZNLNJOCOFFXPLXFXONKG;"prenom0092"
UZUZXYEEYRTJFSGLNAUA;"prenom0520"
CRWZNQTFKLPUFTWUTLAF;"prenom0092"
MHVZMZRDHQCRPXRZMGGP;"prenom0736"
UNRCVUFWTYQLYKWARSBV;"prenom0239"
EOEMLUUNGTVNENUTZKAQ;"prenom0812"
DFWSSNYTCWEALAYGGVAQ;"prenom0127"
NDJXGHVOHDIWTOZCOGBR;"prenom0594"
DAAOZACAMQYGNJUKOUEX;"prenom0544"
SWUBFGFHRTIFLNEQDHSQ;"prenom0671"
UEAPLNUWRKEXEUIEQRME;"prenom0033"
HPVXJHVOTBWFQQUDAZJF;"prenom0435"
RTAUXQSKEECFSXSRFYPI;"prenom0092"
NXBRQLKYYYJANARKUNVE;"prenom0127"
KMSKKHHGAWZHGBLTNXCO;"prenom0435"
WUCZKDUTQNMCTIIORNJR;"prenom0112"
WNIIOJOOTXFQBHIBFQBN;"prenom0139"
UWHZBVKKORMSUEVRLFBY;"prenom0671"
SRONSJYGBWUZPQCEENAZ;"prenom0092"
FDHHPWUGCSKAKCFXQUTM;"prenom0498"
NTRDKVSSRHNTIVHOAJWL;"prenom0500"
WUQCBSDYLYXOGMAVKZLL;"prenom0661"
MVQXUWJICDHJEOEFEOXX;"prenom0375"
KOVVVNNCFSVWCOBXRCIZ;"prenom0418"
WLGRGCJZJOERCJIVUEVN;"prenom0656"
XQQXTMUFJDXVOGSDTUNC;"prenom0064"
VKQVNSDNYRTNCLMYGSYC;"prenom0282"
VTMEMOZALLVHIWUGUIGH;"prenom0520"
QJMMEPEAOLVPNQGIGYVM;"prenom0587"
UKAAFAAHEOMLQRRKFECZ;"prenom0520"
NEFCBEHNDOHJCAIONCUZ;"prenom0127"
BAHBPFAMAJKKYGQSTOMJ;"prenom0481"
ELOMGTSMKPBKVSJIVGVO;"prenom0092"
FLMKCJKMGHRGRCBWSIDK;"prenom0829"
DISJLIBGKBKTMDMNXIJD;"prenom0230"
URABIZNWCTJPUUUAVDAL;"prenom0340"
EDUBWMXOFREUTIQSAFCB;"prenom0423"
ONXDAKNRTKEJTGDSDCHK;"prenom0127"
FGJRJTVVJRTRFENUIGQB;"prenom0343"
YSRZRLIPLSWPJPMOSZKX;"prenom0574"
ALAQQKAJMLCCEWRKKJIJ;"prenom0033"
FYFNOKQJMGIBEVHKWZBB;"prenom0706"
JRJJWDJUSDWPYAXIYSBV;"prenom0092"
HSELJCSXFOJVQOEJBCCQ;"prenom0435"
OTRVRASVTTEZSUZZLYGZ;"prenom0761"
SZZCRAHCRLLFIAROWKBW;"prenom0092"
GZAUCOQWFQZMMZWAFZVJ;"prenom0435"
QZKZNICCGOECUSGWRBGT;"prenom0757"
HHGGBJKCNSSIESDCMNVZ;"prenom0761"
OSPSXKNYIKYYZWUUPKQU;"prenom0127"
IJHTVUDIXARPPIBYIROL;"prenom0829"
RGWPZUWDSZFYNYALRKWR;"prenom0793"
RKMBGAOPSMHDTIIZDYZM;"prenom0391"
TMFPTDJKOPTVJKSPEVEX;"prenom0079"
JMFJTATICRPOLOMNNTJI;"prenom0288"
OFITWMGIUMQJXYYEEPTI;"prenom0466"
PSNSXOBXBGUTTZZWWCEA;"prenom0768"
DCYCGDGTFEOQCPKFUJLM;"prenom0761"
RDGPIGJXYROSESBYLNKH;"prenom0063"
EEFPFWTDNJBEJZSISITO;"prenom0494"
ZMGCDLRMIHDDGLCEVUTY;"prenom0092"
INJJHVEZRHQLNQYRJAUF;"prenom0500"
XYKKQFGIWMKYFUZZUKSJ;"prenom0092"
VCVMIPUTIODYZPIYROLY;"prenom0092"
ZHZARHZGPGULMDUTXYSY;"prenom0587"
HBSHNEWPLBXSGRBSMHVA;"prenom0317"
TGCGESVYXKNZZOSGQNYO;"prenom0671"
BKQAAJKECQHWWIBSDNZO;"prenom0092"
JYWGBXGQTAKBWUHRBISJ;"prenom0092"
WLUKGCLGEAWMLMZCZWAH;"prenom0127"
ZHYJFHOCJNDMOHWQAAEZ;"prenom0104"
LFTMTNQDLIVABWYSRQYQ;"prenom0500"
NCLFNLCNKJCHANTBINZW;"prenom0498"
PQNJRAPXWUXDPKCFLJUM;"prenom0716"
UYAHVIHVPCOUIGWYTYEU;"prenom0824"
VHYFACTJRVXNDUXRHXGF;"prenom0340"
YAODBFWVRXVEJUQYQFSW;"prenom0127"
PPDMDERAFBPQVKMCWXRY;"prenom0815"
JQDEDLUSZJXXGMDJBCKG;"prenom0694"
EXMEHYANGNGMTKSKLCCZ;"prenom0419"
IHCLXKETQZUEKLODGBEC;"prenom0092"
EWTUANDZMBCSORFPEQED;"prenom0183"
WOYDVMJSUZIJWAZLYFWD;"prenom0183"
SACOBZUQEUDMTWUNDAOR;"prenom0665"
WMOIRRSTCLNIRSXICSWJ;"prenom0400"
WIPTOYRLDJOFSAVSRDCA;"prenom0036"
XGKELZYFNAOAKQDVFYIP;"prenom0103"
BNVQPHKYLADXPZHVFJGT;"prenom0471"
MPDHAQPKHALOBMCETYBS;"prenom0063"
NIZDUAJZGMIEFEEZAKUS;"prenom0678"
THAFTSKJQWPBTIAZBQFJ;"prenom0092"
ODQDESNQCSGLELDEILRC;"prenom0081"
ULFEFYDZKAAUMWDESFNM;"prenom0063"
TBLLJWVBETMECURHNMKY;"prenom0127"
FLXHJJXONMISUUNBUHQH;"prenom0092"
YZZPGVBZRLFTRZHISYAW;"prenom0109"
IWKKIVOKOZOIZVWYVYEA;"prenom0127"
CODHSFCAMELCHQYJURLR;"prenom0685"
HIJLPRCIXHCFFYLLLJMC;"prenom0577"
RNKYMVMXQBIIUQUFHOIU;"prenom0761"
RITLRXRXYSNLYWEGZBOY;"prenom0671"
MOCVZKKYXIVTHMIQPVDV;"prenom0435"
IOAGBBBIKYYNYEFLJCEV;"prenom0630"
BPVRYPHBLJWGGIOJRPTB;"prenom0092"
GLBHSOEUGSTFJCVDKVOK;"prenom0127"
WHMKQWXRQWXBJBSACJYH;"prenom0124"
ARKPAKXPAJRIABZCBJQN;"prenom0840"
CCGLHSQDPZWGNLENEENH;"prenom0548"
LBOOGJCDRYCWVZUNVQVZ;"prenom0566"
UPVINQPJYUVGZABYLYOL;"prenom0230"
LYCQGABLWVDJIAWPPXFL;"prenom0092"
JNFYCHMERVMNMOQUGINC;"prenom0727"
FYWZIZZFZUUIEXYWNSYV;"prenom0092"
PHNKYAJMFCITKMKMGUUJ;"prenom0040"
KJDCQUFUNKENDKLCCHKT;"prenom0697"
FVWNVICEREDFCDDIHUUZ;"prenom0842"
NHXUOHFYQKGKDQUQDNUH;"prenom0127"
QTNDEVLQGOFKJAJJVYKE;"prenom0483"
ZCRQCZPEDVAZRSMPESHD;"prenom0500"
VUURFCWPWBOVETMDRTXP;"prenom0471"
IEXZULAOFAPWGAUAEVNV;"prenom0598"
ZJENESITBEYRBEUOFMBO;"prenom0834"
HKIAYLOWMRRTPMEIHWBF;"prenom0761"
HENOFZDUPCNTPNNVJZSM;"prenom0671"
ZRYTZKINLUCIUPJSFLAG;"prenom0824"
TPUXZZJUEPAFXXMUHWIH;"prenom0340"
TMJLHXLDKCRIUDXGVNLF;"prenom0500"
EXZFQWUARYKDUFRFOQXU;"prenom0092"
ICKWPRLDCGLWKMHJFRQW;"prenom0435"
RHOHFNDCHQAPKZMMLDMR;"prenom0104"
HTRMCLMSZELJKIYDNCME;"prenom0559"
BYGEOKEKNNWUBCNVFVQQ;"prenom0706"
ERHOLCYCFPDPKNCSXXDD;"prenom0749"
AYUSHCYJXWGNDMWOAABH;"prenom0360"
UXCXINQBTLSKVUQFZPOV;"prenom0266"
RSKIXBIMBYXOCROFHMPQ;"prenom0092"
FRCMGLLIDNGABMRGYPLB;"prenom0824"
ZITWJHMSYPDFQYOMFLWB;"prenom0340"
LVPSYOBVIIBOUJNGSPAI;"prenom0127"
TTPIOGFBDYOZULNANCRC;"prenom0127"
LWGWWQIPEQFMCJFZGFRX;"prenom0806"
GOMXHVKBWRBODLVMPCUL;"prenom0636"
PBFYQQDAVBXFSPRLKBPN;"prenom0761"
YQYGIYFSWHAWMQIBXTMP;"prenom0139"
LTPHUCNQRHTUTTGUNWMR;"prenom0033"
JAVMNAMMJWSWQFVLRAML;"prenom0500"
HAQMKRWMXXDWEFIMJXZW;"prenom0815"
POFLZATXTYUMOUKONEKC;"prenom0340"
NAGYMGLQGYOUTQAMCCQT;"prenom0500"
THJUQMKDXAERVSUUCQLY;"prenom0127"
ZVQFINOWTUEJDAVKIXZN;"prenom0391"
YHHJKTJYNYUIQGJVYWEZ;"prenom0092"
ILINSSQGXMAEEQWETIMB;"prenom0435"
BAIEGYNWEOHQBEKUYSRB;"prenom0829"
XZGCRSAGMCRTXYYMMERD;"prenom0127"
AADUDTCNYORCSDHDJUHQ;"prenom0671"
DIRVGYQZUJIPAFSPHEUF;"prenom0092"
ACAQJHOSYLFBPVRCQCGW;"prenom0000"
SIVSMSPJCAEDHBMBJBIN;"prenom0065"
NKFYNGUXVJDGDDGWDMCZ;"prenom0319"
XDAMUARUJGWKOQZSPARB;"prenom0661"
IUMRSNIMWFUORBAQFUOV;"prenom0040"
MYAUGQYSQHXSMAOEZIDG;"prenom0761"
MKMZKNQQQWOXYNSRONJC;"prenom0656"
AJKQMKGSXSFJNEXZQJEE;"prenom0385"
XXZLMUJJNEDAWFMDBAXJ;"prenom0587"
VCZJNSJUKDTKYFLAHKJN;"prenom0340"
WMEJPWOFUHGAXVKWCKER;"prenom0288"
WRUQYTVUSUHSALHXWMLD;"prenom0587"
YIDOFTOSWPZQZJSETATR;"prenom0471"
OODJPPOUWZQOWDNYQCDM;"prenom0127"
CBJJTPHLCDTZBSCZLUZL;"prenom0471"
TWHPVYOCZKOGWEEWRMAO;"prenom0340"
KISEHRMMYKOKQAPNECOZ;"prenom0127"
GGFEGONBAVCNYSDHEXZB;"prenom0065"
KIRYBTFZELJSAHEJIUOM;"prenom0280"
AJZOAPLGWQEYVYOTYMHU;"prenom0127"
HBWRWYDWOSYPLDHBHUJA;"prenom0661"
VMLCVMMLPVFJGXLZLWJB;"prenom0089"
PEXIEXLWGUVDDOUHSFJG;"prenom0104"
TNYWSGGWMRAEXKTBGIWQ;"prenom0090"
DHFFECGYAIQXYOFUKPIV;"prenom0671"
ELXLPSNYGTTQJGLGPLZP;"prenom0810"
LOKFEFGHYWDKITYYTGCD;"prenom0500"
IJDIDTUNCJTXLPPQYYTD;"prenom0273"
LPSZZASMAZOGIQHVCFTE;"prenom0092"
ITLJJYQXMFDIWLJYZRBY;"prenom0040"
RPMISXXNUCUNYXACPDNT;"prenom0092"
EQMKCNGTNYTSYFGMPGPG;"prenom0730"
KYBQPPOSTIYJJUJKTXRR;"prenom0063"
WDGJHZETSOLDMRASIQKG;"prenom0435"
BPYWUVPJZCZQFCEFSGHY;"prenom0815"
BDGCFTTKUITZSZHKSZOE;"prenom0092"
DAOWCZGIFQDOBRHHQAPE;"prenom0092"
ENDYHLMKLJKVGRKADAQX;"prenom0512"
RBHMJNHUGULLLHFFRVKH;"prenom0512"
WOXLFGMUKKZCKNWLSIBA;"prenom0127"
EAZPUCMYZOMNZLRXJNLH;"prenom0385"
SPHRIHLCMVZSNGGLHRCO;"prenom0727"
ADCEGWZSAYAVUWXOIQNG;"prenom0104"
MRHQHUMLIZLDGXFPSQHG;"prenom0566"
UHKTJLLZQCQCXRUQSDLI;"prenom0127"
GSCXYEVBQNFQAWCDOBPE;"prenom0391"
PYLPSLNMJIDVYSYFBTWV;"prenom0000"
ZHASRWZEQTEKMBGHRKFE;"prenom0841"
PPFZSXTUZPLRWUHCZPEP;"prenom0385"
KYHCTCVVHWYXNVQCYNFL;"prenom0385"
AJLDVEUIXPBIJLUXLKPI;"prenom0065"
KZWTDFZTNXEIDSSEYIHW;"prenom0435"
AUICAARZMYAFUPZRGQVU;"prenom0391"
UTLVHTRLKUFIUOHCVQCQ;"prenom0847"
CVLEDOFTQAZWJLMJSIEJ;"prenom0127"
QOHMXTAMZMLKRNOOWUJX;"prenom0340"
RJVPLMRKVQPJLGZBVMLC;"prenom0829"
VRNVECUXSZYJZGSRYAAZ;"prenom0092"
VAWANZWDJNNRDBGLGHGU;"prenom0471"
MQQWIVODCMEPUBTSYHYR;"prenom0275"
VEAXUUKNHQOWVLHFKRLR;"prenom0079"
GETSTUWMZQZJLJQBTLLP;"prenom0127"
RACBYDNILQXJSJIQQBXW;"prenom0127"
ROBOEBCBQGBJMWWWJHAG;"prenom0227"
UCMNSJBJUIGQYBZVUZPS;"prenom0500"
PJKFLFCQWDPWBMFPMTOS;"prenom0384"
SDJFSYQKKAECLKKXSLCE;"prenom0557"
ZMRLCAXKYSTLVLBGINHU;"prenom0650"
WNUGIFDTYCGNUUKODERP;"prenom0288"
QCCHLRPVOJJWZUNBAIPY;"prenom0555"
KDONPBVGXTWIQOWOHNSC;"prenom0661"
YLDJJRUUTSBJNBAUXJED;"prenom0671"
CDTIEPSLRNQAIBMPCZDU;"prenom0005"
NYQRVOBPKYNBWHJIFFVJ;"prenom0092"
OAINSWPZEJOBPGAEOULK;"prenom0829"
LQOLSWDIRBSNHHGXIRUC;"prenom0393"
QJHYSZCJLYVZIXGKDPIV;"prenom0218"
TSORBJFBWNLXTXOVFUZM;"prenom0152"
UJZMOICPWGLFUOBXTRGP;"prenom0363"
NMBSCHQXWICMARAPBUEG;"prenom0490"
FLLGXOIASUFZUVQTFMUJ;"prenom0761"
AYBCPNOPGUHCPANIGRQH;"prenom0520"
MAZQHBHZQXKNKHLPXXUU;"prenom0033"
GZUUYPYFGYGKWVBQIKAB;"prenom0471"
RACCNQUAEQDMKLUUOMRG;"prenom0092"
NGXMLXOAQGQEJWIJZGSS;"prenom0612"
DWGFSYVYUUATMJIHJNJJ;"prenom0461"
PSANRHPZSNDXTJAGDPFV;"prenom0629"
SYJRSZZHEGTGKUUXZTBC;"prenom0279"
RBDOVTBIWJGDNLTTGZUT;"prenom0443"
OEYSYFKRTHAKLKRAAVAW;"prenom0772"
NDSMDKPHOSUJPKQSKIZP;"prenom0379"
ZUKVFOTBCIHPFNMEYVBD;"prenom0455"
KTDFEWSKLZTOGYJUOMBM;"prenom0772"
UNILIOQSHCSRUHBNNKWM;"prenom0772"
RQMUXRNVNBLEULAAKENE;"prenom0569"
XKUVOPJZUYAMLGDAULQM;"prenom0376"
YYWDAPQQHJNQMGQJOZSC;"prenom0037"
UILQYZZCNGBVBZGNBYUE;"prenom0352"
RTDJCNEPZWIVJVCIGWVB;"prenom0344"
JRZAQICFDAJKZXDNQYXZ;"prenom0648"
VBTPITUILOBPIUEELOEY;"prenom0291"
KVMTBNXOAYLRBQEZSSNM;"prenom0352"
EUZZKZQKEIEUMNEJPHXT;"prenom0290"
GHUJGZRGISQEWOTQDTXI;"prenom0751"
AGFWZZWUTGLHLUSMJTNL;"prenom0681"
OCUBNTKXFVACFGCNAHYF;"prenom0648"
LEMCGFFOPCEERLKBIUAA;"prenom0331"
OPFZLWOMOQJBAUSEUSCA;"prenom0432"
PZBGZJBUFQWJVUMCNUUW;"prenom0352"
WKAESJRWJXCVPSHDVFXQ;"prenom0751"
OTSPXNLINMDTJIINMRWV;"prenom0438"
PFUALXTRXAVMREOJPIRW;"prenom0268"
HWPCTQNCNVMYUGIRGCRT;"prenom0044"
BCMJQWTXNXNKKJWOJIWZ;"prenom0595"
RSHMHSCLPFZJWJCEQJNV;"prenom0352"
JHRVXLHXGPJBZLCUKXOG;"prenom0751"
RTJAQAUQYBHESTVUITIH;"prenom0444"
AHFEMDCQBGCQISLYPJRF;"prenom0209"
NAJEISUDLLVJINBHPJSZ;"prenom0044"
EUQMTGZFKAVZYQMWVJXH;"prenom0357"
OFMVSNMZQAWBMPJUPNUO;"prenom0085"
VTAZJEVTTPFVQULZQQPZ;"prenom0578"
FZHOYVRKEELHAJFBYGZN;"prenom0580"
ICCFCRORUTXMUVBEEJFG;"prenom0601"
HUJJQFUCJNYMGTYDYKZN;"prenom0044"
LGPJZOHRTINPWRPSXVJW;"prenom0352"
NCNFXUILVAFZAZWHEBCJ;"prenom0291"
AHOMVLZCYEVUKCKLBQPE;"prenom0455"
CXYNIZXMIFGRFZKBGBUF;"prenom0835"
DNPFCYUSXPVELBWPOVJS;"prenom0751"
UWYPFANUZWLSGWZSPKEG;"prenom0352"
CLFUMVMFSYJDFKMTNAXH;"prenom0454"
AEQUKXCUORTXULVEYBWD;"prenom0772"
MZISUGEFVLLAEGCYKKKQ;"prenom0751"
AYCJLXEKECQWDEMHJHKS;"prenom0455"
IQGISXYIVFTWHDYYQIUA;"prenom0751"
BMVUUUEZHKWFQSCTZFTT;"prenom0161"
MJXKGIDLUDCOPQHREFUS;"prenom0157"
HMZDKGBMLRQOCVDLJZLY;"prenom0751"
WNWSYHEWNZMCOZGOYUXO;"prenom0161"
QSFUGNJEVYWSDWZHZPZF;"prenom0613"
DNVLMHCOSNEVSSAMTNYO;"prenom0772"
ISARXSXOAUIFQQDGUOQR;"prenom0772"
WEHUPQVONKHTOJCRDFBH;"prenom0161"
GZEVNAWZLKUZZJNFSBZJ;"prenom0357"
LGXMPPAZWGQGGEELKSBL;"prenom0648"
YCBKFSYRPVJEKDDQMRYC;"prenom0161"
HDKLTXOBNBNIPWUDIUFN;"prenom0044"
GYKJXXAKCFGXCKARAVXQ;"prenom0772"
NTFAQRHWEGLFSULXSFIS;"prenom0047"
XNRULYOCHVNJWCNTPBNU;"prenom0352"
EFJUBPSLKDWPXYVZCKUC;"prenom0648"
UZOVHGSKMWNTGLQKBKKS;"prenom0455"
KKGKJFWWKZTAVLFALITS;"prenom0044"
KZXRFDJIQTNKALQANRJB;"prenom0113"
QRHIWNJGGAVQNNRYKVEH;"prenom0389"
ZYVQMZRLCORQVMCKYEZX;"prenom0772"
QTUMORCOIBWINWYEHOSA;"prenom0044"
JOJOIKRSTCJMFILULEVQ;"prenom0352"
WBEMQTCZEQZSPISWMQRZ;"prenom0044"
EUDQDUPPOPLIUJGMHZED;"prenom0044"
PBHABYBMCPBUUYAEUKNL;"prenom0369"
CTQKYERMIMUOVQUIFITQ;"prenom0455"
XSIBXOSTAGUKRVCGWLBX;"prenom0044"
UZXRQCCYPKPQSYVHDAVM;"prenom0455"
DUOVXZYNCORUHOYQXCEH;"prenom0772"
RMLRHMSHOHXZUUUPHYFL;"prenom0751"
UGFEQALJBTOLYOYWKOSY;"prenom0044"
STEKKDXESZIJTVAVZIDD;"prenom0535"
JYZRPXKSMJPEAMZIIWTX;"prenom0482"
GDREUXUYFIIUGVZJGVQK;"prenom0044"
ODNRAZPDIHFLBULUAEFN;"prenom0389"
HRSCZFGZHCOBPOMDEJYS;"prenom0357"
MHQYFERMPJJVCFVLTUXP;"prenom0641"
NOCYOFXUOEIMBAYMCDJT;"prenom0605"
SCKVPPQUYKNCUPIVJMGU;"prenom0510"
BWJGLWUWIJFDYYJGSCRC;"prenom0242"
HWGITHWJXFLOFUPDAXRA;"prenom0826"
LEKRNEGVKYQKSQQKFDWK;"prenom0044"
BFFCMXENYRBGHJDYPMWU;"prenom0085"
IJNYXZYQILCZQIJGSTWA;"prenom0751"
PZHVKHXDYBQJNJDBVMED;"prenom0210"
ZQPUNWSINKLGREUIWWSU;"prenom0772"
TMZWFQWMIZXHSRHZQONC;"prenom0044"
TSTOCTXGHTNGVPVQZDIF;"prenom0578"
IJYCRCFKQLLSABTPMDNR;"prenom0751"
PEDNHXMOPROZPIMXZZVH;"prenom0772"
APHXFSKRPRJIECBVFRPI;"prenom0051"
ABVLBHABWDSYAJMMLEEF;"prenom0718"
XWWYYONRBRCWDAEDHYVU;"prenom0772"
RJNTUDHWWWWWWEDFUAWD;"prenom0454"
FVAUJZOWFLTKGPMCAPZN;"prenom0352"
VTKQGLUHXOHHAMISPPLD;"prenom0751"
AXMUDIIZCUMSJQJGIBHL;"prenom0751"
VUXGQBCDMAXJCJMJJWWN;"prenom0211"
QCCOKCRZMXBMLUHVCWGY;"prenom0772"
BKTLVRFCMIOMISPJTQYQ;"prenom0514"
HSOEFGEEBDDYXRYGERNA;"prenom0772"
QSRRYKAUNERTCRBEYGVL;"prenom0242"
IHSSGEDTFGYWZOJDJPYT;"prenom0377"
AGNQMOSNOOEMJMAZSSKN;"prenom0583"
VVFLDMNMPNFVCKPDGRNU;"prenom0648"
ZXDHXYLJKEHEXKAHCNFE;"prenom0044"
FXCZPBWPFUHDWCAZJEHR;"prenom0044"
BEFVMTSDMBTFGAUPGCVN;"prenom0455"
CMBLRLWTUHBPWFLPGUHW;"prenom0161"
TOJFYAPSUPWYYWMLCDTK;"prenom0519"
RHABUOKXPHQBSZXFFPVR;"prenom0772"
QIAKCEBKJCOYJZQRNELU;"prenom0818"
OMJTSMLIYFYPBYAFWHCM;"prenom0482"
LXQKJRQMXZBJJCCUYSTN;"prenom0444"
PRRGPUVCUQIIAOSHBZKN;"prenom0751"
QUBUCJTNQQZBRSTYFWSO;"prenom0624"
YYFXQKHKIMBXBOVNWWNH;"prenom0751"
THODADVFNNKKRVCXKMQL;"prenom0169"
GVSITDQEMKRDZZWSOOCS;"prenom0751"
NLIOQECUVMFMKEIOFRUC;"prenom0367"
UEIYVPZVCLGBYOYHAWCF;"prenom0596"
VQLIAOKEQBWPWGBXPNQJ;"prenom0404"
KZSARHHSLVCEWCJKUVCO;"prenom0242"
ZOQWFVBAIAYLGGFZMZDU;"prenom0474"
FNXJPQEHAGCRHOORWWDC;"prenom0044"
PJFLAICPBADFDLHCIHPT;"prenom0291"
NYCSPFYPXMIIBKULEJDT;"prenom0751"
XREJYUUQDYDDCUUSQMAP;"prenom0044"
PQGARVZBLSKTURIXLQAQ;"prenom0044"
CCTIPDCOVTZMMPBDDGOB;"prenom0161"
TEGTGOMRUZLZLIBIXETX;"prenom0751"
MBPTRENCDSJCRUWOMVRC;"prenom0454"
HUXSUNHTILFBMXQOSDTL;"prenom0259"
ZRRVJKMKSPXGWQIOLKYC;"prenom0173"
SPCZUFJXRWIUAJMBJTSY;"prenom0772"
ZPRQDFIJHGAJXRKGVGAA;"prenom0751"
NFDHPGKLQJIBCOXMTUZC;"prenom0444"
WJVARNYRBPBTDQGLUHEI;"prenom0085"
VBHWIPVATTFNAHNAZJXP;"prenom0822"
YTQFEWNXUAMXKAHRJWBR;"prenom0580"
DMZVBGBROARXSGVPGHDQ;"prenom0242"
XLIQDXXIPZTATZNJYJMD;"prenom0370"
IXBIDIOTFVHQMYFOFIPK;"prenom0044"
YPASWCCJWHIAADLIJRWH;"prenom0772"
VDMAUDOZZBPTDJJGPKRD;"prenom0772"
NMHYLSEPBPNDMBLEDVIE;"prenom0044"
YPMONVHFQDEGKPFAOUWB;"prenom0772"
SQVWDCXHNJJFLOPPHHRA;"prenom0357"
PDISHOCFHCXYEZKTKVWE;"prenom0242"
OMMJSQYDGAQCSPMWIDYL;"prenom0455"
WDNODGKNIMYCUVAEOBAP;"prenom0455"
JRLPCERBMQYPWNQPPRNY;"prenom0772"
KGDAKHQJOSCMLCXNMQJR;"prenom0681"
NDIKVZIXEHYGYYKEOADY;"prenom0681"
XGKZIUHZNIDJGJHQKHMU;"prenom0044"
BQIDFQIAKWUPPXJQHVQP;"prenom0268"
LTCGOBXPTLGVVYQQXKZI;"prenom0822"
SRDNPHBFSTYSKJEJFMNK;"prenom0392"
OGWBCSGPKQBQOFXVQZLT;"prenom0044"
DBKLYYRSHZNPPYDXZUEO;"prenom0367"
CBLWPEIOHBOTWBXZLOHT;"prenom0751"
YPSLWEPMOPVDFIYPJVRY;"prenom0772"
UDKPRUODEMESMHJFGFNY;"prenom0455"
CZYGUVZXQAVMGQHQFDFM;"prenom0772"
JOLCKWGBISCBZGIMKZJR;"prenom0772"
TGXTWKTEMKLAHYIFRUCI;"prenom0051"
RSMTFLNIZMXQCFLYPYPI;"prenom0751"
NDZMTGOWNOPOAFUVMENH;"prenom0044"
MTIGVCZEHXPROKESIGTA;"prenom0242"
AKIIIIKEKMIRMJZVXWJR;"prenom0388"
BTOWKEICNPGRUKIBXMSF;"prenom0624"
JONUBYCXLCEGDXDGAHUA;"prenom0054"
WKVDCDQNBXMTCUGPHJRF;"prenom0772"
BAAYFRHTUNUAZGDQANYV;"prenom0389"
CCZYWYQDWBTJXLKWCCOY;"prenom0044"
NDMCBIJBBUSORGBCEALR;"prenom0260"
IMXWJWXRRASXVQNWNBUT;"prenom0536"
EVIBPKHKUDBXALCHHONH;"prenom0772"
FOCCRNKSECDEQRVIMQVM;"prenom0345"
BEDQKHLWQRPLNYBAQMXC;"prenom0367"
PZRAEQXHGJZCZTANXWZN;"prenom0427"
SXFXOOFILONTATWXLSAP;"prenom0044"
DNWLYCJNVDTMKSIMEPUV;"prenom0455"
UYRHVMAENHIHWULQXBNH;"prenom0357"
PUZOIWAHHRGBENQFJWBR;"prenom0787"
HTFJNUFDEAPNUAYBXTUN;"prenom0772"
ZHKYFESTNMSLYMQHUWTV;"prenom0578"
IEYINXTHYZPHKGXHEMTW;"prenom0772"
FQJBNNLVRJCQKJZZYPHT;"prenom0085"
XYXPCILAPNERTCZSCCCR;"prenom0352"
HTUOIXMLVROXLENAOUBM;"prenom0060"
BFNVQYLSGYQIEVTBSRJW;"prenom0751"
KZFTMCRPRNQCJFNOTZPZ;"prenom0352"
APIIJIVPQWIMLXLCVEBE;"prenom0044"
HJYFXJZBXSWVSHPHQPDC;"prenom0495"
ICZGDGPNDQULAIPTRSSD;"prenom0367"
PWCWSIDLADZJHDIMFNRL;"prenom0459"
PPOBUASSSDXXOURZFZUO;"prenom0044"
EZXBEMTHAANSEOGVDPHF;"prenom0342"
HUSNGAWZJVUPXPESBYAL;"prenom0601"
DGMLPAUENOJHJPBTFYDY;"prenom0613"
QCMMDYCHAVHIGEKHSBKV;"prenom0058"
EAMVATFECGJHRILQJFGW;"prenom0613"
SSRJISUGIHSSCRASOLJI;"prenom0044"
SOYGSILUJZAREMEUCYXL;"prenom0161"
VXCWFZWADAZCKKTKTQWO;"prenom0352"
WHGEIOSEUQYLFMPGEIIJ;"prenom0367"
HKABBMLLFBVEIJFKJGXJ;"prenom0044"
TQGMTMMMQQFFBVFUUOGC;"prenom0085"
QVGDEGVEZDUVDCYTKOXF;"prenom0707"
QVEYQNZUCXGUXXAXYZUI;"prenom0772"
OWEWWXNZIXMHCTDKXEKQ;"prenom0105"
YBHINEBQXBYGYQZIWTOQ;"prenom0352"
IRYHPSWIWGCFARKOLXWX;"prenom0772"
ASQJKYZWNPSVABZMQJHP;"prenom0367"
NLORVBYVVXBCDSPIPEVT;"prenom0352"
CXAXPLEHPNHFTPSKWWMF;"prenom0352"
JHSRZOCQWOMCOAOJXXLP;"prenom0379"
HIGUPKUCLENJFKNJYERK;"prenom0613"
MISSLJBSLJLDEMAEBCBK;"prenom0352"
ZFRYHSPYXKAIZXFKEJRJ;"prenom0691"
XWVGXOZVELUHTWIGKMTQ;"prenom0535"
IZNUVBYJJFKMIDXABIYQ;"prenom0670"
ROCOLPVSARLKCZLAWWZS;"prenom0241"
SSRPLYQZLTNAZVFTEDHN;"prenom0751"
SPUAWCZYCXSGGEYINCAJ;"prenom0427"
FJOUUUFJQHHYUWJSJHIQ;"prenom0772"
PQDXUZEFJHJMKLFCCUQB;"prenom0772"
JGEJMYUGGCUZWSOFEYCS;"prenom0044"
OJGRKMRBVMZGMVQTPUGT;"prenom0425"
YYVRGOXCQHWXFFMQVNDC;"prenom0044"
GBVCEBEEGWGNFNHUYRQC;"prenom0454"
JIUGZPJWNUKITBHGOAXW;"prenom0681"
EBNOAQMQHAJYQLCMIBLV;"prenom0357"
GZTBWWLCTOCXOKWZKNAN;"prenom0751"
CUWIIBIBEMJVEHQFYTWM;"prenom0772"
VUWBSEKEZLINFEQVLJOW;"prenom0476"
DJAKUTUIQBOWXFJLPRXL;"prenom0751"
YVYSHGVKHQQMUYFSKLBI;"prenom0681"
FXHLKNABAGOWUPOIGSRE;"prenom0681"
DAYPBIOIJIHFQKHHOGOT;"prenom0459"
RRSFNCUFTQBAHNHDKOFU;"prenom0455"
NKXKTZEQGAOZANLWGBWG;"prenom0367"
FWCZYXEGALVDHKPICDKJ;"prenom0648"
LCVOQGVQOLMLGDWNVXPN;"prenom0044"
SLJKKUUGPZDQTFNBOUKG;"prenom0044"
VYIWVPGJVFCFNIWLCGSZ;"prenom0294"
ECKSLUIOLZNOKCYHXCIR;"prenom0044"
GLPQOECETPKVOAZEURXE;"prenom0543"
HHWNFJXAQCTLEEPDMWVP;"prenom0772"
OZTWYRIUELRKWKRXFDPY;"prenom0780"
VIKHSLTREIPONGYOSZTG;"prenom0388"
KRNJHQWQZPQIBBBMZFKX;"prenom0037"
EOEKVNTPNIDMYEWRYXDW;"prenom0772"
HRGPDBRFASBGKTOINMNW;"prenom0285"
DAVPWLSPZYWZNMYRETXG;"prenom0751"
TAEVDMRVCQSXTQTUIFXR;"prenom0751"
SOLEHIAYXWCJSYDFHNDS;"prenom0027"
HUIUZPVIHFXUVIYJGVNQ;"prenom0161"
NZHLHTVAEBCFMOUICQYF;"prenom0389"
NTGXNRHYHWYUWTVIBANS;"prenom0482"
SYASAXWKJCSRCKIJGEIS;"prenom0455"
LDPEVAKIPBRIPNFTAPTL;"prenom0772"
NNWKTEMZKUWIAMTKXADP;"prenom0405"
UUTDBIWVMFOTAOXXVRER;"prenom0751"
EEBQALXZPRCSVFLTFZMC;"prenom0833"
HNLYUZFOUUZODMZWVMBY;"prenom0681"
EPIOBGFWKKGXEEDMKVSZ;"prenom0751"
YIMUKYIFRNXJXATESLYA;"prenom0772"
PXXPZMIFLUKJSDYPGDTC;"prenom0051"
UESFAYBXVSVZFCSKDEBL;"prenom0809"
LGRTYIOTOGLLSBMRVESX;"prenom0679"
DPQIZZMSSSREOBWFLLIQ;"prenom0772"
VSZGXKQVIDINUZDBAATH;"prenom0465"
YAEOZIGAHFNGPEBQDRBP;"prenom0357"
PSLPKOURTZMXVDDXRRWP;"prenom0389"
LZXEDFEEGYSGVPHPZIID;"prenom0404"
EWUGNQMXQCHTLGKZNHGN;"prenom0455"
TUNSIJWQNONYFPDJSYBZ;"prenom0161"
LLGKDLFMRPZHGUDRIRBH;"prenom0455"
VJJCRJQIBPULNPXWAGQP;"prenom0613"
OYBTUCZRIWJNQLCAGQQV;"prenom0044"
RBLTTRTSFYEHWPIDXYLN;"prenom0619"
ZWXVCDVNHLMXVRJTKNTM;"prenom0480"
KUGGMRCWPJKTSIMRVQLY;"prenom0751"
QDYSWETDZQJAAQMJLZYB;"prenom0379"
HNCYPLNYOZJVRIQUONWA;"prenom0044"
YRJEMEAKBHTDYLKQUTTZ;"prenom0044"
HLVGQTYIQSYXVBGIYMTS;"prenom0055"
WIXXCLGSFXBTJZKFGVPL;"prenom0051"
JVGNVQSLQPZQNKGLFLUH;"prenom0161"
FDWKQNPFPTZLQBUMLCNW;"prenom0751"
AORHCSVIZWGZTDNSDVTX;"prenom0482"
EDJYFFFVSZXYSCPZQYWE;"prenom0044"
YBDCOXTYNWXPRCCMUMAR;"prenom0642"
NDQMLUOXFCQERMCWDJZX;"prenom0242"
SBIEMWDIIXFYGKBXGNOB;"prenom0821"
MDFVPRMFJYNDZQUNHVRC;"prenom0367"
JPSTHLWLCFNAGTEIYELG;"prenom0679"
FWGDXBVCCSYXQHBYDLLB;"prenom0772"
TUGONETOQRGGVIITVKAV;"prenom0581"
LMQIAREPOTTSJGLAGKEP;"prenom0772"
SFPTAUYLEKRNXEOJSUPG;"prenom0051"
HQGHBZJKFZHNOYLGSZNE;"prenom0044"
NJHYUIZBSMBOYIZONPTD;"prenom0827"
CFNABUOBHPFXVEUQPDZQ;"prenom0674"
WPWUIXBBCSOIRFJKTIQQ;"prenom0772"
LHQTYOMYKKJOIZISGZMQ;"prenom0491"
XYZOYZNGZYTEIVGEHOPI;"prenom0044"
ZRXTIDFVYYCPZLKMKZKW;"prenom0044"
PVOPARSUGANUMXDGBOQE;"prenom0352"
WMHQXABRMKVDPGDSSNPN;"prenom0455"
YSQLOCJENGSFANPTMRDY;"prenom0359"
KISFFZBOYDGCDFLEGUBR;"prenom0482"
KQGLRAZUQDWWDEFACUYL;"prenom0357"
VWKAIVGUYTKCDMDPJFRA;"prenom0315"
QGQYZQHCOLHTKBZEQKVN;"prenom0352"
MKITDNWAECJEVYPBLZPH;"prenom0161"
TXFBMLOWGGLJZDZALROB;"prenom0051"
HLSBTCTSPHXJUEWCMUMV;"prenom0161"
RTGXLFOTANJMQUPYPUJG;"prenom0680"
YULAFPKTFWVUCHLIDPST;"prenom0455"
YPICAVIJUOSXGGKFWLML;"prenom0195"
CUCFRNBAPNOIHPCXDUER;"prenom0733"
IXIKMXOEZBRDAEPCWYHS;"prenom0495"
DYNOSDOOZAEYJJBPETLW;"prenom0352"
GCXTPHGYQIINRLTPRPPA;"prenom0012"
ZBCFCYMDMPRATEJFNCCB;"prenom0772"
WDEUNQJMBAHRPBRHDCUX;"prenom0492"
KEQFZCRQSREFFMHRLJHJ;"prenom0751"
TLWEKJESAVGTUIHNOJFV;"prenom0442"
VLOCAAFVLIYPPSQZWPQE;"prenom0844"
TPBXQEGVOLLTIBXPRRSB;"prenom0788"
AAQSOZDXXLBVSBNTOPJX;"prenom0389"
YBJTHQRNPGMNEWNRVSQA;"prenom0369"
BWTTFWKEPNEPHNMXCSNB;"prenom0635"
FGLWVGIEDJZJYSZPTCUX;"prenom0059"
HSMIONBGOTBXUUPMVITH;"prenom0006"
LBUPAJNVKEVQBSNCQDQY;"prenom0301"
TQRXGKBLURYUSHLADPIH;"prenom0410"
TFGBUOFXLYLRWRTMIFZX;"prenom0410"
VDSMSBCBBBTHTSHPPDVW;"prenom0011"
WJIWTXLJLLVFFQZYAMCS;"prenom0097"
XWDFFSKXYZXXLCUEJEAA;"prenom0658"
HVROTVUCADUEENWLVHOU;"prenom0518"
IKKUKJLKLUASTQZXYTXH;"prenom0006"
PSGEIIFUZFRWHYYUVEGB;"prenom0006"
APCXXELGHZOQELTWTQDJ;"prenom0658"
GOMCVVMFOOYLQHIFFHQZ;"prenom0097"
UINTWJAMACBNPJSJINOT;"prenom0410"
CLGZOQTAGSJNIZSEEZJS;"prenom0097"
NTNPFMONWNDEKHLWWPAV;"prenom0069"
DYFJZIFKWVJPABRHWRWA;"prenom0059"
VWZJVMRCGULUSZYWWPIQ;"prenom0134"
TWULUFQSGYUUGYPDCRSM;"prenom0006"
HAVINVYGFEPECFQRTRKI;"prenom0737"
NDHSPWULSJKASCKIFTXT;"prenom0059"
JQZOFABEUPEYYTMCHZID;"prenom0237"
HJSURQVJCKDQVJNWXQQG;"prenom0602"
KKJOBGCVPXIYOUVEJQAW;"prenom0570"
GHOELDHTEJKLGMBYMWNO;"prenom0658"
WOOUNORDKUFYMGEMYSHA;"prenom0059"
BPMPKZJMBKNQCKCLMXSB;"prenom0380"
YGRWWUUWCDJAOXUMHVWJ;"prenom0059"
UURWXWAMLCRNZLZPRHCQ;"prenom0011"
VKSOPRLBVSMUNAXGVQWF;"prenom0658"
PIOOBCKNSBCYZUJAHZAR;"prenom0059"
YEACTCYJJYPADBSONYZM;"prenom0097"
IVBCGIYKKDECKORGNJAO;"prenom0410"
ZNVDRXKBKHZOJLKAYPWG;"prenom0006"
ZJNPERCIHTTPDKMLWPAT;"prenom0143"
KALASYQBDSZRJZIIFNLW;"prenom0410"
NROZQYSUNZODFGPMNVYM;"prenom0501"
OKBOTNGPXBHHFCBHEYQT;"prenom0059"
KOCCLFTPCMVZXIZBHKMQ;"prenom0097"
ZCQPUNIIEFDJLTTTJZFJ;"prenom0143"
YKRHJYDMJEWHKQLRXIXD;"prenom0502"
FYLSJTPPSUBVLQKBEDZO;"prenom0410"
RPDUOVZHBWAVNQTLFHCA;"prenom0433"
ZOJTPGRWKHZEVPPBDNJW;"prenom0006"
YDUWTNVMPDPHGRGZZTNX;"prenom0006"
CDPLNMMSRWQWBREROKJR;"prenom0410"
PCKMAGRZZQVYYJORDLXJ;"prenom0380"
CJMALABEAFSMSBEPAUOD;"prenom0097"
ZGAMMCAKLFAIIOQJEHNV;"prenom0059"
PYAZOETFZBSEGAZUSNOS;"prenom0410"
AIDKXPAQXECXHTDXJNYF;"prenom0792"
XMFLBMJLQZNWYKPXITKF;"prenom0592"
IRKVYNINZTFSEQMYWYBM;"prenom0710"
GRYINSPPCYEGVJZGJAJB;"prenom0257"
QXVNYRTEFFSFZHJGYXNJ;"prenom0006"
KAZHDTHNFVBQVKJVRSLX;"prenom0355"
DYPGHVIMWOSLBVJWLDWN;"prenom0030"
FSYOWDLIXASQAIKLMIQH;"prenom0658"
XIADSQHHTMAYQAAWDJHT;"prenom0627"
ZSPTTZNRLQXSJRRLFJBB;"prenom0006"
YEFWWRFNCLJLEPBWNPWK;"prenom0006"
IUVFNNHEPBGCCAJZTKOZ;"prenom0783"
EQPKRUNNCSEHOPPQDYRC;"prenom0410"
YHLZNKDFVWTGQKHIUJAV;"prenom0741"
DNXOIXRTAEVUCOMEVSKE;"prenom0410"
PFTSOFOJHXSYYXAFVZDK;"prenom0038"
ZUKHJWKGYVGZYWGOVFZD;"prenom0762"
BQKFIKQOOJZLAAQZZZNE;"prenom0658"
FGCVKDKRXQRAGOVEFCAB;"prenom0332"
BLETXRXIFYIHEHZKCIBP;"prenom0006"
GYSWKMGHGOCSBPAMQSMW;"prenom0658"
MZFGJEJSIUCKAPLLVPUE;"prenom0435"
DKHOUFBZRFYYWAISFCMK;"prenom0410"
YVWTMHDKOXTDPWBKOKJA;"prenom0410"
MHJZFBODTSEKXJLWGVCD;"prenom0723"
QRELBBLSJGWJRDGNHUSE;"prenom0738"
CBDHYMZIBVYKAUVNKGWA;"prenom0149"
LZELOCRPISZEAZCAFRLU;"prenom0257"
WYDZXPVHCBDXQDGIFPOC;"prenom0059"
SGAOMKCJEAQXGGNRCBAW;"prenom0789"
VWPQYABWYVZPPSJUBXEW;"prenom0006"
DFMTESZWDCXEMXMYEZUX;"prenom0059"
AQBDALJFHSJXBKNTKYSY;"prenom0658"
PDCRLONNZWASEFAHSNYR;"prenom0786"
GGQBRUJBDDQRBDMNHFOU;"prenom0410"
JCWJUPCFYVHPKUQDVKGN;"prenom0174"
GUCGRWDOHPRBRHUEGZES;"prenom0097"
RFVEEGXAJCESOVIMAROA;"prenom0059"
GFVLQHGNRHSXNYOLYGNL;"prenom0658"
LFHVAVWTKPERLSNLMLEZ;"prenom0410"
MYUMZONYGXBRKRUXPCTE;"prenom0006"
YASEWPUUHNPCZSGGPGTJ;"prenom0301"
TFJDIXPQUWRRWMHBXBFE;"prenom0059"
MUVNZBFBMQIZDNYCJICE;"prenom0658"
QNAYNRNMXULGHNMURGRP;"prenom0059"
LHSMGQULYSFZJMEPRRLS;"prenom0049"
XSIVHEURDMEHUXTEQLVJ;"prenom0783"
WFNOLXGHNVVLQVRMILWC;"prenom0059"
QXLGPDXNVUTCWIKDPLKE;"prenom0199"
SNIQKQEKZXWZBNHZISAP;"prenom0062"
YSFOHEJELBMEAFVRYMLV;"prenom0475"
YVDMATJDZCNAQGHRWGHX;"prenom0301"
KAUDNKCIYKTWUNXUNCAY;"prenom0410"
BLVQJXYAHFPCUNFUQRGN;"prenom0816"
IMUUNDVQXMUIMOOEDUSB;"prenom0378"
PZDFXJIFYNAZFOOEBPUL;"prenom0097"
PXZKFPPEKSZJORCDVNLJ;"prenom0421"
ECYPPROTVVHISVSJXYSO;"prenom0006"
CTUMTFEBPBRIYSWOGOIV;"prenom0803"
BPAWLMSWYJJMMHUXLHMG;"prenom0695"
IETSESSPXHELAHDZBPKL;"prenom0045"
WCMOQYBFNCMOWKULFJJZ;"prenom0006"
ZDZNTBNGRBQKLQTEXEJY;"prenom0006"
ILJTCIUCOYRRYIYWXOHQ;"prenom0410"
SWXILAMXFSLUMVRDHDJU;"prenom0059"
IFQFRESGWSZEXPKHZOKW;"prenom0410"
OIOGZKSMJCIZBVMLHJBC;"prenom0006"
CXCXNIRJCBISLQMTXQIO;"prenom0006"
YCIVRTJFNMJZSCDODKXN;"prenom0006"
YNKPPBDTZOTQRZPGLXZO;"prenom0204"
QHICBOGEPFAWKQVYQQLQ;"prenom0059"
AOHCXOLKAXXIPFYZUBYO;"prenom0097"
QCZQPCPMBARIECLSAAJL;"prenom0011"
QDYORVRERBQYKRQHQBOG;"prenom0387"
NRMECMHYTYUNDVJLXRWU;"prenom0658"
NLHZFRRMWKYNGJJHKEKY;"prenom0006"
OEAUHNUDDQILLCCUBOBT;"prenom0792"
GFXDQBCYKPAISZSYVLVR;"prenom0246"
GNMZHGIDCOUZEAIGOAKQ;"prenom0791"
NSWYXZXONGLEJZKORIPR;"prenom0778"
ONEHMEGPGZHQUMQBJGHE;"prenom0006"
GHDCRNCSXYWAOQRRKAWK;"prenom0428"
JTMSUMGBFNSULJRNRQIO;"prenom0658"
YXLMTXZHULQHDUMHTQTP;"prenom0006"
SHLUUIITFOQNRBDWQRLC;"prenom0638"
NPJETNCGJSKNXEMYBMNS;"prenom0401"
QIROIGKAASQBTHVHIRAH;"prenom0658"
QXQDVPIFPESNQKBDJXRA;"prenom0198"
IPQXTUMRTJSUKEUIQUUC;"prenom0150"
LCIQQXUIDMIGWVKVDEIL;"prenom0006"
PWSIYXWWPAOETQACTMEH;"prenom0301"
YYTZAOSMXPVEHHMSJIBX;"prenom0410"
LAGSZIUKWVFDJSNKBAKO;"prenom0332"
MKJBYXSYQLJUJNOSTXPS;"prenom0410"
OXMZNVZESGGMSRLFNLHR;"prenom0410"
CQPCYBABPIHHAITTAAGV;"prenom0410"
BHQUVVMNCCPWEDKJLMMC;"prenom0097"
HVXCYRTLGOZWJMVFVNLZ;"prenom0746"
WTULCXQAKHATXTITNDQD;"prenom0783"
PHEGDBXXFSZZHBYQMFPU;"prenom0395"
JEZEFDMCLUZAPVCZJYYO;"prenom0254"
KARLFFLJRJEBLNWBHVIZ;"prenom0792"
PSZFRVMOABLXCCYQTQSF;"prenom0006"
PSHODHNVRIKOCLZDQVBW;"prenom0570"
LIWLBKFZIKLWVDDFYLRZ;"prenom0097"
LGQTYTRKSIWRGAMYWUVS;"prenom0301"
QZRMMMUBCEVHPRHSQRDN;"prenom0006"
PEYODEQKFJFAQVDLGUCK;"prenom0059"
OXALUWVMRPQGQIVNOLNP;"prenom0006"
LFGKLUVDTODMQOELHHHX;"prenom0097"
BPSQARGXOGHBMAYFUCKZ;"prenom0410"
NHRFQFCGATQEUMZGLVKI;"prenom0006"
KCDJUROIHMIYNSAQTDZL;"prenom0006"
BGLWMHECQRHBELLLCITJ;"prenom0380"
BDEFLFWSXVPHAVBQGCSW;"prenom0380"
HYGHILFOZWKNWJORTZBH;"prenom0792"
UUXGPPWFWBRRKGHPLPVZ;"prenom0658"
OWRSDTNNNKBMQWEWGSVX;"prenom0097"
UMNAELIHMTCAYQBYOQOL;"prenom0410"
RNFLHIUQKAIIBROIPGUR;"prenom0658"
RCCXIWSJRHFKHXBKZVSA;"prenom0758"
GOCMJSOIUGHQEBQLUGQT;"prenom0658"
ESXAVKNOCUZXPYUAJNBT;"prenom0410"
QPBCSYKDGTZVDDXORVPK;"prenom0410"
CYLXSUXDQFPFZCUPPVXU;"prenom0410"
PYTBPOUKDBQTILVMZXTT;"prenom0134"
TSFSDORJIYOOOBCRGXEM;"prenom0097"
EKMRXVZMAFHAKXSEFTYB;"prenom0094"
XVLRSYMAOWMCUQYSFHPR;"prenom0237"
ABIYIIPGMHDBMDZIFWVF;"prenom0301"
GCVCNAMANHMDASQLFFUI;"prenom0410"
MMKHKMTTFSEUAHRNUBXL;"prenom0187"
ECXBDMUCLBMGKIJKKQEY;"prenom0410"
TGTKYAROMFPHATEYQGLC;"prenom0006"
CXWDKQGSWKJIHSAUENZG;"prenom0658"
NOVWCATRLNIOOBXKSLVP;"prenom0222"
AABLVUZQIRAJJISRBYLZ;"prenom0410"
BIWMFIAWVVAKEJMVGNNE;"prenom0143"
APNRVSYDGKJXWSZTFTWY;"prenom0006"
AGGJSFSWRGEAYLDOXIOL;"prenom0059"
JKMUDCRXMENWLXFMCZCJ;"prenom0097"
LSCSKSZOYFXFLFXKKDVU;"prenom0097"
AIREUWWMASVKLSYIMKKJ;"prenom0301"
TELMWGIQJSZIZHXXSPUK;"prenom0097"
ORTLMVOLRBAUUNYMODZI;"prenom0410"
XCFPZERQOOULHYPDNRUD;"prenom0059"
WKZRKTIYBROAORWQDGVJ;"prenom0097"
HLFDELLGZHFDKQMYWNXR;"prenom0686"
NOZETSFVUXQAPLBPYFFC;"prenom0006"
XWHHZNUFQVXZJPTRKCII;"prenom0006"
LLECAEMNDCCZAQHYAPEB;"prenom0396"
FRCOGXHSZPRFLFCBXJJA;"prenom0332"
PLHQEVBGJQPCNKRTKFRQ;"prenom0097"
JFFYPJMZUVEAIHRVWMUQ;"prenom0782"
XVTREGXAZYBYDHPUNALD;"prenom0006"
GYLDJLCPSSNLACDFYOZL;"prenom0097"
JNORIJEQXSVXIOPNIGWT;"prenom0433"
DZTGHCXIHOQQCVGEZENU;"prenom0592"
MHREGRYGZPFWIQQNIXHW;"prenom0410"
JJCREYXAKOXKPASNCGIQ;"prenom0416"
IHOENAJIUHRLHJDAKWOF;"prenom0301"
LPLYUYCJRXQHFMUHORCP;"prenom0501"
FTZEMRZMFGVIMGDNGMNR;"prenom0006"
TWOQTQWAEBGCBBUZHECQ;"prenom0097"
NYDJCVLEAWEWJQFVDNKP;"prenom0097"
TCIGQTZXKANMGJIJDMQC;"prenom0783"
PYWYCZLRGSPSQPDFVSHV;"prenom0673"
RFSYAJWAUXXNOXIIBMCQ;"prenom0059"
TLTZZZKTFEAQSLCDIEFY;"prenom0335"
NFTBRNJCAZLVFSFTFNIN;"prenom0410"
OPAMMRCHFULGEEGIFEXJ;"prenom0097"
GKCQRWIKLGYVWBPFXUVK;"prenom0658"
CTXHZFXDBOUKJEROASVT;"prenom0097"
IPXXUUVPMILDODWJQIEN;"prenom0410"
XIMYZSNIFIIPUDKHEIOL;"prenom0006"
QAJWYOVKLASDWAVLCGNG;"prenom0097"
IATYFGIZVPKYVZJCWSYY;"prenom0478"
IDEVXWUGOSBOAORJOHXX;"prenom0006"
FOUWWUODHUMQHQLPIZIY;"prenom0658"
DFXWPVEDGFERPODAZTNR;"prenom0097"
DNHIXGYLLKDRJBHORNUT;"prenom0207"
AEYAHCOEADXKIDYWWDNT;"prenom0006"
LLCLPRYYRWGPKCGDDWUK;"prenom0410"
NTSMLCWWLCUIROUVNRTA;"prenom0006"
BOWEKAFRQCZBODDWMFPC;"prenom0097"
PDMOJLTCQSHIPALPSCEK;"prenom0006"
LMRYVXRNKCRVBWNDQMCM;"prenom0006"
LAQCEFPHRPAWEBPQYYNQ;"prenom0043"
IBIHMJPSRWXBJTRVXFDD;"prenom0410"
DEHHDPJSLXWGUJLNDGVE;"prenom0006"
CQDGSUHZUIJCPSMWDAWR;"prenom0410"
AAJGSXRHUIGWLABOVWHJ;"prenom0783"
XJNYZVZUHLZURVFQSKCE;"prenom0658"
DKBJOMYCAEBCSRUXYCTF;"prenom0792"
KAAIROULIUXYZHSTBEBK;"prenom0410"
PDXXEVSMBODNAGIVYNXZ;"prenom0237"
NCWVXPJDKVVUOXLACPXR;"prenom0006"
FGHLFMYMFMMJFTLKDYTT;"prenom0786"
BVIERDSDQRGOZMQKAXNA;"prenom0658"
NOQYJSTIPHEKSCKPCGJT;"prenom0771"
OGVJHUGVVZMCIAEYMPIX;"prenom0097"
SAGUCMOXCYMDPMBYSDDD;"prenom0410"
UTGNWQLSZKUUCRGBUXUA;"prenom0410"
EGVDMRKPMEFXATUENOOY;"prenom0410"
YJDWNPJIOITMXQMUUPBZ;"prenom0380"
JVKURWBSUOVMTQICYJFP;"prenom0380"
XPLNLIBORIBDSILHDEUL;"prenom0199"
BFMFQKEIMHQVJFDOUNTS;"prenom0744"
OIUULPPOPXMVADCYGZYL;"prenom0212"
BHQERHCRNRRSPQIIAVXO;"prenom0658"
OCFHUPBDIIJOARXJDMHM;"prenom0069"
VUQOTDJUQCPKEVECORLD;"prenom0006"
QKMEDYSXPPYSBERTKRDO;"prenom0059"
TZYBYJBEPKAPWKQTRHDV;"prenom0658"
UTGQQZAHUAUXKROZJYIW;"prenom0259"
UEYHDJKVEOFHFJZIBPEY;"prenom0410"
BXSFBTBNJHOMMBSXIFDI;"prenom0059"
SPQQEALFROFZKQJLOXQM;"prenom0006"
BDNJJSBSXNLCLLJUKRSB;"prenom0789"
RMWYLEUUOXKILGKXARKM;"prenom0006"
RMHGZABMEQCXSBDPHWSF;"prenom0380"
DHTMTAFJDCIOPUTZZDKV;"prenom0097"
FKHMLEOORRJCQVDAYPWV;"prenom0267"
LHPKYQVEPADUUBLSSUSU;"prenom0174"
RRIAHJCHLMRUJASKWSTN;"prenom0410"
NOJLYISBLDPYSKGWNUID;"prenom0006"
UETDZYVDQKRVBFHYEZVW;"prenom0570"
ODHEWPRTECZUBJBBCZVW;"prenom0758"
EXMGXWPOWEURBJEXXBOT;"prenom0006"
PJZMXVDXPOEJWXNSAGWB;"prenom0059"
DVBEMWKWWDSAZQWUJPWB;"prenom0744"
IIQARMGKDZMNLJKBWJWV;"prenom0410"
ZRPMZOFATJTMKGEGUWMO;"prenom0600"
LZIWCLDFERJESXOJZQSB;"prenom0312"
BIQWLIDNRKJCVACVLYEK;"prenom0572"
BYMLKKMRBRNPJTTYGNIQ;"prenom0410"
AVMLLNYBGRPUIBPWQPUV;"prenom0658"
XOIFEVOJFMHDULVYFRQH;"prenom0728"
JYIZDHFAVSCSKYKKAUAN;"prenom0645"
FZSWNLNQRCQAXAUFWVWI;"prenom0658"
OKSSVLUVUFMLWKRONEJW;"prenom0043"
BURTAKDXBLFXISLVJABA;"prenom0658"
FESTCJFDNCLEDSPKLMIE;"prenom0059"
YSBMJLOZKMVAUUNAGPBK;"prenom0174"
QKCRUJHXVYBFYTAYJNDY;"prenom0695"
HRVIBGKZAXGNMOLZJZMY;"prenom0579"
GYWLFYXILSSPTTLONYBC;"prenom0562"
JXXWEDDCBKNAKLOFFJCK;"prenom0006"
FGEJVTSQEXMTNBHJLEUF;"prenom0658"
NPFSPNGYFEWVRBAVHXFR;"prenom0006"
SYVGUMYLQMOVOAWXGVRQ;"prenom0658"
SASAXZEAOCUIPLNNKPGD;"prenom0170"
ZNWIKANJFJLPZSCPJVRE;"prenom0658"
BJQHJWMTMWGCAVIWJDBQ;"prenom0006"
LSWNTZPVSPYYGAHBVZQR;"prenom0792"
NSXYWLMRBMASEXUADBUC;"prenom0458"
OXYDMPLVDZLTIXLFNSJO;"prenom0059"
MSBCQGXGOPGZPBQWLDXR;"prenom0441"
CLUETBKTXVPMEZGQTJWV;"prenom0420"
ELVGIEQWGCWJHKMKJVPD;"prenom0281"
AOIBBMCIFFQFXJBYPQFW;"prenom0143"
OVNOICBOOZLQLQTHSBPC;"prenom0830"
VNQRKEFJXUMEBWMZJNCL;"prenom0658"
PWUZWANRZQULZMIEAGPK;"prenom0797"
ZBANWQJMHHNCVBTELXFB;"prenom0059"
IJHGXOYOCLRXWHZKHXJO;"prenom0410"
RFNQUIRJLLPKJPEMNCNG;"prenom0658"
EVQJUSNGIFHBWMHVXJTI;"prenom0436"
VJOGZJIERTKJJPXYWKQE;"prenom0633"
RHTAUUYESGHMPYERKQES;"prenom0243"
TOWDTZJOGJRMTUVFJSZL;"prenom0006"
AYAPMCTWYYMWUGCSFZEJ;"prenom0129"
FOSLMAWKAIHWZXPGUVPK;"prenom0274"
SWMKSMTPSXARROQWEVIR;"prenom0424"
NOIYUWALBIIPAESMIRCL;"prenom0181"
KFJWQANEXBLELCYCPYKH;"prenom0313"
JXXRPITGGWJPWZIMVHQU;"prenom0252"
FSIPGVYKOLYNRVYYMAQZ;"prenom0424"
XAJXMFEAMXLBPQXELZDG;"prenom0313"
CJNSVOJXABRZFRHGDTJH;"prenom0253"
TJZPSYNEQZKOEMOLJCKS;"prenom0224"
MZIAVTCRGIZAZQYVUVMO;"prenom0274"
MRVILWAZMSGIUGIUKNXJ;"prenom0274"
LAZLTXUZZOELCVBJRAQC;"prenom0321"
GQDLXSXIBPKYHOLJVWMT;"prenom0287"
KCJUIGSSUNMNCQCUMWKJ;"prenom0247"
LDITENKZNCZIISAWIZTK;"prenom0247"
CCGKOXHVFIZZTPARVPXE;"prenom0424"
ATJBMZLRRPXBPILLWPYI;"prenom0634"
UCGTXPCYXRBHZEMKHVGV;"prenom0787"
YHYMTZIRBXRZMKFHZBUQ;"prenom0287"
TNXGXCGOGSQVLVXVSJAS;"prenom0787"
ZJQOHELDYBAFLABTAZJG;"prenom0274"
UMEIVYIRSJZFHNLGCFUJ;"prenom0274"
FAPUHDIXLXXHJHMEZARR;"prenom0527"
IYTHEDESURHSQYVDHKGK;"prenom0745"
JXHEQPBONSGJKWLJWLUA;"prenom0564"
MDAUMUFVEHLYLPNKNLLH;"prenom0787"
ICKREINRKHSMWEDSYHSX;"prenom0787"
VHXAUKXLMZSGBXAHWLRT;"prenom0787"
XOITSXVPJZHXNRPENSAJ;"prenom0787"
NBWKIATAQFSYCUESBPFT;"prenom0424"
ZHNAFQGZAUVJCZXEUUYQ;"prenom0784"
SZLHVCPJZRQFRAJMVYCE;"prenom0206"
VFPJGHCPMBGLATGHTEDJ;"prenom0287"
HFOYOFUWKBTQPWGLKETY;"prenom0274"
SULLJFJHAKKVEKVRDLQJ;"prenom0274"
XDSTVWTTVVLZQXBOHUUB;"prenom0247"
IHASKQSLQZLRQQEUTIQI;"prenom0516"
ETLDJBGGJFWGPDFKNCFB;"prenom0126"
WIRTPZPBPUIRCRPPQVQL;"prenom0849"
PGXJUCCAEURRWHUGMMKC;"prenom0274"
WGOOLCAPEWJTHTZYHUUQ;"prenom0224"
BEPYVNFTDGTRONQDBJOC;"prenom0247"
ACSVBYNCANMBWXISUMLD;"prenom0181"
VLZCGDEGBHVNDDWDWAIZ;"prenom0374"
SGTJFZZMZPBPRAGWOCEO;"prenom0828"
NWQUWDVGRIJCEZCDNTBS;"prenom0044"
HQUPQHCDLORPJPUMZSMU;"prenom0323"
ZVSTKVZMPVESNEEQDWRY;"prenom0424"
FRDATUFIHCIUKHBDYWTY;"prenom0274"
XVFCXHVLEHMUJREYBESQ;"prenom0091"
DNZGZGJVUFFTXVDTJYSJ;"prenom0660"
SBUNSQNRICIINRTXCLFV;"prenom0787"
DKFICBHMRXSERXHLJSSR;"prenom0564"
GUUIHSADLNSWDJPZNRHW;"prenom0424"
SANUDCGXBMHHSNNWUGSQ;"prenom0831"
MXMILUNMZMFWAVOPUPWE;"prenom0417"
XGYDYLGWEXZZTRBTOBGI;"prenom0677"
FPOBPJYWGLPUNLCRFNXS;"prenom0252"
UZSGFRPWZDXWEQZHIHDF;"prenom0787"
XNHACUXTCEQOVFQCLVXG;"prenom0067"
ETZBHYKHCJGMYAUHOKKA;"prenom0181"
PDZJWOJFDYZARFWWIXYE;"prenom0599"
CQNYDYOXXISTOYIMBGUC;"prenom0313"
JAJQDHREQVECFPSMBDQN;"prenom0669"
XVLTGULRFRCKQKSUYHUO;"prenom0010"
LRSAMNRHJGSTUSKTVAQJ;"prenom0614"
JRMJCXWNGQNJCCRGMSVS;"prenom0787"
IRSSZBUIYHKNUUTFQYUI;"prenom0274"
AMVLCHMWWCUBIIKGIHLW;"prenom0247"
VQTRSSXBXWJVHFTCMTGJ;"prenom0126"
IIPASUYOXFYUIPQPVPOS;"prenom0247"
HYWQEUEIPYFSOVIJTADY;"prenom0274"
QTTLROVBLLRSKBZXFABN;"prenom0705"
WGVYVSHZHHBECQBXENJA;"prenom0524"
UXYMJGYTVZKJPFYKDFEK;"prenom0274"
GRXZNCIWZUCIYTTQLSJF;"prenom0252"
KUOZIGMURREGMYQNVMBT;"prenom0010"
YVIUBHJLFGQXLOCQTKAX;"prenom0748"
JNFSRVNACCMEJOBUOYIZ;"prenom0313"
WUVTVMVKBSIIOGAADASH;"prenom0787"
TWFNYNGSYLYOEDXGCCMG;"prenom0224"
KRGJFGJKXHQTDQROAKTV;"prenom0307"
WEDFIWMBUANCEPLMSHIS;"prenom0508"
EKQLDXEMDWEMJIAPCODB;"prenom0247"
DXLBYJGWTNXENTNRRDJL;"prenom0353"
ECLTNZRMYFQQENDACHWV;"prenom0010"
ELFRAGJCOSFTAYXRWLOW;"prenom0849"
IODZKZQTVMGCQFHWZRDT;"prenom0609"
TCNWMDGIXMDPIXSQQRNN;"prenom0181"
UROHTYDNBZVAASJYZXVV;"prenom0571"
TKRYRCXAZRGQIDBXETCB;"prenom0417"
YWTYKYOBDTVRULKIVHQC;"prenom0787"
MQLLVETSXOLTNPEYAYDM;"prenom0313"
STJUPTFSRNYBERRSMTJF;"prenom0313"
WUIUHTJMSKGXAKSHQYTO;"prenom0424"
FGFTHCHKXCENUNOPHXEI;"prenom0313"
XMNCQFUSDFKOJGSFQFUL;"prenom0321"
DUQMLBDHFKDCIXMBSNCG;"prenom0380"
ZBXEWASSFEOKJVEXJCOM;"prenom0261"
APTANIXYYMJINHHUFCLD;"prenom0247"
DLDCNIBTTLLXNUBDEJLZ;"prenom0669"
GOIMRDQMJRIYCQYLYCFH;"prenom0003"
NFXKRCBSJVXBRYNHJZKK;"prenom0224"
MWKPTYNYJIUVIAHDMVCB;"prenom0274"
ZWAHSYHVTEWQWEQHXTHN;"prenom0313"
ISKBDGZYBHVMHHSDSVTD;"prenom0424"
OFPOTOBJRZKEFRUDMSJE;"prenom0313"
WNEVKDKRKDFKOCFJFLHN;"prenom0253"
UMFVUIHEDWLPNZLLDCCM;"prenom0424"
MVKZXXKDAGVCMTSASUKD;"prenom0787"
OKVNBDJZKMWJUBIKYECF;"prenom0247"
TLNXCQEHISPMUESTOROK;"prenom0787"
UVWPVGZZVMVLLHPPWBKW;"prenom0129"
XCXVBOUAQTOJDZRYRWNL;"prenom0424"
FLMLSKRJQVKVXLQRTOOT;"prenom0787"
AMLMHUTWYKGFGKFJRCOR;"prenom0711"
XZMFZWSSLDETUUIBQBMM;"prenom0417"
TKKNDESUWJGAZHAEVNYI;"prenom0597"
TOXKGDTMAIGKBFIUXJFM;"prenom0599"
RIZEWGMCTAKJOKIMEXCT;"prenom0849"
RLWLUVFDIVPGFESSPAZG;"prenom0174"
FRPRBDVOOKNVITRWMQHC;"prenom0253"
FCKNRPYFXFIKETGRLJGQ;"prenom0828"
EIJGMGBJMYTEVEROPLSA;"prenom0787"
SXMHAXRXIJCPIPRLLXKU;"prenom0119"
RPRIHJHSOXRUTZDNRLUA;"prenom0297"
KYHPJOJSFQBUNURFQAFF;"prenom0252"
UIGQNFRDBTFJWWSHLPLN;"prenom0528"
LDBQFWYZDLDMERFKPFEE;"prenom0637"
RVKNCMBCWEEEQNPWBEBV;"prenom0224"
MYVGBZKSGARJGVOLYCIE;"prenom0154"
KNMUPDPEZUXSZIHEXYGD;"prenom0181"
TISNMFBBTBLHDIDNIXOL;"prenom0274"
MYYJEHMJSTLYYZGITLRL;"prenom0784"
QXHTYICJOISXKICFEOFD;"prenom0424"
FIBQHPFJRJYUUUTGQGNL;"prenom0787"
KDJYGDFZZEQPCDSNOFRN;"prenom0849"
HDJKZNZNSLGACCVCLDJL;"prenom0374"
HXHMXYWMSKMKIKCTLRYC;"prenom0321"
MEFNRYANYSUWJEXCOUHG;"prenom0374"
NFIQCOUSRZDAVCTIGWOO;"prenom0564"
SWBJDJAOHCVGTBSBKNXL;"prenom0424"
RTVONQAMANTJRNXUYGIK;"prenom0849"
BSMBCYQXNBGRJLEYQPFD;"prenom0564"
PXNEKXGUOVQOIDQRUYGL;"prenom0140"
XYLMVQDBCXYOQMCRKGXF;"prenom0424"
JTKDZUFGRGTMXCNTRKLA;"prenom0224"
OXNKUXXULLJOBPUHPRRT;"prenom0607"
QSRLAEFVVYHDABEHJMEO;"prenom0274"
EHPUFXLHDRXHQCNDONFR;"prenom0010"
ABNELXTQRDRULBCMUTBG;"prenom0253"
GTNJYWBMENUWMRVIWWDB;"prenom0247"
HHLSTOKYKLCPWBIAFVRU;"prenom0247"
HIEZLYQBOTGRTNKURWRN;"prenom0174"
HXULDWGPFNJWUBCIXPFP;"prenom0787"
MTLKPKQLLLSIFSSPPSWF;"prenom0787"
RDUQXIMVMZTVUPRGVOPE;"prenom0564"
ISUPQKRFBBQNUICHXABP;"prenom0253"
BOEVJVHJVIRVOBNOIGZU;"prenom0817"
BOAVXNHNNMVLAQIWTTJP;"prenom0424"
IAUQPUVKZNPVUQVCFKRR;"prenom0224"
NFFXBUTUKWBIXOQPNNBE;"prenom0698"
JQQCOYJBWKGDZDGQAFRX;"prenom0561"
TODTECPMQBTAHXBKZGWI;"prenom0742"
MMRMCZJUAGYVRDQPIVWO;"prenom0849"
VOTZIKMRCZSWFUPBQLNB;"prenom0424"
WWGLDFTUSZEFABTJNZQX;"prenom0313"
PUQBSOURBHIIICATYQLB;"prenom0800"
VJOUOMTULJLSWPCMITNI;"prenom0165"
HVILWSZNJULIUPKKDDAZ;"prenom0119"
ECWEOSULDCNGAJBYHLAV;"prenom0424"
WBAWFWBEEVIBCNIVJHWH;"prenom0787"
RSYARIRGLNWKARMGLHFX;"prenom0424"
BRLZEQGKBJTPKMUTMZBB;"prenom0564"
LCMAFIGWTBQJMMSUGGEF;"prenom0787"
MCXVTPTSZMAAWODRXKCK;"prenom0417"
HTLKKYXSPWSIXBZOVHIC;"prenom0313"
IIHDVWTNQBZBARCEVQYW;"prenom0287"
GVROFWGVHXIXKGHLENYP;"prenom0119"
QRLFMBJWWSUZRRIPHEJM;"prenom0125"
CNAODGWKTDDGPMACKUIR;"prenom0252"
DXLJYTLUAJWXNFPHDIQG;"prenom0274"
WAHOVXIQGNIZANRPIYLI;"prenom0313"
XHUBAERPDXWFVDGSMLDP;"prenom0424"
XADGEDLRBUQKVJWWWXYC;"prenom0245"
XOZLKCBJVLVLUOCCVCZE;"prenom0564"
XVSRUYDBSMJRMMGEOMHR;"prenom0313"
SCWFCFRKWXVAAOUILPZS;"prenom0253"
NTDJJUJMRJLVPOIJLVQH;"prenom0424"
PFPOLHIHFYELVWJKKCXZ;"prenom0253"
VCXBDSDFTLMVCFHTLOLZ;"prenom0042"
PKSUBZLDZDKGZGIOGQHY;"prenom0247"
WKAIXFQUVOYJKBFRJUPD;"prenom0564"
MSTAXTMQLTLDUAMHSOOM;"prenom0787"
DOEQKSEPBZYQWXABSFKA;"prenom0479"
GRBFZUFYZMVPLCXREVMB;"prenom0564"
KFCKKUEPJMUNQIVTCQTM;"prenom0585"
EKTTLRPOMEJYQKECIHFH;"prenom0637"
NBODHKGEYBNJAOXIDURY;"prenom0787"
VLTEOSBCUOROUUTCNCKG;"prenom0125"
SFYBSOGOCITJYCMAPGVF;"prenom0796"
FKTVFXEUDUKVSVUJMGLM;"prenom0564"
WXPEGQIQLWROMFSWHAGA;"prenom0086"
JGFCDVDZAOSSZPIMQWMH;"prenom0380"
ODPKIYKIVTCFPMFTFCKT;"prenom0849"
YKXNABGRFAIVHABMEIKV;"prenom0424"
VTFLHCABVCIRGFUYMHTA;"prenom0126"
EEEIYROGUDNDZBXQLNGF;"prenom0196"
SUQUIFCFWRSKTANPOZRD;"prenom0247"
VETIKTECVOAWNVMOFHKX;"prenom0547"
NTZVUHOIMCMEMJBFPNSX;"prenom0787"
TUXGGIAKMFRYPXTZKVPL;"prenom0274"
BVQYTAYEXQGBSPBFJYAJ;"prenom0424"
VFWKQGHEXLTTXHSMALKW;"prenom0174"
ESSYXHMNHXCFGRPFAPUA;"prenom0125"
CPRFTWWCZBDLRWLSCDRF;"prenom0287"
GTFUHYLZAOMYPGOPXIID;"prenom0248"
VXOGROIOTABHRAGCEJDH;"prenom0010"
NSEUNOIVXTMFSHWXKFYL;"prenom0274"
WIPNYGRMYTWAERLJPUNX;"prenom0787"
IDSMLSZETXBZOVTHNORD;"prenom0849"
MTLGWLZTWJZZEUVEPMDV;"prenom0424"
ZKHXQEVDPZPDJZGTYUHZ;"prenom0424"
FZOPPEHWAKPUAQKLLYDY;"prenom0424"
OVILSSREQCFJLUNESIVM;"prenom0175"
XEVHMDELOECQXNSOWCBJ;"prenom0787"
GZEPMNJLICWYTCZUFQWS;"prenom0639"
JBBGJORZEGFYXMUXLPDW;"prenom0274"
EFHOBVPDVROPQJQGJWLG;"prenom0245"
YGVQEKXLHMOZAYXPVTZE;"prenom0224"
PMTQMTIDVPEJBCKWVRYC;"prenom0130"
SVQBJESBASHUJTWCTNOQ;"prenom0274"
VPGPPIQCPKEDDZFYDUMS;"prenom0247"
BIJNVBKGUIVMMENBTAGN;"prenom0224"
URCPIZIKHIDYZANPZNOY;"prenom0739"
HWRJOOENORISBVYUCGYU;"prenom0125"
UITVUJHMKXJTAOFBDBJR;"prenom0424"
PDZOAKATYGZYJQHTCIKD;"prenom0693"
MVNCRSUJPBSCXDLWWMKM;"prenom0321"
HVOEHJMJQXLSAHVTTYTX;"prenom0321"
SEJZUAUPLYGRHNSWMRCQ;"prenom0699"
QZZVHMATPPIWVKWPKDSV;"prenom0307"
PBZGCAIQDFUDRYQLFXDG;"prenom0787"
SPHAKTPCVAXHZCGHZXVC;"prenom0787"
AHYZFPYDFRWHZHRGBPYD;"prenom0787"
BPVJYHFNNAOSWGITRQHH;"prenom0787"
LZEXXMWBNAFYOOQSCCHQ;"prenom0190"
KYRQSCGLPPRQTBJLXYAB;"prenom0313"
PCJRETNQXTGNWAYPPGCE;"prenom0805"
MAXUCPLIKMBNOLZOQPIO;"prenom0274"
HOCKQUXIGLMTXHCICIDM;"prenom0253"
WQSEIOPTFKTIBPBUQFWS;"prenom0708"
KMUDRAJJLNDNTBMRENCV;"prenom0720"
ODVLDMOJWCNNUWBXUJNR;"prenom0010"
TGRABPGEZSLGJZEZJEDW;"prenom0424"
FQUNSKUMTKHMZZVLTOTU;"prenom0666"
USSAGIWDVMENUJJXAQLA;"prenom0608"
FYAOHJQMFERNFYVUSPJJ;"prenom0300"
QEVMVMNKJZFDPFJOBQIQ;"prenom0313"
ITMSFTUCDCVAYTJKZAOS;"prenom0424"
GCCTWCJAVDKRVHMRFBXS;"prenom0224"
OATJBYKWRUTOKUNHJJSX;"prenom0086"
GOOZHJAUBRTILJZHEBKC;"prenom0224"
TGNYVHGABBGBWMTHOORB;"prenom0424"
SFQXLYRHVTCRARUJREYZ;"prenom0010"
MUJQLYBDLFEQHFRQCVGB;"prenom0206"
BBUMGVTFSXHKYHEXJSDH;"prenom0614"
XWWZLYSOMDQBHIHLPBLJ;"prenom0424"
BTSYYLVEJJBGHAMAKNCJ;"prenom0564"
SKTBBBOBPEHUSRTRHXWQ;"prenom0017"
YFBLDGGBJBSZYHGEVCBX;"prenom0295"
KCMWPRSVLVBLCMPDMHQT;"prenom0274"
TFUUPZQFNNQNNUDBAYIS;"prenom0424"
ILCQXMWXRGMKYYGGHYMW;"prenom0424"
UALOBGYOSHBVQVVZJJAM;"prenom0424"
YNRDKBUSRUEFSSGBYLTR;"prenom0424"
ERSZKGRRVHPZADNKFWDZ;"prenom0287"
JZXLEXLZLSPABUXBABZI;"prenom0424"
XGBPMWPSCUDQGUBAJJZM;"prenom0175"
BPSZZPLZYRQMYMSBEVNY;"prenom0729"
WUVZEKYPPSIDXEEIRRUZ;"prenom0025"
LPZWXXJTSFLVXNPFROYC;"prenom0714"
WPXOWAPGYCRDKJBAEKZE;"prenom0849"
KNGBXKEYFYQFZFJSRCIY;"prenom0374"
AWBOEYSILKDYXVMJOOQS;"prenom0787"
WWRNHWYMAHGNVSQXMTYY;"prenom0253"
RGKLOUKIILJQKAQUZAZP;"prenom0022"
RBYMNGYETNLPEBPIOEOQ;"prenom0176"
HTDIQUPQPBZQDRYMLUNI;"prenom0424"
VXLBWYWBIBUQOJGDCELA;"prenom0274"
CNFTJPQYBGXBJZQSCSZM;"prenom0424"
VTKRQMPVSXJTRMPBWBEF;"prenom0261"
KCGNZYFHVMYOPRUFQIVP;"prenom0417"
FRZQNQLBOJDISKGZJLIA;"prenom0787"
FXPZMWAHFKJLCVXBUTTK;"prenom0610"
TFKMNILSDMQUNKNCXVBQ;"prenom0424"
UKPWAPHWOJWSJCVKFHLG;"prenom0424"
KKTUVMFMACNUBPMKAVKG;"prenom0082"
DNTVQKOTYPQGCPDDWZKF;"prenom0564"
XNXMNBDWPGWQXPPMUOOV;"prenom0223"
BVYMBJQMOXBPDTSQXOOK;"prenom0553"
QMVNPKANMZLQJUREQLVD;"prenom0472"
FMRVPOVNQYGMDRPIVZHJ;"prenom0813"
ZIDXNRDZMOGLRESZSRKY;"prenom0424"
RRFLSLWMSHYYLCJBFDRZ;"prenom0564"
QHQAUKJVAEITPABUPCZL;"prenom0713"
YGVHBTUIWLHXUHPXYLSH;"prenom0024"
BLOGZYZCRUUHCUVRLSGK;"prenom0836"
MASWCYAMOMYNCILDFCXU;"prenom0181"
TVSULBTUCAUSDGCSGZIV;"prenom0119"
KMOATKQHYSBQHNJGBMFW;"prenom0253"
EWMLFGIPLREMMNTEHRVI;"prenom0274"
SAUGUGEADVEXXTIOYEPI;"prenom0637"
FJJELFRDARLGQJTCQADB;"prenom0181"
BFEGZDUAQDWOKJRWVIEJ;"prenom0781"
YXFQVGPQHHGAUFPTSNTJ;"prenom0023"
RITVBXSZOIPOFUEEFPPW;"prenom0424"
YKKQGNTEMHNERMQFZVFB;"prenom0023"
HDQCWMIDAODWZCRDXDHX;"prenom0141"
GPLOHJHPHXGYASZZMMYD;"prenom0672"
DFXRYQITFNVGAASPOZQN;"prenom0381"
HPWWXJGMXTYGVWPRPBEW;"prenom0118"
GANECXMTNPLLIQBYEVZJ;"prenom0141"
FPZNTENDNAUUBNAGRUDN;"prenom0118"
JRRORLEYTEPCGFMZHGVI;"prenom0654"
OGCUGGEIOCKPSBNCRPAT;"prenom0014"
UOTIFHMKVYQPKNOUQBTW;"prenom0118"
IAIZONYCAFMRWAEXEMTK;"prenom0843"
SMYNLQTVBHTODVESBWYI;"prenom0588"
ZEXYGBOQMGFOMBLLVRNV;"prenom0549"
WCJCMMIIGTFRDCRHWIBY;"prenom0424"
KAEIQDQFUBAACINIYHZW;"prenom0503"
DVMFFQTBZULGRVLRIXWA;"prenom0135"
ADYCHQCENPXSOWFSBGLI;"prenom0424"
OCRGJTUVBHKGVQUHIAIE;"prenom0643"
OQSYFHCXWOQSEZKKJBPD;"prenom0781"
XXSSYDNXWFTBFHOJIAGA;"prenom0503"
IZJHABQBOVCXDJRXTHCU;"prenom0503"
OIDCMAPAKHBUIORPFQLO;"prenom0814"
SUPVCQGYFZYHOPQVHIUI;"prenom0549"
ZIPPBAJMNAETMTWOIZNW;"prenom0114"
UEOXYKHGVZXRLOQRSQFM;"prenom0503"
GFYKXUIYGUSAZXJJWQNZ;"prenom0687"
FPBFLINBNRLXKDPLYCDG;"prenom0424"
XNGZQKFCFWRUXNHJZHIO;"prenom0615"
PRJAHNRGUPDXZYHSGLAO;"prenom0616"
EHKIWJCLIEONFIRXVZLT;"prenom0023"
HVVEOLZDIJKQIAVGYQPC;"prenom0549"
MFYYBIXBMBHXEYOWDSGG;"prenom0503"
WYDYCSKNGRNHOIAWCLVK;"prenom0672"
LWGJKAZPQEFLQEXYCEER;"prenom0781"
SLGYYWFPYOKNGQCNIYKY;"prenom0517"
ZZHVNGOYLOSRUCBIVRIE;"prenom0141"
BNTDXARCTYTMXFYJCMGR;"prenom0424"
TUJBPMDLXERTWHDLBZHC;"prenom0549"
DAFYVBLOIFPGPLYARJRJ;"prenom0672"
VEMYNVJNAWCDUNLLFOYR;"prenom0354"
HZKMVVUKMYXNTAURPDCB;"prenom0118"
URKGNEUUAQYYGUTVTFDW;"prenom0740"
QSWGTPFAIPEGXEYZTTCA;"prenom0549"
TUIXWKDRUFVIPSHQEARZ;"prenom0424"
RXFZQQWUBKJVMONEQPIL;"prenom0141"
DNRYHJQSCONHEUTXBSZF;"prenom0734"
WEDAHUCFHJRKFNGPGXZK;"prenom0114"
GPPGWBYKSKDZLZYZNCCE;"prenom0773"
NZFNZTVGBDXEBNPOMOTZ;"prenom0549"
JPOJYRMUOZPAVCDCFFUK;"prenom0703"
ZSWQGZWJCRJHEHJNRWFO;"prenom0626"
IMXRZVOCYJCHDFODCZLG;"prenom0108"
EPKAQTINYIVWUPHGMUQZ;"prenom0549"
OCOBRTSWKRMVLQRMTXUZ;"prenom0732"
IBYDQCUIJKPFNGBJRWJY;"prenom0424"
WXFGCJPMYVWTAGHQMBEY;"prenom0781"
JZBHCGLLGFHNPATBVHUB;"prenom0141"
ZYRIDVJTLWLMBDGFLDBJ;"prenom0026"
KSEUOAJVVRHDLQINYZMW;"prenom0354"
NVDLETHCFNAXNVUEYJCP;"prenom0023"
TFIXNXONGUPCFVYVAGHF;"prenom0303"
UZDEXAUWOAHLCWMZPRDE;"prenom0118"
CFWLFYLPBFEMHDQRBKVE;"prenom0434"
UMZAOMQODAUESKGAAUEW;"prenom0424"
LHWXJWQYLZKVRYYVWGIQ;"prenom0023"
IQLSLXRYMMRAMNWIMDKW;"prenom0549"
HPNXWOOOJGPBTJKSNZPM;"prenom0431"
WETWTLVFDYNWLKGLFODG;"prenom0002"
TVDTBDGTXGPHVBNMFAOH;"prenom0141"
SXVXPARDBFJCDUDWZICN;"prenom0781"
ARZHZAGZGUFSHNAOYNVN;"prenom0549"
NOKOMPGHSFHKEZGNUCSL;"prenom0549"
RJUSNVNLZWJPAQWPASVX;"prenom0654"
MHSIYIIVLRQWVPZGVOES;"prenom0672"
DVLKBHRNFDWRTRTSOZCL;"prenom0781"
ZGPAPHGBWXJUTIPSHVRX;"prenom0118"
FQQVLOLWUCPZFSVWFCXE;"prenom0672"
NBATVLBFVLPFWNIEBISJ;"prenom0424"
FMFXPPYVUPWMLQYLDOAL;"prenom0007"
MTJFUAFZCSKAZYAPDAVT;"prenom0118"
QAIBWKNXJGVBSOMOCSSD;"prenom0549"
MMICXLJXKUNMPCYXVSYE;"prenom0549"
WOTYJDKZUPJDDYUERRWW;"prenom0549"
VHIHSUKPMHMIIKHVKTZE;"prenom0118"
UZNATOMMVKCWEMVRJEYO;"prenom0229"
WXEQYJVITSJWOBBNQMMV;"prenom0052"
MGSEOQZRERBAHNGSYQWE;"prenom0672"
HQPISUWOQVJVKMMYUUYQ;"prenom0141"
HBIKWZVUWPATLWKGOIOY;"prenom0781"
UNIZHFSKZHSSXGRKMQRP;"prenom0549"
HVSNYMYFXJOOUDFQFSSP;"prenom0549"
ZZLZSNPCQVXENELLDICV;"prenom0424"
MVSNGCVSDFWAGQFZNAEN;"prenom0026"
TWHBIXDJIZCCBERNERKL;"prenom0023"
CCINDMVVHGUFPDOLDMXC;"prenom0118"
PKHUEFPROWZMFGIQIOPP;"prenom0549"
BZZDBHIKLNDHLHXQRPIH;"prenom0537"
GRQGMUVVTZIJNWIKEWUH;"prenom0118"
USQJGOJTITHAWIRYXSUY;"prenom0052"
TKFMABUTUGXQSQMNVUCM;"prenom0781"
IGGEBGRHMMBLFSGQBCWP;"prenom0549"
MOSJBFCEFQIFLWPRFZHA;"prenom0390"
ZAUQWHFAAARARKYOZPSF;"prenom0249"
KBRSEJYIYQTNAGWNEHBE;"prenom0781"
MMGNQRQAEHKKQKZWQZNG;"prenom0549"
RZWLKATXICJFREUVGCUL;"prenom0039"
MLCARSDVRBNRPPJNSSTA;"prenom0336"
WSIUAMCMKLVKWNXGNNAQ;"prenom0722"
WFNSCPVBXWWSCHXPLBXE;"prenom0118"
VRXYLJFEHRDECNQKMXRJ;"prenom0549"
DSLTBNBLQBZBPMPCSSCV;"prenom0118"
LXYPIMJSHPIJDMJOTHZR;"prenom0023"
FVCQJSOOGWBQWXENTCFJ;"prenom0368"
UFFQLBECTNYHMYZQVKGE;"prenom0503"
UCXMMOTLFZNTWQPZXHFY;"prenom0781"
SWHZAZYQJMTIOWSXKCQM;"prenom0100"
QJIJUSUVPIYVGSMQVRWA;"prenom0424"
TCEYYAULQVHUMMDCYYKN;"prenom0781"
GTQSIIMWHRRCIKMSPYVW;"prenom0781"
ZWYXCQOAHRSYYZJHAMBC;"prenom0023"
RSHBHVPZTXZVOFYAQDGQ;"prenom0781"
CXKEQBNYHLWXPRAXREYD;"prenom0185"
EIWPBUMSBXZVRSGOQOIM;"prenom0135"
AMROTLDHRQKYIFYJAZJH;"prenom0801"
WHZUYVHMZEICGNDRNXQE;"prenom0141"
YEOXAWWAQZTQZFWQIRYC;"prenom0725"
BPYTPXHDEHYXAXZCAGRX;"prenom0781"
KFFJVPUEEAMXSMFIDTLY;"prenom0424"
JUCYFSFXMTRQICNAGBQS;"prenom0135"
CWDZRQRXXGZFPHIYCJLL;"prenom0135"
YNASIZHUEHJNUMYNHWML;"prenom0341"
UIYMOEIHUWBMYMFVTJTM;"prenom0141"
YJSIEOAMZUTEATQVALWB;"prenom0262"
BIBDRMLTIAUYYMXVYEEA;"prenom0549"
VBSYQFBNFDLFPIWIMVMI;"prenom0424"
OSDUDRFCNYGCPCXLLNRN;"prenom0141"
QXGOXBRZYKIUQOSGOION;"prenom0014"
RUQNQBIZLPOGIBDXNDPW;"prenom0503"
OGEHZABIHOVFMIBGYQEJ;"prenom0424"
DEHXILPVPXJQASTWUPED;"prenom0108"
KHQGBTPEREIKIHVUZAHK;"prenom0672"
EGGBPCVBBXPZCJPNTOBE;"prenom0549"
OMILNAYISAVPWWCAFZXK;"prenom0135"
YEDPXTKGQGFTNEWJYSUI;"prenom0120"
VPKQUVIWSNTYQAKMRIPH;"prenom0135"
MBQJTDKLSWWAGLZXLRGT;"prenom0781"
CKUUGYLZCJBWFLJGOQSZ;"prenom0114"
DIRYRESOJYVNLORZHUOD;"prenom0382"
LQWQGRSTEJYOCFIRDYLT;"prenom0781"
GOIQKRIKYGXFKUFCHXFV;"prenom0424"
QCBONOFPYFMUAFBRJSYN;"prenom0672"
CCAAVLIVYKFJGNEGXRWY;"prenom0672"
FRZKCWUHTVFOESPVAWYD;"prenom0539"
NJUFXGDCRPTNJTBLRVQW;"prenom0141"
QWGHGZDRVZTWSENEXMKB;"prenom0503"
GJGUYPBDCAQKIBSZQABH;"prenom0781"
LRQIAXROZPHDHHSJMMKE;"prenom0426"
INJRIDXZYFAVEYJYTHRK;"prenom0118"
YAOOUMOKZJNUVKPEWJPB;"prenom0781"
YTBBZMNJRSEOUPHTQBHV;"prenom0334"
NXBSXKQZJLVQQRUQHZRR;"prenom0009"
REZBWPWOAKNGOWKKKJTG;"prenom0549"
KYRKCAZPNITFVBGECRGI;"prenom0424"
UQJBGEVFSQVQLKYLVVJU;"prenom0135"
XZNZQBEXSCDKBQQNHGNP;"prenom0424"
UZZOVRKQHVUZBMWHJYWV;"prenom0019"
NCFPGFABFDFLLWQYYQNG;"prenom0672"
HHMIQLBXVPPTJFKABJMC;"prenom0135"
VPCKQASJRXSHVWZHGQRU;"prenom0424"
TNGOFLTASSKCPXNSIWMU;"prenom0108"
GBCXDTITWEQTSNNYJRVS;"prenom0640"
MFEVDGQBRWIEZECHHPJD;"prenom0672"
NIHHSFAWLTLVGMLXGTFJ;"prenom0407"
FASEKLYJAMUMUUSYCUUS;"prenom0588"
VAOMUQAXWKQIZKVEZJAY;"prenom0180"
HXYWBDZWKJAEYKIMTRZY;"prenom0615"
RNBUJVRCPXYRKJWFONJN;"prenom0549"
YGODGCZMHIQBVQWOGWTJ;"prenom0356"
SAWXXFVLNTPGYZVMGDCB;"prenom0083"
SLGYJJJSXCNCGXGQQRCD;"prenom0188"
ECYLZXJNGBIGCNTMMFPF;"prenom0682"
OQQTPKWMGCDYYZDPCOQK;"prenom0100"
MDKTXXRKYGGXUNICJPXQ;"prenom0135"
YGVCOWCFHOKULPRDVBPJ;"prenom0114"
GKVVEJUBSWJJTZGHZYSI;"prenom0776"
ROXQUFYSENMXHJBYITVE;"prenom0424"
RCVEUCXPDFJDIRDHQNVX;"prenom0083"
ATTOHJKHBMWBHPSEAFTS;"prenom0523"
SDZUMSDFJNZGYLKUPSSM;"prenom0382"
OMGQTOCYWMXNWRXMOAMR;"prenom0549"
GHKQHRPZLZENXGOPIGKH;"prenom0565"
JRXYBIYIIWKSRJYPAPVW;"prenom0014"
EYPWFZCASUKOIQVKTVPP;"prenom0798"
LNTUIOZRWETGSCEJYOBP;"prenom0781"
HBIVLGBFRNDEGBYVVYDM;"prenom0549"
QKVRJRSPZIGZENIMBOHZ;"prenom0549"
TGPIUSHUHHDQEDFJQODI;"prenom0781"
DYOXTJTCQEKVLZGGXTWZ;"prenom0781"
ZOBCCPUXLWEBNRVARLWX;"prenom0781"
TOGOKNKSFADYEOQPJMMJ;"prenom0118"
DILSNNMIEMPMGGHYAVTI;"prenom0023"
ZKTERCOZTANQWFMFUVCZ;"prenom0615"
LYWFWKGMQWISLGPXTOOC;"prenom0606"
JZBRXXLEWLUXGFESIWFN;"prenom0549"
MCLQSJCXOTJWOITFNRPD;"prenom0549"
HBIQHDEFJWQTDSZFHDPJ;"prenom0284"
GYCSTURZHVMWVQMSQPXN;"prenom0781"
FRWTTTLPXHVIBMJTKNRU;"prenom0662"
ZGRDUNLVZBWVUGLCVUOI;"prenom0068"
FIEWSDBLORATEMUQFODR;"prenom0424"
YFGSFIEZWUECITNNIBOW;"prenom0537"
GVUVEPWHRAYTYVSEHTCP;"prenom0023"
HKVTOLZUMVIAXXZBDAJA;"prenom0453"
AXWFSJCGWXCLGMDBARLU;"prenom0606"
JLTHYBNHDTRGYYOZHDDV;"prenom0135"
KTABVKLXXYNOQLALECCY;"prenom0365"
FOHHFKGULBJMKDAJQQDE;"prenom0549"
QICRBORQDWIXSDYGHCHX;"prenom0549"
YJMDUNXDSSRZYRYFSUIS;"prenom0077"
ISACCAZVZBXSOXGVBXYL;"prenom0549"
OVIKHSJSXJXYMXEWYXGK;"prenom0383"
VIQHGRRPZYSQYPYKLIEE;"prenom0083"
LCLAQLCJVJDNNJXDJGXS;"prenom0672"
ZDTETSRDRAGOXTKDAKMQ;"prenom0456"
MWGHREVOXJGFAUMOMRRW;"prenom0503"
AMXBRDITYAPFCJKAOXNM;"prenom0503"
SVWSJNGPRMREODDRQNSJ;"prenom0549"
RDEKUEJGXYSHYLKUXLRQ;"prenom0052"
SHBVODKZRZHQJKCXBXKE;"prenom0424"
WCCRWWFDHKNYPBRZHHUB;"prenom0781"
DWGKHENMTWWMDZHOKLIC;"prenom0496"
HSIPQVIQHMUZKWDWHCNB;"prenom0386"
UOPYUGWDSLSHHABBEAZY;"prenom0549"
GTPUXFJVTGWOOJZVIJZX;"prenom0781"
LQZJLISPDNWKMTFYCOKD;"prenom0781"
TIDJVRMYCDRENRVHVUJO;"prenom0023"
LPHJCRCTDAIRCARSZHES;"prenom0158"
ZKEGFGRAGDXJITISRBUS;"prenom0565"
BUNGLHQMPGIQNEANPAXO;"prenom0424"
PKFHHIABVDKFMBJTTARL;"prenom0692"
SICRYIISWZDZGGGYLSFA;"prenom0250"
GYMHNWTCHTTSCTEJAQRB;"prenom0135"
FIMVNRGGZSDBJRHCHBCO;"prenom0623"
UMGFSGZJBBGLIBZIEMBO;"prenom0477"
WAWJEHOQUJWFJZEDDEZV;"prenom0118"
ZQFQKYWXGZKJDKIVNNKE;"prenom0781"
FAWTMWEGCUFJKOMDAMPA;"prenom0781"
RUPEJQXHQFLUQGGNJSUO;"prenom0549"
CIFWOVMFUCVUAQNRYAIE;"prenom0774"
SFMRJWSEXXBQQWOPKSMQ;"prenom0114"
JQQAGUPLIAQMQMRQISBH;"prenom0151"
RPUZHCXBDWOYKGCZZOKE;"prenom0846"
VBEQEQMFEGMCZUQHZNTL;"prenom0225"
LSDQCWBHPIOUVVLSNQUR;"prenom0128"
