Identifiants,Annees,Promo,Ville
WWOGWMIDILALENSLDOTB,1,2022,BDX
MGLHFDPCRWVFXYODNGSR,1,2022,PAR
JXKMKYCCATBSKTTUCSID,1,2022,NCY
FDGSRVDHTFJRTJRBJZOY,1,2022,LYN
IAHMTPZLOZYRGODPTOUW,1,2022,TLS
ZNMHWBHXGHBNRIBJEKNT,1,2022,LYN
WLUWHWVYPXDQHDXGLVQM,1,2022,LYN
QXVJYICFULMITZVBANDS,1,2022,LYN
HUDMOONQFPPFHYKPAXWQ,1,2022,LIL
KXPKXVKPHINQCCDXOXXW,1,2022,LIL
QETDUUDNMDTNBLHWVWVJ,1,2022,LIL
WQOMQHFAUJKHHPHADSRV,1,2022,BDX
LXXHWVJRYNNVMIDDKVKE,1,2022,PAR
BQRSVODYQWJLXRYBOFXN,1,2022,PAR
ZXFQQIULLJAZMJYZHBGO,1,2022,LIL
BVUXUFBKHCMQHJZIZZHR,1,2022,MAR
WZEWPAEAOGXTYJSKKEMJ,1,2022,MPL
GOJTWKMZTABRBODLXNYD,1,2022,NAN
BWAYZINYUIMQIHUVZZTT,1,2022,NAN
URBAQDNPQJNRWSJVRCCB,1,2022,LYN
PVRPIDBRBHUOVDACTVVU,1,2022,LYN
MBEQRRFHRSEIWHKPOJPR,1,2022,LYN
ZFADPBOTKXEPBUBGMIBZ,1,2022,STG
JGQTLKPPLNGUDACVQHZY,1,2022,MAR
TLLTKMIYXKZZIEKABSTH,1,2022,REN
KFRTZAHFOAQUGXCQIQLR,1,2022,NCY
KUUWRBHEPUTBSYSFJHUM,1,2022,BDX
AJCVGTSUEDCXDBUNBBNJ,1,2022,PAR
MUKYUMQLDCPRUBUDVDRY,1,2022,PAR
ZKYZDRWPDEQYGGPGXCAX,1,2022,LIL
GXLLKQEKLBEGNHXFRIHJ,1,2022,LIL
EPSUXISXTBBEHFHNKBEH,1,2022,NCE
IROXJGBQPKMCDMGAMNTA,1,2022,NAN
RWULCLYNQYEXONXXYIUG,1,2022,PAR
SYLMKRXPIIYZAZVLUKOH,1,2022,PAR
ZTEDFFDJOARBUCBXGBSO,1,2022,PAR
GMAZXXPJTTUYCDVBHMHJ,1,2022,BDX
QQZMEIMZNRTJHVKCKFEN,1,2022,PAR
ZJAPURUSFIJHEEPEGJOW,1,2022,LIL
NPADFQIPAFKYIVQLZPNG,1,2022,MAR
GTQOUTWHBRRJWJHJPHRG,1,2022,BDX
YWYHIGOVVOQLQCAQXOQP,1,2022,MPL
AUQWUTVIMYIRBVUQORCB,1,2022,TLS
PUCHORWGSJASYRNNEJNG,1,2022,TLS
XKBCJTQFMIUGXDFIYWRA,1,2022,LIL
XKPPRZMGBIYQNJTCEGJP,1,2022,LYN
LKKXSKMLONDLLGQTAWTP,1,2022,STG
DYHKHVDDYKAMJOPWTVOM,1,2022,NCY
FSKVASKUKYPFZQNDKSBS,1,2022,MPL
BCLMKKYFMOABYKLEUGRB,1,2022,LIL
NOXTKEXFXTZJDTXASBAS,1,2022,PAR
NFKIWXAIALGRVRXXWOKF,1,2022,PAR
SOVAHQDSZPXQYYPXEGHX,1,2022,NCE
RWPLEATDCCZRWXEYJVBA,1,2022,STG
BUPNXTUBVRSRNIEYNCOJ,1,2022,STG
QQEXRFVINISFRGFLKGUX,1,2022,NCE
TKOMLEKJLVMTYEKGOSZG,1,2022,PAR
YRRPILUSFJUVVLHRPDRP,1,2022,NCY
HFSTGPZFTDBUHJCDJEWY,1,2022,BDX
SRJZGNFDTMNPOPIPNQZN,1,2022,LYN
UMTOJTZHVCRLNAKTJUQZ,1,2022,NCY
DQFRGGRMIWCEWXREKHMP,1,2022,MAR
MUJCSGYMISPJMINGRTFZ,1,2022,LYN
KTJWAEVUNOLZMUWMHRZG,1,2022,MAR
NTKKTWDQKRLTKYSHVYEA,1,2022,LIL
EQMKNHZHJKZREMSJYHPI,1,2022,PAR
RNIBBLLGDJJFAYAKVDYK,1,2022,MAR
UACICDJEVZGMGQDFDRFN,1,2022,STG
SGLXJUXVHICMLTWAGFFO,1,2022,LYN
GCGWJLIUSXRHDISESGNK,1,2022,MPL
GCZMNZFDMVEPVVQTHFZY,1,2022,TLS
TVKRBAQBTLWZWMWSVMTE,1,2022,PAR
WIBCJZGAUSOHAMVPNQST,1,2022,PAR
UDJBUBGIGPSFWBUIQEOK,1,2022,REN
GQWZNGDOOPRIEUVJARNF,1,2022,PAR
MUDLIHXNUDMEZLDDHIEJ,1,2022,LYN
PLLYDNJDDSFKQERPZAEO,1,2022,NCE
WEGTXSMJZBOSKTFVSWLT,1,2022,TLS
OGGJIHEHVJBEODRXOSSG,1,2022,NCE
WJWJTCFIIUBOISOZOZHL,1,2022,PAR
NRJYACYZUMOQNRPDCVQO,1,2022,PAR
IMORKBLLDVVCCVFKPSYT,1,2022,PAR
OTHGEAKNVTXHCBYKOKKZ,1,2022,MPL
KNCBUECVEIMOBMOFVDYE,1,2022,LIL
MJOEIDKFZIUSAYCXHRTA,1,2022,STG
GUFJVCUAYPXSEWESFLFD,1,2022,PAR
JRTTYWJIJRVFTFLBNRAT,1,2022,NCY
VMHGWZNWVPUHIWBAQPPJ,1,2022,MPL
WAOXBBWCRNEZXXUPHCXA,1,2022,LYN
CYYBXAVSHVOQCAEQESPA,1,2022,NCY
VTGMSLCBARWXACSGUMFT,1,2022,NCE
BQSEBVYQOCKBIVPPLUTY,1,2022,LYN
VVARBFVQDOWQFTUKCVVG,1,2022,LIL
KQEIUJVRPESNDCZGYSDW,1,2022,NCY
GQSTFMWYMEYOYGQIPUEA,1,2022,PAR
AOFJPJWOFPSHCOARTURT,1,2022,BDX
UBNLQVPYEUEDVNXEKIZJ,1,2022,NCE
KZPRUXPSTOOCMXHEELUL,1,2022,NCY
WMMPXIOOKENMERMAPVRB,1,2022,LYN
FBSCGFBLOKXGXMKWJOYL,1,2022,REN
VPDMYAPKOSNWMFSTXWLU,1,2022,NAN
XRFBOAHEOMXCSKOWEJDU,1,2022,LIL
CKCNQLJPQPPTPGHNQDBS,1,2022,PAR
HUDJCJGAWPYVIZEBUBYO,1,2022,PAR
TWMCTYSIMLUVCDOJBQRM,1,2022,STG
JOTDHUGQYTRYFUBHQXXL,1,2022,NCY
AUXTFRSYGVVJBZTDZSEJ,1,2022,NAN
BTUGPNRRSXXFEAUHETAX,1,2022,BDX
MFHDDGLOOSIASMEMAJGP,1,2022,LIL
GYAMYSYHVFNBAKWNVQGU,1,2022,NCY
FNQZYEAIWFJCQQBUALNT,1,2022,LYN
YBWUHHPGPPNQJMPAILUE,1,2022,LIL
RIGABEWYYNNKUCYLSMNV,1,2022,MPL
PYAWNKZEBDDLCWZYDAQF,1,2022,REN
KHARFPTWTMXMTYNSONGP,1,2022,LIL
KNNVWCIKUKCTYJBIHARY,1,2022,NAN
OJRCRCWINWBVRJZXEKXM,1,2022,BDX
CCHGTWODCOYYKZSLVXUP,1,2022,MPL
YNBZGQPEDOLZPGVZBBDF,1,2022,BDX
YLGITFKWBASDGBVUZEWU,1,2022,LIL
PVYADAQAYCANTLCRLRSG,1,2022,MPL
JFHSBGOAFRKKDAOUYDWB,1,2022,BDX
ZKGRRPXJIRLUTCGIFIVX,1,2022,REN
IMHIMHZNXEAWZODQRRUL,1,2022,MAR
FMOKWIVBSWBPBBQLBRHP,1,2022,PAR
PEUMVAFACXKZUKNBJDVV,1,2022,PAR
WLYVYVYZKBTYJMJNJAFH,1,2022,PAR
ILOPUAYWAUSLDUVTYAIG,1,2022,PAR
XIQLQVNEEFXYWPXKNASR,1,2022,PAR
WQBXWAVDBDDDZDSREOSM,1,2022,BDX
IHPWFXZNRFDOVCNDDMXO,1,2022,MAR
AKYUDJGUGZQSQYVTLLVZ,1,2022,NCY
IYHZRZTIIEQPGEBHKIAK,1,2022,LIL
PNKXNFOWTZMMQTBQCZYM,1,2022,RUN
RLTOSUJDNMXYYWFYZAMB,1,2022,MAR
YNMWZQACNCDUZEJELVIG,1,2022,LYN
BUOQPYYTEQNOXTTXWZHM,1,2022,PAR
WAFSWQQTAYCMKOZRHMAU,1,2022,LYN
MMCKUJJOILRFXTWCOKPC,1,2022,REN
EWJJLSIHKLGOTIHDZRMR,1,2022,NCY
UBQPOYPHUGPROZTESSYF,1,2022,NCE
IQECCTEBLIYTIJYLPGKL,1,2022,LIL
JEPTTMFPJDBUQVTPWFWQ,1,2022,NCE
EMSGXRCSFBMEOHFETEYM,1,2022,RUN
WQBPWXQGFGDGEODIEFMF,1,2022,PAR
MHTJZAVKMMIMJFEBYQXW,1,2022,PAR
LKMHVYSGBRMJQLLAPKLA,1,2022,BDX
WKYBGWHHSNRGPDMTRBOC,1,2022,MAR
TRBWFFNJCKYIPJZVBLNR,1,2022,LIL
VFLQYYPAVKPTDWHKALLN,1,2022,RUN
GOKIGMVSGXACGLJFYXOD,1,2022,TLS
VOANAKVXFBVLWBNVGGTE,1,2022,PAR
LWHHZDSUWINEEFCWNWIV,1,2022,LYN
EENTDXSSUMEJOMFOKDJC,1,2022,LYN
NMCYWQQQEYUAGREGXAYB,1,2022,NAN
YWQQQAPJMXSCAZSDAITV,1,2022,BDX
WAGAAZMGOBPHVKFERTEA,1,2022,TLS
GWEDHHHMDWYAWPVROYJN,1,2022,PAR
FMVMFEQGOWTFRLXSTYZI,1,2022,LYN
NHZUSAIQJLCDONLGGJXG,1,2022,MPL
BNGPUXHIWKIXVNDDGVUV,1,2022,PAR
IUGPNUGUFSBFBQAETYEU,1,2022,LIL
QEWTPGOTTVHBQYPGTHCW,1,2022,BDX
EGGLOHHDHMLLKBNKDWME,1,2022,BAR
XBWIMYSEIWIMZZDSIQME,1,2022,TIR
BHSAKWGFMOCWWKNZRNOP,1,2022,BDX
YCWWJONHOPYEQWUVVZOS,1,2022,LIL
CHGKPEQSBSBGNVPGBMJM,1,2022,MAR
RZXAEYNEDGBNBPPIGZZT,1,2022,PAR
XNFGVLYRPIIDTKQBODFF,1,2022,LYN
TBJBUXPCYUQSITHHQHRH,1,2022,MAR
VBUWZZDLGKMJJZGCYISO,1,2022,MPL
VQKXSEWGOXCECUXLVBOI,1,2022,PAR
LVPVIFFACRSYLAJJWNIW,1,2022,MAR
OOCKCBYKSGSAZUCKZFEZ,1,2022,NAN
JIVSHYWWMVHXBEPUHVKV,1,2022,REN
DTJYYZANGQNCZUHOKIOH,1,2022,NAN
LBHJHWJTXFLSUKODVCBT,1,2022,NCE
ZAKNPXIMDBINGNXSDTGX,1,2022,NAN
TXOTKJLSJFJCDEEOMDQS,1,2022,LYN
CXQDCUPDHCMQQSGDIZML,1,2022,LIL
ZVGKBZKAEIVYGHYYMAIL,1,2022,LIL
GEIFBWADIFRMTWLZLNYM,1,2022,LYN
YEZCXXTRZXQSAJTMYOYK,1,2022,PAR
OVLSMQRQWXSMTDJIPBTX,1,2022,STG
VGGHMRLONZFEPRZCQTHZ,1,2022,STG
FHPUWGTTIKLSSWGCGVCJ,1,2022,REN
ZIUBNGIWTJYKRRONMULE,1,2022,NAN
KXENVAUZIXIXVECLVRUR,1,2022,LIL
CRZPHHSGIAINXSRFECAO,1,2022,LYN
VHJWWHDCJLHDGXVKKYFK,1,2022,PAR
SNQCMUOEATGKUIJCNPUB,1,2022,LYN
UFMYGBFHARHERMVKSYUD,1,2022,NCY
EYERCZASPLSFERUZSHZN,1,2022,BDX
AAXTVPVNKDMVMPDEMMRJ,1,2022,NCE
PNDUMLUSKZCSXCSAIYIJ,1,2022,PAR
YXUJGIFXOCWYBBXQKEHE,1,2022,NCE
EFBNWKASBXGDZECFVTZG,1,2022,NCE
AGHKYSXMVPKEWZZCSKUZ,1,2022,NCY
EQFWHAUJVXCYQNLPMEWF,1,2022,LYN
EQZCRCOEZAVNOQWKQZDR,1,2022,PAR
MHVGXZMKELYUUSCCUTAN,1,2022,PAR
RXKQWGEWITZELRGIUGWD,1,2022,BDX
XCQVUFGTVMKOHHKBDKEP,1,2022,LIL
GAJRHODTZAYIVDARWSWW,1,2022,PAR
KHYVGUUDJSUTAWHMCNIH,1,2022,PAR
LRIBSQAPBYRYIOGCJWZK,1,2022,BDX
YGPUXMCUUFYZJJGGVSFB,1,2022,BDX
POPMEZENOSJRILLKAXOQ,1,2022,PAR
JYTHSLTKNAASHOEMQVSM,1,2022,BDX
JAUBYGFZJWAXXRXMDSHU,1,2022,MPL
OONICWVJQUULNETGJAGO,1,2022,TLS
UPFATCBBJKFPKKEOGCGK,1,2022,NAN
JNPPUIGWFJYZXLHXPKIC,1,2022,LYN
ETYZAAMGLSNNJZACHRNU,1,2022,MAR
GMYQMELDAZSRPFNTBPCS,1,2022,REN
FVLUEPFQLANTHLTDEUFH,1,2022,LIL
XYOLBYVIYBEAIVUPTCUY,1,2022,NAN
GATDHRVXQMUHHIATHTSY,1,2022,REN
AKDNPUKWIHTNCUTMVNXL,1,2022,TLS
GPXMAUKXVRUZAESQWIXX,1,2022,LIL
KZNZIJXBWWXPCKHSMJKE,1,2022,MPL
WNDBWYULRHJUTTEBFYRJ,1,2022,BDX
GEVXRXBXEECLWEQZNDTC,1,2022,MPL
UEEMBMPZOOLQOWHQVQOB,1,2022,BDX
PIZDREWRSIKLDFKIUGNZ,1,2022,REN
ZZRGVIHQSKVOHHBGEKFK,1,2022,NCE
TJLNEAJMFJZPVZOKFATD,1,2022,NAN
NPVOYGHDCSINNHNHLDSQ,1,2022,PAR
XNAPRKYNJOAKHXROEIDO,1,2022,RUN
IEDZPZIHMIPSIVMHJAMS,1,2022,RUN
EJLQPQEDOUSZIWOYPTYS,1,2022,PAR
FEBTISUEIDQSLRABWXOD,1,2022,PAR
OMFLGZOGXWWSINEHKRBJ,1,2022,PAR
SHLCHXWHLZCRSTWEDULX,1,2022,PAR
OTDHUCXWSEONUUDMRBKY,1,2022,STG
BXOYQGDSHQWPYGNFVVRN,1,2022,MPL
LOCXDXZMZMGQUTCOWDIR,1,2022,REN
CNOTSASSGREGWJULQXMX,1,2022,PAR
YIVVEAZMQPVGHTPNBWRV,1,2022,PAR
NBIYKNBWMNHAASSPSGBM,1,2022,MPL
NXIHTYZLESOQXJCGDBSS,1,2022,MAR
URLBVLNZYORZJGATIQTQ,1,2022,RUN
EBDVORBUVXGQFSHHNVIA,1,2022,MPL
LVCSHQPXCDCRGLJXNSAS,1,2022,MAR
EOWMEQPWWOPNYJYIROOO,1,2022,TLS
RMSINWTTLQVAWKHWXQBN,1,2022,RUN
FTRBWEUIONRFJBCDIGYA,1,2022,NCY
ZIBQIUFSFEBHHOBFNWSG,1,2022,RUN
XWGIWKMIIFVVPOTAOLJT,1,2022,LIL
QAKTZIEPNWMBUXFXFKYX,1,2022,BDX
FBPUXCSRSGPAKDKMYXVR,1,2022,BDX
BUHGQDVIBIDNOXHUSTUX,1,2022,MAR
EPJARYIDFRINLTJVAZVB,1,2022,TLS
HYIKBPZUQZYRIUTRBBNX,1,2022,LYN
OAYAIBDDKSKBQGBOMOLT,1,2022,LYN
WHALPZBFYVPHKGRZECJY,1,2022,BDX
PPTOYHZHENPNCGOKDJZA,1,2022,LYN
XGOJKQJPXWNVWYHSPIEH,1,2022,NCY
XEZRKDIOLGUYWCTEEHYG,1,2022,RUN
ZEHBOWGLTNVTUIVUIVHK,1,2022,LYN
AEZNEXPTMEELLJWRGQMT,1,2022,REN
GNNKHYVVULSWCICCGQST,1,2022,NCY
NGYVSXZDXSEGHYHJKKHA,1,2022,MAR
TQKNPNMYQABSZWWWPFDE,1,2022,NCE
LAFFXBJMYEGMSVLQSIID,1,2022,MPL
HCYPTFKDUTVWVZEOAWMT,1,2022,STG
ZDAQKFBXJKCYTQSJRNQL,1,2022,MPL
KZORFMGEETNIWGYFGTZI,1,2022,NCY
MRRSSRGDXRNQVFQHJPVX,1,2022,NCE
BNMRLBABNAOBBXFPKZJD,1,2022,RUN
PADESQOXVDTEBFYVACOX,1,2022,NAN
NRTNRYTAMPKNQBRMHXYP,1,2022,PAR
CMDGCESKSPKYUHFLPGAS,1,2022,PAR
PFFSOBWFHFMNDGKOAEVY,1,2022,PAR
EIFVKWUTPJNRNKHBKKKD,1,2022,PAR
LQKUZRPGYSBDOFIGMJVS,1,2022,NCY
TWEYQVYNMTUNTMLQALSZ,1,2022,LIL
KKNQXIXZIZACJAWBSIQJ,1,2022,NAN
HXCGENLOKZFVODIRKMTB,1,2022,PAR
HQGTOGBGVTKHXJOOQBAB,1,2022,PAR
NENUWKKGAZDXSWYNNXJZ,1,2022,LYN
EMFFPAZYBZEPHUAOWTQA,1,2022,NAN
OUDOVSZFYLCJKYFJUAZY,1,2022,LIL
XQNAYJBZWSNENRKGIDDX,1,2022,NCE
BTFJKDVTPPULHRRFLFIA,1,2022,PAR
FBVWETOOOUZPYVNECAVD,1,2022,NCE
VOTCOZRHKFIHUPIWVQDC,1,2022,PAR
FDCZRUZXBDXTLOQURIJI,1,2022,MAR
SLTXKPARTKRIVKVTFIUX,1,2022,MAR
PKFBPIYNHLEFHRFUSJZG,1,2022,RUN
JDRJMVQVIXNEQEDHLDDC,1,2022,PAR
NXMNAVTYKKYQLLJVGOBZ,1,2022,LYN
DQGKRXMYWWZZDJPUWSNS,1,2022,BDX
EOBEMYQTPZPWIODWXKZX,1,2022,PAR
QCLPHLYCRYQDUHYNOHWJ,1,2022,MAR
QVAFBAWTVCCPFLJCCCXZ,1,2022,NCY
SHAYFHGLWQHATABBUDSA,1,2022,MAR
CYKBEDQHBFVVBWOCBIVR,1,2022,NCE
ZUVSXSCLLBKXMPOCHGKI,1,2022,PAR
HKGRCDJVMJURVSWFHDZL,1,2022,PAR
WYAURYKYGKSGKGUUYRZO,1,2022,STG
QSHKPMFKWWPBYICDVTMO,1,2022,BDX
BYLIZPGZZGPWEFPBBYGR,1,2022,MAR
EOZSUXVGSAJUHZEZBRKH,1,2022,LYN
LXULOIIRSACYVZCKOMVT,1,2022,REN
WCZFCXKGEXVDXTCQIKEE,1,2022,NCE
EHPQNBARHHDVPXUVUHRX,1,2022,STG
LWAJZVHJSIRVZBOLGWUD,1,2022,PAR
WPWILWPGPIWAOCPRHYQP,1,2022,LIL
UPSVIFAAYJCCWXCMATVX,1,2022,BDX
XLTEMQGQWYWWNQYKRFRC,1,2022,RUN
VROSNKUIVVJAXXDHWYYH,1,2022,NCY
KGKVFHVHFIWNRSQDLMVA,1,2022,NCE
JGMUFFWVEUYEEUUZIHQW,1,2022,TLS
HSEXUZLKRTXWEXFWEMLY,1,2022,MPL
ZHVLSZRTMKMNVBSXJYTF,1,2022,PAR
ZTZNRFPDROZFGMRJTZFR,1,2022,PAR
LHEXMZHJZIGXTJLPLEHH,1,2022,BAR
TIRTAGKAYKHZLRRTVUZB,1,2022,BAR
AVCCICJHCSOPHUNUYMIP,1,2022,TIR
QGDXKEBYTEHHEVPSODDX,1,2022,TIR
BDKIPRHVWAOGGHVGEQDY,1,2022,TIR
JXCKWAVVIFRMLTFGOWQL,1,2022,TIR
YTJDESPOLOXYPYTXIXTJ,1,2022,LYN
AZSLPAIGSHPDNYGBFIIR,1,2022,BDX
UKTLROHAEQLJVXARBWXX,1,2022,PAR
JJSZUGOATPRMQTOHNBAJ,1,2022,NCE
VIEKPLTHYWPHYHJIVLWO,1,2022,LIL
ZAGWFIUAWFGQIXLWGGFI,1,2022,LIL
WBDBLOQUEXAMEGLUPXKN,1,2022,REN
VEPNXKQSKOVLTDXZEJWM,1,2022,MPL
LBXDZFPQNAUXBTBDYMLG,1,2022,LIL
VJIDJSYSLJAWIZTQNPIZ,1,2022,MAR
RTOIDLLWPLYXFLDFFLTL,1,2022,TLS
NSNEVXYTFCAECLAMGJJC,1,2022,NCE
FCZDZGAETWDEOYNYYQYU,1,2022,MAR
AIPOFTQNOCJSALPFMTMF,1,2022,LYN
OSMGHSBZWCXIXZBHYEAB,1,2022,PAR
QOQBFWUHIJQZMMOSCATM,1,2022,PAR
RSXNGAUUFFIXJIRORSWE,1,2022,PAR
URPTWSLWRSHNLAIVLSVR,1,2022,STG
KBLYZPXVJRHAHUEDLIMX,1,2022,TLS
THIUXQOILWJPRVXFOTGE,1,2022,BDX
XCVITCXNHIBUBWSJRMQT,1,2022,STG
SGQWYUQDOQMLWEXUHQBC,1,2022,MAR
HHZXRCFPBEHVRMNMGVIO,1,2022,REN
SDDKYGPLDLIVNOMKSSRY,1,2022,NAN
CLUQGCZOIPNQXPQRLIGO,1,2022,TLS
WPYUVQISLNQNGWRSUZCA,1,2022,LIL
RZBGIVEWMOYWNKVLJRLA,1,2022,NCE
GKZNRXYSOZFXBRKESDSR,1,2022,LIL
NGVTYAOAXTQCFNRYTYVG,1,2022,PAR
IHVHMAONWOMQCZNATLFG,1,2022,PAR
FZUDPDGAIWWTMZZWGBVT,1,2022,BDX
UGYNTZRAMAWLNCGZXXDG,1,2022,LIL
PWGZOYKBIHAEGNIKGKCS,1,2022,LIL
VRQUHPEPMJRAGRKDHEFS,1,2022,PAR
DCUGOQKYYVZQMTDNHOKK,1,2022,NAN
ECNTKGJIDGJPCTGLOIYV,1,2022,BDX
PXAPXFNATKREWDVNKZGL,1,2022,PAR
LUZZZPFULLDRMUSHCPRN,1,2022,NCE
RFCHEZGXWZGNTTBHBLZF,1,2022,NAN
HDDIZWHIGXNCNBFZYXTS,1,2022,BDX
CJAJMRBJYEXSNOPIEFEX,1,2022,MAR
LHOKYUICLVFHWXUIKHBF,1,2022,LIL
GGSQDQEUKSNVPDMOPBKA,1,2022,PAR
EMURRKHOITHNDCLOZNLY,1,2022,PAR
NYMZAYVMROPNZBQKIZYI,1,2022,PAR
NHNJQFGNUBIFPZKLMOOP,1,2022,PAR
CNSQULNPVHNRKHUKWSOB,1,2022,STG
MSPRZEMHGUNBUKKAAQOM,1,2022,STG
VTQHSKRNBGKPPUWPSRMZ,1,2022,TLS
VSECABIUMGWNFSHZJFRD,1,2022,TLS
FWNMUZQPRBDVVPUKKNMG,1,2022,MAR
LDOJOSXVFGNMNQPRQLMY,1,2022,LYN
KTIHKZUEPHFSNYDKLFYZ,1,2022,MAR
GDYLCIDVVEFLYALAWKET,1,2022,PAR
QYITAXWCKKGRTUJGJSAR,1,2022,PAR
PAEWJSWLPIOIKXKGDEBD,1,2022,PAR
RGYQIDRYLMIQQSPGHHVG,1,2022,MAR
RRUIVQLWYDSTOCAABWDJ,1,2022,LYN
FGTEQHHIZLSLCDRJRABJ,1,2022,LYN
QJKJCVDKJYWOTSBMWNWO,1,2022,TLS
MNYGPUXLBJVBDGLIAITX,1,2022,PAR
BFSKOIVNTDJNNBYXSUOT,1,2022,LYN
OFWFYAEDBJWHDFSPIZCQ,1,2022,STG
PXSSFWNRIUKDHHJAPRGS,1,2022,REN
DJEUKYSAUWDYZPXXAMRU,1,2022,NAN
VQDMXMHCGBPNNQVDCSQS,1,2022,NAN
NKKEVRWVAOVRGVSHRMXQ,1,2022,MAR
AXTANITZDAPAOLBSGVAC,1,2022,BDX
OUARDDAICDHZZAFUBTQL,1,2022,BDX
ONZVGCGJYZHYKPKUZWGD,1,2022,TLS
ORCVYGSLEDSPEVIGFAQP,1,2022,NCY
UJMRMNZEYEUYUKSGMLHO,1,2022,NCY
GILXAQSQTGMIUCCUIVZU,1,2022,PAR
ZWNFKSZJXEWNGJFLYTYJ,1,2022,NCE
QTOSOTVZOSNOUGUYJLYW,1,2022,NCE
MIWZZKUSKBFZRDLLIXVT,1,2022,TLS
OLHKIWBPGGRLKERSLSTM,1,2022,NCY
XSGXVMUSBVNOLJKOBFDS,1,2022,PAR
NQOWGJQTWUNLWWIIKQKV,1,2022,PAR
TLFBNLGNULKEEPGYTAJO,1,2022,REN
ZNLNJOCOFFXPLXFXONKG,1,2022,NCY
BZXBUNGJVAHKCGSEYAIF,1,2022,TLS
XLAOBSOUOYBFGDJCYMUF,1,2022,PAR
JZEXXVONDSZHGFJUKUZY,1,2022,PAR
ACWJDYDXRNPXEPTHQIKR,1,2022,PAR
CRWZNQTFKLPUFTWUTLAF,1,2022,TLS
MHVZMZRDHQCRPXRZMGGP,1,2022,NCE
EOEMLUUNGTVNENUTZKAQ,1,2022,STG
OFUUQPVXSNGGWEQFRZFF,1,2022,PAR
QARQBAVJYUNTCLOPPJBW,1,2022,NCE
DAAOZACAMQYGNJUKOUEX,1,2022,TLS
HBJKGDRLZODGBEFMTHBW,1,2022,BDX
LXUGCPWPRQHPYJHBQDIV,1,2022,REN
PDRIFPXSMZXZWJSHVTCB,1,2022,BDX
UUADHJANPSNCFCFNRSFO,1,2022,LYN
TUZESPYXLXYKIRIDHXRP,1,2022,NCY
RTAUXQSKEECFSXSRFYPI,1,2022,LIL
EUISABONVSDPJOQGGOIT,1,2022,NCE
DFEXNYFUIEVGYHVKMTYX,1,2022,NAN
SRONSJYGBWUZPQCEENAZ,1,2022,LYN
PMVOUBLUEDCGMWUJRETG,1,2022,MAR
PAHBNTAXJFYKTEDFWCNJ,1,2022,REN
NQLEXHAWOAOTKEQSPIPC,1,2022,RUN
ZGFKXEGYYOGFRPMCOSON,1,2022,MPL
YOHLQZYBBKNYIYQSYVZT,1,2022,RUN
FDHHPWUGCSKAKCFXQUTM,1,2022,LYN
WJVONEAGMCNRUXBNYOKG,1,2022,NCE
SRKHEEQZOWNHLJLGPTSR,1,2022,NAN
WLGRGCJZJOERCJIVUEVN,1,2022,NAN
ASUCXEVUUDCLDDRYEWQR,1,2022,PAR
EQGADNGIKUKUJEWICVPD,1,2022,PAR
YZBIVYHLROJCWLCNJNBC,1,2022,MPL
RNRSSFVMJJFPPOYAAYOW,1,2022,REN
ELOMGTSMKPBKVSJIVGVO,1,2022,MAR
CEYJSPUXYRABPEAEBNCC,1,2022,PAR
PUCZIWUNUDEQFGRPVEOJ,1,2022,RUN
RPGPVFJNBFVFBJUVZNUU,1,2022,PAR
UOHGTXJWHDBHNWBCWDLM,1,2022,REN
WQRZCEDWDFDUHUTTWFHX,1,2022,MAR
AWMJGPHRCZODWBLFNUSC,1,2022,MAR
GRZLXIUSXVLXFCQJWBNF,1,2022,PAR
BYRKHLJAUDUZNLPVVIAU,1,2022,NCY
KLGVCRVTERMWFLXMCNXM,1,2022,PAR
JRJJWDJUSDWPYAXIYSBV,1,2022,BDX
VXLLOSLXWEESHJEZIFLD,1,2022,LYN
GWBFDJAIIDMPJGXUFHGW,1,2022,RUN
SZZCRAHCRLLFIAROWKBW,1,2022,NAN
CRTBEPJIRFIPGRTPNIYR,1,2022,LYN
QFVJXLMQYHEQOQYUNGLT,1,2022,MPL
UWGBMSAJYRCGLAPPXLRC,1,2022,LYN
UNFHUSYIMDEBGCVCBCYI,1,2022,REN
MVWFOANJWNAADQLEJRNT,1,2022,NAN
TMFPTDJKOPTVJKSPEVEX,1,2022,PAR
QNXESZRUWEUIXUWKMIGT,1,2022,NCE
KDQENOAIZCGVEYZUATVN,1,2022,MAR
FAUFHWYCXNOZFXYNFEXS,1,2022,RUN
XSDYROSXZQPLHQQMHRDI,1,2022,NCY
EFGZCMFCBXYILHNNYTJZ,1,2022,LYN
HVQDUPYKVGUNSOFZUMFT,1,2022,STG
ZMGCDLRMIHDDGLCEVUTY,1,2022,STG
FCJXEAONBWANXVCHGCYR,1,2022,PAR
BKQAAJKECQHWWIBSDNZO,1,2022,NCY
NCLFNLCNKJCHANTBINZW,1,2022,NCY
THAFTSKJQWPBTIAZBQFJ,1,2022,TLS
GGTQFNVEUAJKOYUOKACU,1,2022,LYN
VEVBGITVNLJELZCEOJPP,1,2022,MAR
PKNCROABKFJXCXLFFRGJ,1,2022,PAR
UZQJUOREKECGHQAQVPVB,1,2022,PAR
ERHOLCYCFPDPKNCSXXDD,1,2022,NCE
RSKIXBIMBYXOCROFHMPQ,1,2022,LYN
DGRYABITCRVLVWSETMBE,1,2022,BDX
EQOJMBHOQSZIGPKQSDOH,1,2022,LYN
GVHDXVJKOBHACFKPUKWU,1,2022,BDX
ZSLQIYAYRWEPSNJJYCTS,1,2022,PAR
SDECYEMIBTTJEABRTNXH,1,2022,PAR
MKMZKNQQQWOXYNSRONJC,1,2022,MPL
BLWTVBWCEDUQHAGTPXFM,1,2022,RUN
RPMISXXNUCUNYXACPDNT,1,2022,MPL
NCSEFSTQUMMFFMPQACLX,1,2022,PAR
TTSPIVLNPZFYBQKYWQJB,1,2022,BDX
WJLCTZJYPLMBIDNFRCZY,1,2022,LYN
SDJFSYQKKAECLKKXSLCE,1,2022,LIL
CDTIEPSLRNQAIBMPCZDU,1,2022,MAR
URNBYJDSGMQPLVIDBOIQ,1,2022,BDX
HAGUIVWHBTWDMTTNXXAO,1,2022,NCE
NEZBIGMPPCESQWUWZIXG,1,2022,MPL
ENSKUXZJJDKRPYJIXVUN,1,2022,MPL
ZTBSGVTHMNXURFXCDWOL,1,2022,STG
TAJQCGWPMZVQUVMVXBRK,1,2022,BAR
BLSUEJMSFFRUGIHTFTXO,1,2022,BAR
RACCNQUAEQDMKLUUOMRG,1,2022,BAR
BXCYXDMMQOLHDUQSKQDG,1,2022,TIR
BQBGBTASGDPKKPSWCNKL,1,2022,TIR
AQDHIOJVHYEWMHUYNZLG,1,2022,TIR
NDSMDKPHOSUJPKQSKIZP,1,2022,LYN
UYUCXVOXASUZLKCGBEGA,1,2022,MPL
NWZQXUIGXALWRLSAWJHZ,1,2022,PAR
RTDJCNEPZWIVJVCIGWVB,1,2022,LYN
VBTPITUILOBPIUEELOEY,1,2022,NCE
DLYDBLLSWLZZVSHOGAXI,1,2022,STG
GHUJGZRGISQEWOTQDTXI,1,2022,STG
TGJUCKGLTKMUOCFERSKT,1,2022,LYN
OPFZLWOMOQJBAUSEUSCA,1,2022,BDX
WKAESJRWJXCVPSHDVFXQ,1,2022,LYN
MGJHUMWJZQDVDYJFYFPY,1,2022,MPL
BOHGGOHOQTYLCSEAOSSU,1,2022,TLS
ERSIKCCDMLMGDHPIDJGG,1,2022,PAR
JHRVXLHXGPJBZLCUKXOG,1,2022,LIL
NCQIJUXYARCBCANRQGBG,1,2022,LYN
DHDEGEIXLXIZWFTJSEAR,1,2022,LYN
SIASTBDJAYRLKHKTZRCX,1,2022,PAR
NAJEISUDLLVJINBHPJSZ,1,2022,LYN
MYDBLLERQYSKBRYTMSTC,1,2022,PAR
DFCVBAMMZCJPVWWGENNG,1,2022,TLS
HUJJQFUCJNYMGTYDYKZN,1,2022,TLS
AFUQMJWOPSPZIBUPVGZQ,1,2022,REN
NCNFXUILVAFZAZWHEBCJ,1,2022,PAR
ITHCWXSSRQWIZHIXANBZ,1,2022,PAR
DNPFCYUSXPVELBWPOVJS,1,2022,PAR
HXJVTTQQOYHMQUFVVAUQ,1,2022,NAN
PRKRMFFRXEDXQGOIGZZH,1,2022,PAR
MZISUGEFVLLAEGCYKKKQ,1,2022,PAR
FPOEGLEBZSLRCJHJAOMT,1,2022,BDX
CUNACCFEMYTOSXJSNKGE,1,2022,NCE
IQGISXYIVFTWHDYYQIUA,1,2022,TLS
BMVUUUEZHKWFQSCTZFTT,1,2022,PAR
PBHUOEVXGTJLYIOIJYBV,1,2022,STG
HMZDKGBMLRQOCVDLJZLY,1,2022,NCE
WNWSYHEWNZMCOZGOYUXO,1,2022,STG
MLMCSZLYGWRRIRAYIMMN,1,2022,PAR
QSFUGNJEVYWSDWZHZPZF,1,2022,PAR
YTGWTGVAJEXCFGFNHPTX,1,2022,TLS
WEHUPQVONKHTOJCRDFBH,1,2022,LYN
MHSNLHEPHAGZLSZSZYPN,1,2022,MPL
JGVAIBYMHSHBNQCLFDNB,1,2022,PAR
VSUTPXSKUTJPRREFLJIL,1,2022,PAR
EGKSDXOBWEXKHCVCEHXV,1,2022,STG
KVUWWRZRWJJWOGKCYDYR,1,2022,NCE
IACYTSGVYOSQGDUXVYXF,1,2022,MAR
JQYTSBHZUIGFUESSIRJB,1,2022,MAR
ODXGSJSTYVKSJDYBMSXV,1,2022,NAN
RLQRVRGKGKTHDNQENKBS,1,2022,MAR
KKGKJFWWKZTAVLFALITS,1,2022,MAR
ELZISQQBHLSBTFBQWUXT,1,2022,NCY
CEKLMTVTAMYFSPPQWVHF,1,2022,STG
QTUMORCOIBWINWYEHOSA,1,2022,REN
UTJJUEXNSRMFIXBWZDIR,1,2022,BDX
YKMRHTGGPNSGPMJMLMAM,1,2022,NAN
WBEMQTCZEQZSPISWMQRZ,1,2022,REN
PBHABYBMCPBUUYAEUKNL,1,2022,NCY
XSIBXOSTAGUKRVCGWLBX,1,2022,TLS
RMLRHMSHOHXZUUUPHYFL,1,2022,PAR
MUAARKGBRCWIPHJKHUWA,1,2022,NAN
OUFPJTQBWQNUNIYHCMNQ,1,2022,BDX
GRUUHVLRATHAJCTRHMCA,1,2022,MAR
XEBATCZBIKHBJSSMVIFA,1,2022,BDX
VQFBIXXMOBCFCUDXWZTO,1,2022,PAR
UZUZXYEEYRTJFSGLNAUA,1,2022,TLS
UNRCVUFWTYQLYKWARSBV,1,2022,REN
DFWSSNYTCWEALAYGGVAQ,1,2022,PAR
NDJXGHVOHDIWTOZCOGBR,1,2022,TLS
SWUBFGFHRTIFLNEQDHSQ,1,2022,LYN
UEAPLNUWRKEXEUIEQRME,1,2022,BDX
HPVXJHVOTBWFQQUDAZJF,1,2022,LYN
IJNYXZYQILCZQIJGSTWA,1,2022,LYN
IJYCRCFKQLLSABTPMDNR,1,2022,LYN
ABVLBHABWDSYAJMMLEEF,1,2022,MAR
NXBRQLKYYYJANARKUNVE,1,2022,PAR
KMSKKHHGAWZHGBLTNXCO,1,2022,PAR
WUCZKDUTQNMCTIIORNJR,1,2022,PAR
WNIIOJOOTXFQBHIBFQBN,1,2022,REN
UWHZBVKKORMSUEVRLFBY,1,2022,NAN
VTKQGLUHXOHHAMISPPLD,1,2022,STG
AXMUDIIZCUMSJQJGIBHL,1,2022,BDX
NTRDKVSSRHNTIVHOAJWL,1,2022,NCY
WUQCBSDYLYXOGMAVKZLL,1,2022,BDX
BKTLVRFCMIOMISPJTQYQ,1,2022,LYN
MVQXUWJICDHJEOEFEOXX,1,2022,MPL
KOVVVNNCFSVWCOBXRCIZ,1,2022,MAR
XQQXTMUFJDXVOGSDTUNC,1,2022,PAR
VTMEMOZALLVHIWUGUIGH,1,2022,NAN
QJMMEPEAOLVPNQGIGYVM,1,2022,BDX
UKAAFAAHEOMLQRRKFECZ,1,2022,NAN
NEFCBEHNDOHJCAIONCUZ,1,2022,TLS
BAHBPFAMAJKKYGQSTOMJ,1,2022,STG
FLMKCJKMGHRGRCBWSIDK,1,2022,LYN
DISJLIBGKBKTMDMNXIJD,1,2022,LYN
URABIZNWCTJPUUUAVDAL,1,2022,LIL
ZXDHXYLJKEHEXKAHCNFE,1,2022,TLS
EDUBWMXOFREUTIQSAFCB,1,2022,RUN
CMBLRLWTUHBPWFLPGUHW,1,2022,NCE
PRRGPUVCUQIIAOSHBZKN,1,2022,NAN
YYFXQKHKIMBXBOVNWWNH,1,2022,REN
FGJRJTVVJRTRFENUIGQB,1,2022,PAR
GVSITDQEMKRDZZWSOOCS,1,2022,PAR
UEIYVPZVCLGBYOYHAWCF,1,2022,NCE
YSRZRLIPLSWPJPMOSZKX,1,2022,RUN
ALAQQKAJMLCCEWRKKJIJ,1,2022,NCY
FYFNOKQJMGIBEVHKWZBB,1,2022,PAR
FNXJPQEHAGCRHOORWWDC,1,2022,LYN
HSELJCSXFOJVQOEJBCCQ,1,2022,STG
OTRVRASVTTEZSUZZLYGZ,1,2022,MPL
PJFLAICPBADFDLHCIHPT,1,2022,NCY
NYCSPFYPXMIIBKULEJDT,1,2022,PAR
GZAUCOQWFQZMMZWAFZVJ,1,2022,PAR
XREJYUUQDYDDCUUSQMAP,1,2022,BDX
PQGARVZBLSKTURIXLQAQ,1,2022,NCY
HHGGBJKCNSSIESDCMNVZ,1,2022,STG
OSPSXKNYIKYYZWUUPKQU,1,2022,PAR
IJHTVUDIXARPPIBYIROL,1,2022,PAR
CCTIPDCOVTZMMPBDDGOB,1,2022,MAR
RGWPZUWDSZFYNYALRKWR,1,2022,LYN
TEGTGOMRUZLZLIBIXETX,1,2022,PAR
RKMBGAOPSMHDTIIZDYZM,1,2022,STG
ZPRQDFIJHGAJXRKGVGAA,1,2022,STG
JMFJTATICRPOLOMNNTJI,1,2022,LIL
OFITWMGIUMQJXYYEEPTI,1,2022,PAR
EEFPFWTDNJBEJZSISITO,1,2022,NCE
ZHYJFHOCJNDMOHWQAAEZ,1,2022,MAR
LFTMTNQDLIVABWYSRQYQ,1,2022,NCE
RSMTFLNIZMXQCFLYPYPI,1,2022,PAR
NDZMTGOWNOPOAFUVMENH,1,2022,STG
PUZOIWAHHRGBENQFJWBR,1,2022,MPL
QVGDEGVEZDUVDCYTKOXF,1,2022,MAR
DAVPWLSPZYWZNMYRETXG,1,2022,MPL
ITLJJYQXMFDIWLJYZRBY,1,2022,NCE
ZHASRWZEQTEKMBGHRKFE,1,2022,BDX
AUICAARZMYAFUPZRGQVU,1,2022,STG
QOHMXTAMZMLKRNOOWUJX,1,2022,BDX
MKITDNWAECJEVYPBLZPH,1,2022,STG
ZMRLCAXKYSTLVLBGINHU,1,2022,PAR
LQOLSWDIRBSNHHGXIRUC,1,2022,REN
GCXTPHGYQIINRLTPRPPA,1,2022,TLS
KEQFZCRQSREFFMHRLJHJ,1,2022,LIL
QJHYSZCJLYVZIXGKDPIV,1,2022,MPL
TSORBJFBWNLXTXOVFUZM,1,2022,MPL
UJZMOICPWGLFUOBXTRGP,1,2022,MPL
FLLGXOIASUFZUVQTFMUJ,1,2022,TLS
AYBCPNOPGUHCPANIGRQH,1,2022,NCY
GZUUYPYFGYGKWVBQIKAB,1,2022,BAR
NGXMLXOAQGQEJWIJZGSS,1,2022,TIR
DWGFSYVYUUATMJIHJNJJ,1,2022,TIR
PSANRHPZSNDXTJAGDPFV,1,2022,TIR
BWTTFWKEPNEPHNMXCSNB,1,2022,BDX
OEYSYFKRTHAKLKRAAVAW,1,2022,MAR
ZUKVFOTBCIHPFNMEYVBD,1,2022,NCE
KTDFEWSKLZTOGYJUOMBM,1,2022,BDX
UNILIOQSHCSRUHBNNKWM,1,2022,STG
FGLWVGIEDJZJYSZPTCUX,1,2022,LYN
HSMIONBGOTBXUUPMVITH,1,2022,LYN
RQMUXRNVNBLEULAAKENE,1,2022,MAR
XKUVOPJZUYAMLGDAULQM,1,2022,LYN
YYWDAPQQHJNQMGQJOZSC,1,2022,BDX
UILQYZZCNGBVBZGNBYUE,1,2022,STG
IKKUKJLKLUASTQZXYTXH,1,2022,LYN
PSGEIIFUZFRWHYYUVEGB,1,2022,LYN
JRZAQICFDAJKZXDNQYXZ,1,2022,BDX
KVMTBNXOAYLRBQEZSSNM,1,2022,TLS
EUZZKZQKEIEUMNEJPHXT,1,2022,REN
AGFWZZWUTGLHLUSMJTNL,1,2022,REN
OCUBNTKXFVACFGCNAHYF,1,2022,MAR
LEMCGFFOPCEERLKBIUAA,1,2022,NCE
PZBGZJBUFQWJVUMCNUUW,1,2022,REN
OTSPXNLINMDTJIINMRWV,1,2022,NAN
DYFJZIFKWVJPABRHWRWA,1,2022,BDX
TWULUFQSGYUUGYPDCRSM,1,2022,LYN
PFUALXTRXAVMREOJPIRW,1,2022,PAR
HWPCTQNCNVMYUGIRGCRT,1,2022,PAR
BCMJQWTXNXNKKJWOJIWZ,1,2022,PAR
NDHSPWULSJKASCKIFTXT,1,2022,BDX
RSHMHSCLPFZJWJCEQJNV,1,2022,PAR
RTJAQAUQYBHESTVUITIH,1,2022,TLS
AHFEMDCQBGCQISLYPJRF,1,2022,BDX
EUQMTGZFKAVZYQMWVJXH,1,2022,REN
WOOUNORDKUFYMGEMYSHA,1,2022,REN
OFMVSNMZQAWBMPJUPNUO,1,2022,LIL
VTAZJEVTTPFVQULZQQPZ,1,2022,RUN
FZHOYVRKEELHAJFBYGZN,1,2022,TLS
ICCFCRORUTXMUVBEEJFG,1,2022,NCY
YGRWWUUWCDJAOXUMHVWJ,1,2022,REN
LGPJZOHRTINPWRPSXVJW,1,2022,LIL
AHOMVLZCYEVUKCKLBQPE,1,2022,PAR
PIOOBCKNSBCYZUJAHZAR,1,2022,LYN
CXYNIZXMIFGRFZKBGBUF,1,2022,PAR
CLFUMVMFSYJDFKMTNAXH,1,2022,NAN
AEQUKXCUORTXULVEYBWD,1,2022,NCE
ZNVDRXKBKHZOJLKAYPWG,1,2022,MAR
AYCJLXEKECQWDEMHJHKS,1,2022,STG
NROZQYSUNZODFGPMNVYM,1,2022,PAR
MJXKGIDLUDCOPQHREFUS,1,2022,TLS
RPDUOVZHBWAVNQTLFHCA,1,2022,PAR
DNVLMHCOSNEVSSAMTNYO,1,2022,PAR
YDUWTNVMPDPHGRGZZTNX,1,2022,LYN
ISARXSXOAUIFQQDGUOQR,1,2022,LYN
GZEVNAWZLKUZZJNFSBZJ,1,2022,MAR
LGXMPPAZWGQGGEELKSBL,1,2022,LIL
ZGAMMCAKLFAIIOQJEHNV,1,2022,BDX
GYKJXXAKCFGXCKARAVXQ,1,2022,NCE
NTFAQRHWEGLFSULXSFIS,1,2022,NCE
XNRULYOCHVNJWCNTPBNU,1,2022,NAN
EFJUBPSLKDWPXYVZCKUC,1,2022,BDX
UZOVHGSKMWNTGLQKBKKS,1,2022,NAN
KZXRFDJIQTNKALQANRJB,1,2022,MAR
QRHIWNJGGAVQNNRYKVEH,1,2022,BDX
QXVNYRTEFFSFZHJGYXNJ,1,2022,NAN
KAZHDTHNFVBQVKJVRSLX,1,2022,MAR
JOJOIKRSTCJMFILULEVQ,1,2022,BDX
EUDQDUPPOPLIUJGMHZED,1,2022,NAN
CTQKYERMIMUOVQUIFITQ,1,2022,STG
UZXRQCCYPKPQSYVHDAVM,1,2022,REN
DUOVXZYNCORUHOYQXCEH,1,2022,PAR
YEFWWRFNCLJLEPBWNPWK,1,2022,BDX
UGFEQALJBTOLYOYWKOSY,1,2022,TLS
STEKKDXESZIJTVAVZIDD,1,2022,STG
JYZRPXKSMJPEAMZIIWTX,1,2022,NCE
GDREUXUYFIIUGVZJGVQK,1,2022,LYN
ODNRAZPDIHFLBULUAEFN,1,2022,NCE
HRSCZFGZHCOBPOMDEJYS,1,2022,PAR
NOCYOFXUOEIMBAYMCDJT,1,2022,REN
QRELBBLSJGWJRDGNHUSE,1,2022,PAR
CBDHYMZIBVYKAUVNKGWA,1,2022,NCE
WYDZXPVHCBDXQDGIFPOC,1,2022,LIL
SCKVPPQUYKNCUPIVJMGU,1,2022,MPL
DFMTESZWDCXEMXMYEZUX,1,2022,MPL
HWGITHWJXFLOFUPDAXRA,1,2022,RUN
LEKRNEGVKYQKSQQKFDWK,1,2022,NCY
BFFCMXENYRBGHJDYPMWU,1,2022,NAN
ZQPUNWSINKLGREUIWWSU,1,2022,LIL
TMZWFQWMIZXHSRHZQONC,1,2022,MAR
TSTOCTXGHTNGVPVQZDIF,1,2022,LYN
PDCRLONNZWASEFAHSNYR,1,2022,NCY
PEDNHXMOPROZPIMXZZVH,1,2022,BDX
APHXFSKRPRJIECBVFRPI,1,2022,NCE
XWWYYONRBRCWDAEDHYVU,1,2022,MPL
RJNTUDHWWWWWWEDFUAWD,1,2022,MAR
FVAUJZOWFLTKGPMCAPZN,1,2022,MAR
VUXGQBCDMAXJCJMJJWWN,1,2022,PAR
RFVEEGXAJCESOVIMAROA,1,2022,PAR
QCCOKCRZMXBMLUHVCWGY,1,2022,MAR
MYUMZONYGXBRKRUXPCTE,1,2022,BDX
HSOEFGEEBDDYXRYGERNA,1,2022,LIL
TFJDIXPQUWRRWMHBXBFE,1,2022,NAN
QSRRYKAUNERTCRBEYGVL,1,2022,LYN
QNAYNRNMXULGHNMURGRP,1,2022,LYN
WFNOLXGHNVVLQVRMILWC,1,2022,PAR
QXLGPDXNVUTCWIKDPLKE,1,2022,PAR
SNIQKQEKZXWZBNHZISAP,1,2022,PAR
IHSSGEDTFGYWZOJDJPYT,1,2022,MAR
AGNQMOSNOOEMJMAZSSKN,1,2022,PAR
VVFLDMNMPNFVCKPDGRNU,1,2022,PAR
FXCZPBWPFUHDWCAZJEHR,1,2022,TLS
PXZKFPPEKSZJORCDVNLJ,1,2022,NCY
BEFVMTSDMBTFGAUPGCVN,1,2022,PAR
ECYPPROTVVHISVSJXYSO,1,2022,PAR
CTUMTFEBPBRIYSWOGOIV,1,2022,PAR
TOJFYAPSUPWYYWMLCDTK,1,2022,LYN
BPAWLMSWYJJMMHUXLHMG,1,2022,MAR
RHABUOKXPHQBSZXFFPVR,1,2022,MPL
QIAKCEBKJCOYJZQRNELU,1,2022,BDX
OMJTSMLIYFYPBYAFWHCM,1,2022,STG
LXQKJRQMXZBJJCCUYSTN,1,2022,MPL
QUBUCJTNQQZBRSTYFWSO,1,2022,MAR
THODADVFNNKKRVCXKMQL,1,2022,LIL
ZDZNTBNGRBQKLQTEXEJY,1,2022,PAR
NLIOQECUVMFMKEIOFRUC,1,2022,TLS
SWXILAMXFSLUMVRDHDJU,1,2022,NAN
VQLIAOKEQBWPWGBXPNQJ,1,2022,LYN
OIOGZKSMJCIZBVMLHJBC,1,2022,PAR
CXCXNIRJCBISLQMTXQIO,1,2022,REN
YCIVRTJFNMJZSCDODKXN,1,2022,MAR
YNKPPBDTZOTQRZPGLXZO,1,2022,RUN
QHICBOGEPFAWKQVYQQLQ,1,2022,NAN
NLHZFRRMWKYNGJJHKEKY,1,2022,PAR
MBPTRENCDSJCRUWOMVRC,1,2022,BDX
ONEHMEGPGZHQUMQBJGHE,1,2022,LIL
HUXSUNHTILFBMXQOSDTL,1,2022,TLS
ZRRVJKMKSPXGWQIOLKYC,1,2022,BDX
SPCZUFJXRWIUAJMBJTSY,1,2022,NCE
GHDCRNCSXYWAOQRRKAWK,1,2022,LIL
NFDHPGKLQJIBCOXMTUZC,1,2022,LIL
YXLMTXZHULQHDUMHTQTP,1,2022,LIL
SHLUUIITFOQNRBDWQRLC,1,2022,RUN
WJVARNYRBPBTDQGLUHEI,1,2022,RUN
XLIQDXXIPZTATZNJYJMD,1,2022,PAR
LTCGOBXPTLGVVYQQXKZI,1,2022,LYN
TGXTWKTEMKLAHYIFRUCI,1,2022,PAR
NHRFQFCGATQEUMZGLVKI,1,2022,TLS
UYRHVMAENHIHWULQXBNH,1,2022,LYN
SPUAWCZYCXSGGEYINCAJ,1,2022,MPL
YVYSHGVKHQQMUYFSKLBI,1,2022,PAR
HHWNFJXAQCTLEEPDMWVP,1,2022,LYN
EEBQALXZPRCSVFLTFZMC,1,2022,MAR
HNLYUZFOUUZODMZWVMBY,1,2022,MAR
BIQWLIDNRKJCVACVLYEK,1,2022,PAR
MDFVPRMFJYNDZQUNHVRC,1,2022,BDX
CFNABUOBHPFXVEUQPDZQ,1,2022,PAR
WPWUIXBBCSOIRFJKTIQQ,1,2022,LYN
LHQTYOMYKKJOIZISGZMQ,1,2022,LYN
QGQYZQHCOLHTKBZEQKVN,1,2022,NCE
TXFBMLOWGGLJZDZALROB,1,2022,LIL
YULAFPKTFWVUCHLIDPST,1,2022,NCY
PWUZWANRZQULZMIEAGPK,1,2022,BDX
VLOCAAFVLIYPPSQZWPQE,1,2022,MPL
TPBXQEGVOLLTIBXPRRSB,1,2022,BAR
AAQSOZDXXLBVSBNTOPJX,1,2022,BAR
TOWDTZJOGJRMTUVFJSZL,1,2022,BAR
LBUPAJNVKEVQBSNCQDQY,1,2022,NCE
TQRXGKBLURYUSHLADPIH,1,2022,PAR
TFGBUOFXLYLRWRTMIFZX,1,2022,MAR
VDSMSBCBBBTHTSHPPDVW,1,2022,LIL
WJIWTXLJLLVFFQZYAMCS,1,2022,LYN
XWDFFSKXYZXXLCUEJEAA,1,2022,LIL
HVROTVUCADUEENWLVHOU,1,2022,LIL
TJZPSYNEQZKOEMOLJCKS,1,2022,NCE
APCXXELGHZOQELTWTQDJ,1,2022,BDX
GOMCVVMFOOYLQHIFFHQZ,1,2022,NAN
UINTWJAMACBNPJSJINOT,1,2022,LYN
CLGZOQTAGSJNIZSEEZJS,1,2022,TLS
NTNPFMONWNDEKHLWWPAV,1,2022,NCE
LAZLTXUZZOELCVBJRAQC,1,2022,LYN
JQZOFABEUPEYYTMCHZID,1,2022,PAR
HJSURQVJCKDQVJNWXQQG,1,2022,PAR
KKJOBGCVPXIYOUVEJQAW,1,2022,PAR
KCJUIGSSUNMNCQCUMWKJ,1,2022,LYN
BPMPKZJMBKNQCKCLMXSB,1,2022,REN
LDITENKZNCZIISAWIZTK,1,2022,NCE
UURWXWAMLCRNZLZPRHCQ,1,2022,TLS
VKSOPRLBVSMUNAXGVQWF,1,2022,PAR
YEACTCYJJYPADBSONYZM,1,2022,NAN
IVBCGIYKKDECKORGNJAO,1,2022,RUN
UCGTXPCYXRBHZEMKHVGV,1,2022,PAR
ZJNPERCIHTTPDKMLWPAT,1,2022,MAR
KALASYQBDSZRJZIIFNLW,1,2022,MPL
IYTHEDESURHSQYVDHKGK,1,2022,PAR
KOCCLFTPCMVZXIZBHKMQ,1,2022,LYN
MDAUMUFVEHLYLPNKNLLH,1,2022,MPL
ICKREINRKHSMWEDSYHSX,1,2022,NAN
VHXAUKXLMZSGBXAHWLRT,1,2022,NCE
XOITSXVPJZHXNRPENSAJ,1,2022,NCY
ZCQPUNIIEFDJLTTTJZFJ,1,2022,BDX
YKRHJYDMJEWHKQLRXIXD,1,2022,BDX
FYLSJTPPSUBVLQKBEDZO,1,2022,NCY
ZHNAFQGZAUVJCZXEUUYQ,1,2022,LYN
SZLHVCPJZRQFRAJMVYCE,1,2022,MAR
CDPLNMMSRWQWBREROKJR,1,2022,REN
PCKMAGRZZQVYYJORDLXJ,1,2022,LYN
CJMALABEAFSMSBEPAUOD,1,2022,LIL
VFPJGHCPMBGLATGHTEDJ,1,2022,PAR
PYAZOETFZBSEGAZUSNOS,1,2022,NCY
AIDKXPAQXECXHTDXJNYF,1,2022,REN
XDSTVWTTVVLZQXBOHUUB,1,2022,REN
IHASKQSLQZLRQQEUTIQI,1,2022,TLS
XMFLBMJLQZNWYKPXITKF,1,2022,NAN
IRKVYNINZTFSEQMYWYBM,1,2022,LIL
GRYINSPPCYEGVJZGJAJB,1,2022,LYN
WIRTPZPBPUIRCRPPQVQL,1,2022,LYN
DYPGHVIMWOSLBVJWLDWN,1,2022,TLS
WGOOLCAPEWJTHTZYHUUQ,1,2022,BDX
BEPYVNFTDGTRONQDBJOC,1,2022,MPL
XIADSQHHTMAYQAAWDJHT,1,2022,PAR
IUVFNNHEPBGCCAJZTKOZ,1,2022,TLS
EQPKRUNNCSEHOPPQDYRC,1,2022,NAN
YHLZNKDFVWTGQKHIUJAV,1,2022,MAR
VLZCGDEGBHVNDDWDWAIZ,1,2022,NCE
DNXOIXRTAEVUCOMEVSKE,1,2022,MPL
PFTSOFOJHXSYYXAFVZDK,1,2022,LYN
SGTJFZZMZPBPRAGWOCEO,1,2022,REN
ZUKHJWKGYVGZYWGOVFZD,1,2022,NAN
NWQUWDVGRIJCEZCDNTBS,1,2022,STG
BQKFIKQOOJZLAAQZZZNE,1,2022,NAN
GYSWKMGHGOCSBPAMQSMW,1,2022,NAN
SBUNSQNRICIINRTXCLFV,1,2022,MAR
MZFGJEJSIUCKAPLLVPUE,1,2022,REN
DKHOUFBZRFYYWAISFCMK,1,2022,LIL
YVWTMHDKOXTDPWBKOKJA,1,2022,MAR
MHJZFBODTSEKXJLWGVCD,1,2022,PAR
UZSGFRPWZDXWEQZHIHDF,1,2022,NAN
PDZJWOJFDYZARFWWIXYE,1,2022,LYN
LZELOCRPISZEAZCAFRLU,1,2022,RUN
SGAOMKCJEAQXGGNRCBAW,1,2022,PAR
JAJQDHREQVECFPSMBDQN,1,2022,TLS
XVLTGULRFRCKQKSUYHUO,1,2022,NAN
JRMJCXWNGQNJCCRGMSVS,1,2022,LYN
AQBDALJFHSJXBKNTKYSY,1,2022,BDX
AMVLCHMWWCUBIIKGIHLW,1,2022,TLS
IIPASUYOXFYUIPQPVPOS,1,2022,NCE
QTTLROVBLLRSKBZXFABN,1,2022,NAN
GGQBRUJBDDQRBDMNHFOU,1,2022,STG
JCWJUPCFYVHPKUQDVKGN,1,2022,REN
GUCGRWDOHPRBRHUEGZES,1,2022,BDX
WGVYVSHZHHBECQBXENJA,1,2022,MPL
KUOZIGMURREGMYQNVMBT,1,2022,MPL
GFVLQHGNRHSXNYOLYGNL,1,2022,STG
LFHVAVWTKPERLSNLMLEZ,1,2022,MPL
YASEWPUUHNPCZSGGPGTJ,1,2022,BDX
WUVTVMVKBSIIOGAADASH,1,2022,MPL
MUVNZBFBMQIZDNYCJICE,1,2022,BDX
LHSMGQULYSFZJMEPRRLS,1,2022,LIL
XSIVHEURDMEHUXTEQLVJ,1,2022,LIL
TWFNYNGSYLYOEDXGCCMG,1,2022,PAR
YSFOHEJELBMEAFVRYMLV,1,2022,REN
KRGJFGJKXHQTDQROAKTV,1,2022,LYN
EKQLDXEMDWEMJIAPCODB,1,2022,BDX
DXLBYJGWTNXENTNRRDJL,1,2022,STG
YVDMATJDZCNAQGHRWGHX,1,2022,RUN
ECLTNZRMYFQQENDACHWV,1,2022,RUN
UROHTYDNBZVAASJYZXVV,1,2022,MAR
TKRYRCXAZRGQIDBXETCB,1,2022,RUN
YWTYKYOBDTVRULKIVHQC,1,2022,NAN
KAUDNKCIYKTWUNXUNCAY,1,2022,STG
BLVQJXYAHFPCUNFUQRGN,1,2022,LYN
IMUUNDVQXMUIMOOEDUSB,1,2022,LYN
PZDFXJIFYNAZFOOEBPUL,1,2022,LIL
ILJTCIUCOYRRYIYWXOHQ,1,2022,RUN
CRNRHUUMKLYONIKRNPGO,1,2022,STG
XMNCQFUSDFKOJGSFQFUL,1,2022,STG
DUQMLBDHFKDCIXMBSNCG,1,2022,NAN
ZBXEWASSFEOKJVEXJCOM,1,2022,RUN
DLDCNIBTTLLXNUBDEJLZ,1,2022,PAR
AOHCXOLKAXXIPFYZUBYO,1,2022,LIL
QCZQPCPMBARIECLSAAJL,1,2022,NCY
QDYORVRERBQYKRQHQBOG,1,2022,MPL
NRMECMHYTYUNDVJLXRWU,1,2022,NCE
MVKZXXKDAGVCMTSASUKD,1,2022,LYN
OKVNBDJZKMWJUBIKYECF,1,2022,TLS
OEAUHNUDDQILLCCUBOBT,1,2022,NCE
TLNXCQEHISPMUESTOROK,1,2022,RUN
GFXDQBCYKPAISZSYVLVR,1,2022,MPL
GNMZHGIDCOUZEAIGOAKQ,1,2022,PAR
NSWYXZXONGLEJZKORIPR,1,2022,BDX
FLMLSKRJQVKVXLQRTOOT,1,2022,BDX
AMLMHUTWYKGFGKFJRCOR,1,2022,PAR
XZMFZWSSLDETUUIBQBMM,1,2022,RUN
NPJETNCGJSKNXEMYBMNS,1,2022,RUN
TKKNDESUWJGAZHAEVNYI,1,2022,NCE
QXQDVPIFPESNQKBDJXRA,1,2022,REN
IPQXTUMRTJSUKEUIQUUC,1,2022,LYN
RLWLUVFDIVPGFESSPAZG,1,2022,MAR
PWSIYXWWPAOETQACTMEH,1,2022,BDX
EIJGMGBJMYTEVEROPLSA,1,2022,PAR
LAGSZIUKWVFDJSNKBAKO,1,2022,LIL
LIWLBKFZIKLWVDDFYLRZ,1,2022,RUN
RNFLHIUQKAIIBROIPGUR,1,2022,STG
JFFYPJMZUVEAIHRVWMUQ,1,2022,RUN
TWOQTQWAEBGCBBUZHECQ,1,2022,REN
LHPKYQVEPADUUBLSSUSU,1,2022,RUN
IIQARMGKDZMNLJKBWJWV,1,2022,RUN
KNGBXKEYFYQFZFJSRCIY,1,2022,PAR
FZSWNLNQRCQAXAUFWVWI,1,2022,MPL
FGEJVTSQEXMTNBHJLEUF,1,2022,LYN
ZNWIKANJFJLPZSCPJVRE,1,2022,TLS
NSXYWLMRBMASEXUADBUC,1,2022,RUN
OVNOICBOOZLQLQTHSBPC,1,2022,MAR
VNQRKEFJXUMEBWMZJNCL,1,2022,MPL
IJHGXOYOCLRXWHZKHXJO,1,2022,LIL
RFNQUIRJLLPKJPEMNCNG,1,2022,TLS
EVQJUSNGIFHBWMHVXJTI,1,2022,MPL
VJOGZJIERTKJJPXYWKQE,1,2022,BAR
RHTAUUYESGHMPYERKQES,1,2022,BAR
BFEGZDUAQDWOKJRWVIEJ,1,2022,BDX
AYAPMCTWYYMWUGCSFZEJ,1,2022,MAR
YXFQVGPQHHGAUFPTSNTJ,1,2022,LIL
RITVBXSZOIPOFUEEFPPW,1,2022,LIL
YKKQGNTEMHNERMQFZVFB,1,2022,LIL
HDQCWMIDAODWZCRDXDHX,1,2022,TLS
FOSLMAWKAIHWZXPGUVPK,1,2022,MAR
GPLOHJHPHXGYASZZMMYD,1,2022,MAR
SWMKSMTPSXARROQWEVIR,1,2022,BDX
NOIYUWALBIIPAESMIRCL,1,2022,LIL
KFJWQANEXBLELCYCPYKH,1,2022,LYN
JXXRPITGGWJPWZIMVHQU,1,2022,LIL
FSIPGVYKOLYNRVYYMAQZ,1,2022,BDX
GANECXMTNPLLIQBYEVZJ,1,2022,PAR
XAJXMFEAMXLBPQXELZDG,1,2022,LYN
OGCUGGEIOCKPSBNCRPAT,1,2022,LYN
CJNSVOJXABRZFRHGDTJH,1,2022,NCY
MZIAVTCRGIZAZQYVUVMO,1,2022,LYN
ZEXYGBOQMGFOMBLLVRNV,1,2022,LIL
WCJCMMIIGTFRDCRHWIBY,1,2022,REN
KAEIQDQFUBAACINIYHZW,1,2022,REN
MRVILWAZMSGIUGIUKNXJ,1,2022,REN
ADYCHQCENPXSOWFSBGLI,1,2022,NCY
OQSYFHCXWOQSEZKKJBPD,1,2022,PAR
XXSSYDNXWFTBFHOJIAGA,1,2022,LYN
IZJHABQBOVCXDJRXTHCU,1,2022,NAN
OIDCMAPAKHBUIORPFQLO,1,2022,PAR
SUPVCQGYFZYHOPQVHIUI,1,2022,LYN
UEOXYKHGVZXRLOQRSQFM,1,2022,LIL
FPBFLINBNRLXKDPLYCDG,1,2022,LYN
CCGKOXHVFIZZTPARVPXE,1,2022,PAR
PRJAHNRGUPDXZYHSGLAO,1,2022,NAN
ATJBMZLRRPXBPILLWPYI,1,2022,MPL
HVVEOLZDIJKQIAVGYQPC,1,2022,NCE
MFYYBIXBMBHXEYOWDSGG,1,2022,NAN
ZJQOHELDYBAFLABTAZJG,1,2022,MAR
UMEIVYIRSJZFHNLGCFUJ,1,2022,NCE
WYDYCSKNGRNHOIAWCLVK,1,2022,TLS
LWGJKAZPQEFLQEXYCEER,1,2022,LIL
FAPUHDIXLXXHJHMEZARR,1,2022,PAR
NBWKIATAQFSYCUESBPFT,1,2022,NCY
ZZHVNGOYLOSRUCBIVRIE,1,2022,STG
BNTDXARCTYTMXFYJCMGR,1,2022,MAR
TUJBPMDLXERTWHDLBZHC,1,2022,MAR
DAFYVBLOIFPGPLYARJRJ,1,2022,PAR
HFOYOFUWKBTQPWGLKETY,1,2022,NCY
SULLJFJHAKKVEKVRDLQJ,1,2022,LYN
ETLDJBGGJFWGPDFKNCFB,1,2022,LYN
QSWGTPFAIPEGXEYZTTCA,1,2022,NAN
TUIXWKDRUFVIPSHQEARZ,1,2022,NCY
RXFZQQWUBKJVMONEQPIL,1,2022,NCY
DNRYHJQSCONHEUTXBSZF,1,2022,TLS
JPOJYRMUOZPAVCDCFFUK,1,2022,BDX
PGXJUCCAEURRWHUGMMKC,1,2022,BDX
EPKAQTINYIVWUPHGMUQZ,1,2022,BDX
OCOBRTSWKRMVLQRMTXUZ,1,2022,NAN
ACSVBYNCANMBWXISUMLD,1,2022,STG
WXFGCJPMYVWTAGHQMBEY,1,2022,REN
JZBHCGLLGFHNPATBVHUB,1,2022,REN
HQUPQHCDLORPJPUMZSMU,1,2022,PAR
ZVSTKVZMPVESNEEQDWRY,1,2022,PAR
ZYRIDVJTLWLMBDGFLDBJ,1,2022,PAR
FRDATUFIHCIUKHBDYWTY,1,2022,PAR
DNZGZGJVUFFTXVDTJYSJ,1,2022,NAN
NVDLETHCFNAXNVUEYJCP,1,2022,LYN
TFIXNXONGUPCFVYVAGHF,1,2022,TLS
DKFICBHMRXSERXHLJSSR,1,2022,NAN
GUUIHSADLNSWDJPZNRHW,1,2022,BDX
SANUDCGXBMHHSNNWUGSQ,1,2022,PAR
FPOBPJYWGLPUNLCRFNXS,1,2022,RUN
UMZAOMQODAUESKGAAUEW,1,2022,LYN
LHWXJWQYLZKVRYYVWGIQ,1,2022,PAR
IQLSLXRYMMRAMNWIMDKW,1,2022,PAR
XNHACUXTCEQOVFQCLVXG,1,2022,PAR
TVDTBDGTXGPHVBNMFAOH,1,2022,MPL
ETZBHYKHCJGMYAUHOKKA,1,2022,LIL
CQNYDYOXXISTOYIMBGUC,1,2022,LIL
LRSAMNRHJGSTUSKTVAQJ,1,2022,NCY
SXVXPARDBFJCDUDWZICN,1,2022,STG
ARZHZAGZGUFSHNAOYNVN,1,2022,MAR
IRSSZBUIYHKNUUTFQYUI,1,2022,MPL
NOKOMPGHSFHKEZGNUCSL,1,2022,NCY
VQTRSSXBXWJVHFTCMTGJ,1,2022,TLS
DVLKBHRNFDWRTRTSOZCL,1,2022,PAR
UXYMJGYTVZKJPFYKDFEK,1,2022,TLS
GRXZNCIWZUCIYTTQLSJF,1,2022,MAR
FQQVLOLWUCPZFSVWFCXE,1,2022,PAR
NBATVLBFVLPFWNIEBISJ,1,2022,PAR
JNFSRVNACCMEJOBUOYIZ,1,2022,NCY
FMFXPPYVUPWMLQYLDOAL,1,2022,LYN
QAIBWKNXJGVBSOMOCSSD,1,2022,BDX
MMICXLJXKUNMPCYXVSYE,1,2022,TLS
WEDFIWMBUANCEPLMSHIS,1,2022,TLS
WOTYJDKZUPJDDYUERRWW,1,2022,STG
TCNWMDGIXMDPIXSQQRNN,1,2022,LIL
MGSEOQZRERBAHNGSYQWE,1,2022,LYN
WUIUHTJMSKGXAKSHQYTO,1,2022,TLS
HQPISUWOQVJVKMMYUUYQ,1,2022,LYN
HBIKWZVUWPATLWKGOIOY,1,2022,BDX
UNIZHFSKZHSSXGRKMQRP,1,2022,LIL
HVSNYMYFXJOOUDFQFSSP,1,2022,PAR
ZZLZSNPCQVXENELLDICV,1,2022,PAR
MVSNGCVSDFWAGQFZNAEN,1,2022,PAR
TWHBIXDJIZCCBERNERKL,1,2022,PAR
PKHUEFPROWZMFGIQIOPP,1,2022,LYN
FGFTHCHKXCENUNOPHXEI,1,2022,PAR
GOIMRDQMJRIYCQYLYCFH,1,2022,PAR
MWKPTYNYJIUVIAHDMVCB,1,2022,LYN
ZWAHSYHVTEWQWEQHXTHN,1,2022,PAR
ISKBDGZYBHVMHHSDSVTD,1,2022,BDX
OFPOTOBJRZKEFRUDMSJE,1,2022,PAR
WNEVKDKRKDFKOCFJFLHN,1,2022,NCY
UMFVUIHEDWLPNZLLDCCM,1,2022,TLS
UVWPVGZZVMVLLHPPWBKW,1,2022,MPL
XCXVBOUAQTOJDZRYRWNL,1,2022,PAR
TKFMABUTUGXQSQMNVUCM,1,2022,NCE
IGGEBGRHMMBLFSGQBCWP,1,2022,BDX
ZAUQWHFAAARARKYOZPSF,1,2022,LYN
KBRSEJYIYQTNAGWNEHBE,1,2022,LYN
UFFQLBECTNYHMYZQVKGE,1,2022,MPL
QJIJUSUVPIYVGSMQVRWA,1,2022,PAR
JQQCOYJBWKGDZDGQAFRX,1,2022,RUN
GOIQKRIKYGXFKUFCHXFV,1,2022,LYN
VCXBDSDFTLMVCFHTLOLZ,1,2022,NCE
NSEUNOIVXTMFSHWXKFYL,1,2022,MPL
FASEKLYJAMUMUUSYCUUS,1,2022,TLS
SHBVODKZRZHQJKCXBXKE,1,2022,PAR
FIMVNRGGZSDBJRHCHBCO,1,2022,TLS
KKTUVMFMACNUBPMKAVKG,1,2022,NCE
DNTVQKOTYPQGCPDDWZKF,1,2022,BDX
RUPEJQXHQFLUQGGNJSUO,1,2022,PAR
BVYMBJQMOXBPDTSQXOOK,1,2022,LYN
QMVNPKANMZLQJUREQLVD,1,2022,NCE
ZIDXNRDZMOGLRESZSRKY,1,2022,BDX
RRFLSLWMSHYYLCJBFDRZ,1,2022,MAR
MASWCYAMOMYNCILDFCXU,1,2022,NCY
TVSULBTUCAUSDGCSGZIV,1,2022,LYN
SAUGUGEADVEXXTIOYEPI,1,2022,PAR
VBEQEQMFEGMCZUQHZNTL,1,2022,TIR
LSDQCWBHPIOUVVLSNQUR,1,2022,TIR
DFXRYQITFNVGAASPOZQN,1,2022,MPL
HPWWXJGMXTYGVWPRPBEW,1,2022,BDX
FPZNTENDNAUUBNAGRUDN,1,2022,LYN
JRRORLEYTEPCGFMZHGVI,1,2022,LIL
UOTIFHMKVYQPKNOUQBTW,1,2022,LYN
DVMFFQTBZULGRVLRIXWA,1,2022,REN
ZIPPBAJMNAETMTWOIZNW,1,2022,PAR
GFYKXUIYGUSAZXJJWQNZ,1,2022,STG
SLGYYWFPYOKNGQCNIYKY,1,2022,TLS
VEMYNVJNAWCDUNLLFOYR,1,2022,MPL
HZKMVVUKMYXNTAURPDCB,1,2022,MPL
URKGNEUUAQYYGUTVTFDW,1,2022,NCE
GPPGWBYKSKDZLZYZNCCE,1,2022,PAR
ZSWQGZWJCRJHEHJNRWFO,1,2022,PAR
KSEUOAJVVRHDLQINYZMW,1,2022,PAR
UZDEXAUWOAHLCWMZPRDE,1,2022,BDX
CFWLFYLPBFEMHDQRBKVE,1,2022,MPL
RJUSNVNLZWJPAQWPASVX,1,2022,LYN
ZGPAPHGBWXJUTIPSHVRX,1,2022,MAR
MTJFUAFZCSKAZYAPDAVT,1,2022,REN
VHIHSUKPMHMIIKHVKTZE,1,2022,NAN
UZNATOMMVKCWEMVRJEYO,1,2022,LIL
WXEQYJVITSJWOBBNQMMV,1,2022,NCY
CCINDMVVHGUFPDOLDMXC,1,2022,REN
BNKRHCXDXBYVFNWQXOGF,1,2022,NCE
GRQGMUVVTZIJNWIKEWUH,1,2022,STG
USQJGOJTITHAWIRYXSUY,1,2022,NAN
MOSJBFCEFQIFLWPRFZHA,1,2022,PAR
DSLTBNBLQBZBPMPCSSCV,1,2022,NAN
EIWPBUMSBXZVRSGOQOIM,1,2022,PAR
AMROTLDHRQKYIFYJAZJH,1,2022,NCY
SAWXXFVLNTPGYZVMGDCB,1,2022,NCE
SDZUMSDFJNZGYLKUPSSM,1,2022,RUN
RDEKUEJGXYSHYLKUXLRQ,1,2022,PAR
WAWJEHOQUJWFJZEDDEZV,1,2022,PAR
CIFWOVMFUCVUAQNRYAIE,1,2022,PAR
SFMRJWSEXXBQQWOPKSMQ,1,2022,STG
JQQAGUPLIAQMQMRQISBH,1,2022,STG
TIMUBFZVUQXMJFPDPQAZ,2,2021,PAR
EAZVSPLRZBBPQEAPWKWS,2,2021,STG
AVLSMXZYRKUPXMXFEXEH,2,2021,NAN
DRCDKBYJSLJGWNYCIDWB,2,2021,PAR
JNZKAZEBXXQMTVXNUNQT,2,2021,NAN
VAIHOBCVFLTSHXVSYFEQ,2,2021,LYN
FWYRTDIGTSQCKFZMAXMK,2,2021,LYN
SIQJHYHVPGEXLAWCWIWK,2,2021,TLS
UQDSDTLQKWDRJGNFKIXW,2,2021,LYN
ZJURKZTMZVAWAMEFETHC,2,2021,NCY
VBAMEKVNRYTUWDPVYZUL,2,2021,NCE
YPQIZMNIWDVWZJOKXHQD,2,2021,PAR
AAKXKAFZFTZOXBTLVHUA,2,2021,NCE
HUZCKFFBKBUEJBBUKTWM,2,2021,STG
SUXOJNVLALZXJQSDOJDO,2,2021,LYN
IVQMCYTKSZJNWXQVIDMR,2,2021,BDX
GAMLFVDKWKRZXKXRXXWC,2,2021,RUN
EURWNWQKNITLAYGXJPZZ,2,2021,LIL
SWGTVNLMSPGUFEIHVHQQ,2,2021,RUN
AOBGHIGMGAQGQPJUZVOD,2,2021,NAN
JZQTAFDJJKBITVMIQXTH,2,2021,REN
OYNRGTKPYSWSFJYQOKEJ,2,2021,PAR
DWGIVMDBGPGXMBZAOFXG,2,2021,PAR
ZNYVVDNVANYSJAXLQJHW,2,2021,PAR
CDLBYJADHTSSLBMWXPYI,2,2021,PAR
TKPIYPAIFHGCFYSUIMGM,2,2021,LIL
XVELZWKJAOLKPMJUKKSH,2,2021,RUN
DFNMODFUMFWVDEBFDUFZ,2,2021,PAR
WATAVCQYZJKQDBIUUZGW,2,2021,PAR
YGOTNMMAXBIHNLHTRQYT,2,2021,LYN
ATGJRLALULCVFMQVZFXB,2,2021,BDX
NISISVBWLLCPOQIERVOM,2,2021,PAR
TOKBPLDXZQRPJGEXLYXZ,2,2021,PAR
FIKVKPUGGZXMSISDDBJW,2,2021,PAR
CISIRIOIZXIXBTBTWLTF,2,2021,PAR
XVSISXSWNTOJZHLQSRFP,2,2021,PAR
PSHNESDUPJHPUVHFKDBO,2,2021,PAR
FSIJLCHGXXSNJQVSPRBN,2,2021,PAR
OEXMSMZDTPYQJHYKWIAX,2,2021,STG
MOZZFJHJNFJGABXJEGFY,2,2021,PAR
DJKBSESWABLCFQTRAHQH,2,2021,PAR
FIUYOZKZATHYEBPQLGOU,2,2021,PAR
OIQXNQYSDPYLVFFBVHWX,2,2021,LIL
ABDWCZNRYOMTZDOZHBVH,2,2021,LYN
HASDDIRSJILBBEEHYXYV,2,2021,PAR
PKQYJJXBLOJUBBDRQCYR,2,2021,TLS
PPSYGVBKTPDOFHMGAZOR,2,2021,LYN
UGOIKVVNOYMUAYEVAXPW,2,2021,PAR
TQSXWWMQQBFOSJENIVJE,2,2021,NCY
JLTFEBNZWSXRAAUKOYUF,2,2021,NCY
XVPAHEMZSNGLEUBLAZYL,2,2021,NCE
YDQMKKZPSSKEVQYXXEXZ,2,2021,TLS
BZJRTILGZSEYXXUJSCMS,2,2021,PAR
VXZOSMAHWDMAODLLVWUY,2,2021,NCE
CYZYROPSHGGSMOFTAZUM,2,2021,LIL
FCONNSDBELMOMQXXVFSM,2,2021,REN
IEAXDWSTYGBPPXJUUBTG,2,2021,BDX
QIBSLPOIFLHEHFZFMFNJ,2,2021,PAR
PEVDUHGPFOUPYNFAQJVP,2,2021,PAR
COIASOZKAEQUSWDQUMCI,2,2021,NCE
GYWXMXAMDEPFTFLCXPST,2,2021,PAR
YLPTPBUNIYLHHBJMNUNC,2,2021,PAR
OOMZXJLXMFGNBHQTJZGR,2,2021,PAR
CQAQSPJJXLNIONCBRRDC,2,2021,PAR
ROFIIUIBMBOUZZISRDBQ,2,2021,PAR
JHFETXAJLOOAWEBYEEDD,2,2021,LYN
VUBLDQIMWRAPBMUBSRDO,2,2021,LYN
YXWDWMLRGVBMFYANAJJF,2,2021,MAR
CJRDIYDABQFIAWUKSPPU,2,2021,PAR
CHDETJUQVWNPYMJRTTOI,2,2021,MAR
OIOGGTTQFBORRCECHECI,2,2021,PAR
AJENFBXQZDJHJPJTWIWV,2,2021,MAR
VCVMIPUTIODYZPIYROLY,2,2021,STG
OEYAJLQWJPMBFJKDLRUV,2,2021,PAR
PFWAVKRRDRLAGBHOJFBH,2,2021,TLS
GQZZJDGNSCLMJLLSRKSZ,2,2021,PAR
NUZHLRGEQITZSSAPVSTJ,2,2021,TLS
PQNJRAPXWUXDPKCFLJUM,2,2021,PAR
MXTLRVEBTGKEDCWYDPRR,2,2021,LIL
UYAHVIHVPCOUIGWYTYEU,2,2021,STG
HNOWOKURRAHFATIVZODQ,2,2021,RUN
RONXRGAPEURISSFPTWUB,2,2021,LYN
MLXGIECRTUJWJGIDLLHB,2,2021,LYN
JURQAROLGYQZSXARHBBY,2,2021,LYN
SEPFIIHKHOERCDAOQUMY,2,2021,STG
ZWRTDPUCLOKPYLTIIDKF,2,2021,RUN
NUQAQFOZMWUEPTLYEIYQ,2,2021,TLS
GOIKLIBPEKBZDJDGZFFP,2,2021,TLS
FFRNKMJXKHCSABYYEWBT,2,2021,LIL
ERWGENMRPZBCPEIXLSBY,2,2021,LYN
BPVRYPHBLJWGGIOJRPTB,2,2021,NCY
GUIXPBMEIZFIRLATPPDB,2,2021,RUN
BIQLSKDUEOGIZIABTDAJ,2,2021,NCE
FACBXASOCESHVOHPDZRN,2,2021,STG
IYXVEOOOZQXOYUFPAKVY,2,2021,LIL
TTUELELFBTLFVFSRQGXL,2,2021,STG
ACHCCQGQHBLGTRSTXGWT,2,2021,NCY
NNEEHWYUHBVKKZRNOKBS,2,2021,REN
GOMXHVKBWRBODLVMPCUL,2,2021,MPL
ORIUNTJWAURXCKUONEAE,2,2021,PAR
DAELJEWYRBKUQVZJSYUE,2,2021,PAR
TKPWPWHJURUWEDOFKXPN,2,2021,STG
HRIXOCKXTLMJXEJICEVQ,2,2021,PAR
IJDIDTUNCJTXLPPQYYTD,2,2021,PAR
SNOFQMZDHTESKQPSLYBG,2,2021,PAR
BTFTKFFOQKYGZMXOZPFJ,2,2021,TLS
OBQHRUOAINWWTNUFDSUC,2,2021,PAR
NZCQWHMSXCQTUVWHMEIO,2,2021,PAR
XWPCHSXPBYQAAHYXPTGI,2,2021,MAR
SKWZSLAWEYGOMOFKUHJC,2,2021,PAR
ZHZARHZGPGULMDUTXYSY,2,2021,PAR
HBSHNEWPLBXSGRBSMHVA,2,2021,PAR
SRDNPHBFSTYSKJEJFMNK,2,2021,PAR
OGWBCSGPKQBQOFXVQZLT,2,2021,PAR
WMOIRRSTCLNIRSXICSWJ,2,2021,MPL
XGKELZYFNAOAKQDVFYIP,2,2021,LIL
SXFXOOFILONTATWXLSAP,2,2021,LIL
ULFEFYDZKAAUMWDESFNM,2,2021,LYN
IOAGBBBIKYYNYEFLJCEV,2,2021,LYN
GLBHSOEUGSTFJCVDKVOK,2,2021,NCY
BFNVQYLSGYQIEVTBSRJW,2,2021,NCY
DGMLPAUENOJHJPBTFYDY,2,2021,NCE
QCMMDYCHAVHIGEKHSBKV,2,2021,NCE
NHXUOHFYQKGKDQUQDNUH,2,2021,LYN
QTNDEVLQGOFKJAJJVYKE,2,2021,LIL
ZJENESITBEYRBEUOFMBO,2,2021,REN
ZITWJHMSYPDFQYOMFLWB,2,2021,PAR
HIGUPKUCLENJFKNJYERK,2,2021,LIL
JAVMNAMMJWSWQFVLRAML,2,2021,REN
GZTBWWLCTOCXOKWZKNAN,2,2021,PAR
AADUDTCNYORCSDHDJUHQ,2,2021,REN
DJAKUTUIQBOWXFJLPRXL,2,2021,PAR
VCZJNSJUKDTKYFLAHKJN,2,2021,NCE
HUIUZPVIHFXUVIYJGVNQ,2,2021,PAR
YIDOFTOSWPZQZJSETATR,2,2021,PAR
EPIOBGFWKKGXEEDMKVSZ,2,2021,STG
KYBQPPOSTIYJJUJKTXRR,2,2021,PAR
WDGJHZETSOLDMRASIQKG,2,2021,PAR
JPSTHLWLCFNAGTEIYELG,2,2021,LYN
MQQWIVODCMEPUBTSYHYR,2,2021,BDX
ZRXTIDFVYYCPZLKMKZKW,2,2021,PAR
UCMNSJBJUIGQYBZVUZPS,2,2021,LYN
VBHWIPVATTFNAHNAZJXP,2,2021,PAR
SQVWDCXHNJJFLOPPHHRA,2,2021,PAR
JRLPCERBMQYPWNQPPRNY,2,2021,MAR
BAAYFRHTUNUAZGDQANYV,2,2021,LIL
BEDQKHLWQRPLNYBAQMXC,2,2021,LIL
HTFJNUFDEAPNUAYBXTUN,2,2021,TLS
ZHKYFESTNMSLYMQHUWTV,2,2021,TLS
KZFTMCRPRNQCJFNOTZPZ,2,2021,NCY
NOVWCATRLNIOOBXKSLVP,2,2021,RUN
PWCWSIDLADZJHDIMFNRL,2,2021,PAR
HKABBMLLFBVEIJFKJGXJ,2,2021,RUN
TQGMTMMMQQFFBVFUUOGC,2,2021,NCE
JNORIJEQXSVXIOPNIGWT,2,2021,LIL
CXAXPLEHPNHFTPSKWWMF,2,2021,MAR
VIKHSLTREIPONGYOSZTG,2,2021,PAR
EOEKVNTPNIDMYEWRYXDW,2,2021,PAR
HRGPDBRFASBGKTOINMNW,2,2021,PAR
XPLNLIBORIBDSILHDEUL,2,2021,MAR
BFMFQKEIMHQVJFDOUNTS,2,2021,LYN
PXXPZMIFLUKJSDYPGDTC,2,2021,PAR
VUQOTDJUQCPKEVECORLD,2,2021,PAR
DPQIZZMSSSREOBWFLLIQ,2,2021,LYN
SPQQEALFROFZKQJLOXQM,2,2021,PAR
PSLPKOURTZMXVDDXRRWP,2,2021,PAR
LZXEDFEEGYSGVPHPZIID,2,2021,PAR
FKHMLEOORRJCQVDAYPWV,2,2021,PAR
OYBTUCZRIWJNQLCAGQQV,2,2021,BDX
ZWXVCDVNHLMXVRJTKNTM,2,2021,NAN
SBIEMWDIIXFYGKBXGNOB,2,2021,PAR
JYIZDHFAVSCSKYKKAUAN,2,2021,PAR
TUGONETOQRGGVIITVKAV,2,2021,PAR
JXXWEDDCBKNAKLOFFJCK,2,2021,PAR
NPFSPNGYFEWVRBAVHXFR,2,2021,LYN
RTGXLFOTANJMQUPYPUJG,2,2021,PAR
TOXKGDTMAIGKBFIUXJFM,2,2021,PAR
YYTZAOSMXPVEHHMSJIBX,2,2021,LIL
RPRIHJHSOXRUTZDNRLUA,2,2021,MPL
MKJBYXSYQLJUJNOSTXPS,2,2021,STG
CQPCYBABPIHHAITTAAGV,2,2021,LIL
MYYJEHMJSTLYYZGITLRL,2,2021,PAR
FIBQHPFJRJYUUUTGQGNL,2,2021,PAR
KDJYGDFZZEQPCDSNOFRN,2,2021,PAR
RTVONQAMANTJRNXUYGIK,2,2021,RUN
JTKDZUFGRGTMXCNTRKLA,2,2021,PAR
BPSQARGXOGHBMAYFUCKZ,2,2021,STG
HYGHILFOZWKNWJORTZBH,2,2021,LIL
UUXGPPWFWBRRKGHPLPVZ,2,2021,LIL
UMNAELIHMTCAYQBYOQOL,2,2021,PAR
RCCXIWSJRHFKHXBKZVSA,2,2021,TLS
MMKHKMTTFSEUAHRNUBXL,2,2021,PAR
AABLVUZQIRAJJISRBYLZ,2,2021,MAR
BIWMFIAWVVAKEJMVGNNE,2,2021,MAR
LSCSKSZOYFXFLFXKKDVU,2,2021,NCE
AIREUWWMASVKLSYIMKKJ,2,2021,PAR
TELMWGIQJSZIZHXXSPUK,2,2021,RUN
ORTLMVOLRBAUUNYMODZI,2,2021,TLS
FRCOGXHSZPRFLFCBXJJA,2,2021,PAR
PLHQEVBGJQPCNKRTKFRQ,2,2021,PAR
NYDJCVLEAWEWJQFVDNKP,2,2021,MPL
IPXXUUVPMILDODWJQIEN,2,2021,STG
SUQUIFCFWRSKTANPOZRD,2,2021,PAR
CPRFTWWCZBDLRWLSCDRF,2,2021,PAR
GTFUHYLZAOMYPGOPXIID,2,2021,NAN
BOWEKAFRQCZBODDWMFPC,2,2021,PAR
CQDGSUHZUIJCPSMWDAWR,2,2021,LYN
XJNYZVZUHLZURVFQSKCE,2,2021,PAR
KAAIROULIUXYZHSTBEBK,2,2021,PAR
PDXXEVSMBODNAGIVYNXZ,2,2021,PAR
ODVLDMOJWCNNUWBXUJNR,2,2021,NAN
TZYBYJBEPKAPWKQTRHDV,2,2021,NAN
GOOZHJAUBRTILJZHEBKC,2,2021,PAR
WPXOWAPGYCRDKJBAEKZE,2,2021,PAR
KCGNZYFHVMYOPRUFQIVP,2,2021,MAR
SASAXZEAOCUIPLNNKPGD,2,2021,LYN
LSWNTZPVSPYYGAHBVZQR,2,2021,RUN
VRXYLJFEHRDECNQKMXRJ,2,2021,STG
LXYPIMJSHPIJDMJOTHZR,2,2021,PAR
TISNMFBBTBLHDIDNIXOL,2,2021,PAR
SWBJDJAOHCVGTBSBKNXL,2,2021,RUN
OXNKUXXULLJOBPUHPRRT,2,2021,LIL
BPYTPXHDEHYXAXZCAGRX,2,2021,LYN
KFFJVPUEEAMXSMFIDTLY,2,2021,LYN
BOAVXNHNNMVLAQIWTTJP,2,2021,LIL
UIYMOEIHUWBMYMFVTJTM,2,2021,TLS
VJOUOMTULJLSWPCMITNI,2,2021,LYN
QXGOXBRZYKIUQOSGOION,2,2021,NCE
RUQNQBIZLPOGIBDXNDPW,2,2021,NCE
QRLFMBJWWSUZRRIPHEJM,2,2021,LIL
DEHXILPVPXJQASTWUPED,2,2021,NCE
GRBFZUFYZMVPLCXREVMB,2,2021,MPL
FRZKCWUHTVFOESPVAWYD,2,2021,NCY
KFCKKUEPJMUNQIVTCQTM,2,2021,NCY
EKTTLRPOMEJYQKECIHFH,2,2021,NCY
GJGUYPBDCAQKIBSZQABH,2,2021,REN
YAOOUMOKZJNUVKPEWJPB,2,2021,NAN
NXBSXKQZJLVQQRUQHZRR,2,2021,NAN
TUXGGIAKMFRYPXTZKVPL,2,2021,REN
GBCXDTITWEQTSNNYJRVS,2,2021,PAR
FZOPPEHWAKPUAQKLLYDY,2,2021,BDX
NIHHSFAWLTLVGMLXGTFJ,2,2021,PAR
VAOMUQAXWKQIZKVEZJAY,2,2021,PAR
PMTQMTIDVPEJBCKWVRYC,2,2021,NCE
ECYLZXJNGBIGCNTMMFPF,2,2021,PAR
ROXQUFYSENMXHJBYITVE,2,2021,LIL
ZOBCCPUXLWEBNRVARLWX,2,2021,STG
PCJRETNQXTGNWAYPPGCE,2,2021,PAR
ZGRDUNLVZBWVUGLCVUOI,2,2021,PAR
GVUVEPWHRAYTYVSEHTCP,2,2021,PAR
TGNYVHGABBGBWMTHOORB,2,2021,PAR
QICRBORQDWIXSDYGHCHX,2,2021,MAR
ZDTETSRDRAGOXTKDAKMQ,2,2021,LYN
VXLBWYWBIBUQOJGDCELA,2,2021,MAR
ZKEGFGRAGDXJITISRBUS,2,2021,PAR
PKFHHIABVDKFMBJTTARL,2,2021,PAR
UMGFSGZJBBGLIBZIEMBO,2,2021,PAR
ZQFQKYWXGZKJDKIVNNKE,2,2021,PAR
RZWLKATXICJFREUVGCUL,2,2021,PAR
CXKEQBNYHLWXPRAXREYD,2,2021,NAN
OMILNAYISAVPWWCAFZXK,2,2021,NAN
VPKQUVIWSNTYQAKMRIPH,2,2021,MAR
TOGOKNKSFADYEOQPJMMJ,2,2021,STG
YFGSFIEZWUECITNNIBOW,2,2021,PAR
HKVTOLZUMVIAXXZBDAJA,2,2021,PAR
DWGKHENMTWWMDZHOKLIC,2,2021,PAR
CDTCBZBNWXGNXLOCNZVZ,3,2020,STG
AJWIKHAYKJKWXBCKJMHW,3,2020,NCY
VPEJBBXVKCUGNMDWDQWD,3,2020,TLS
RUSQZSWUQJXGNVDKUGUU,3,2020,PAR
FUGDLBSFJRUHHTEQVKUF,3,2020,PAR
HMUNSKLSFKAJQJYVIKAH,3,2020,PAR
VYSATEUXYZCUKYVXHZIC,3,2020,PAR
NJTEJJHYVQIBDBJCJCHJ,3,2020,PAR
VGKUTJQMAELHVMQFDUAM,3,2020,LIL
MEEUGSFRXXARIBUZKUIT,3,2020,PAR
OMRQFHVECWCGYSJNXEJU,3,2020,PAR
OTXSHIDUSUMYFUDJGBRP,3,2020,PAR
QPLJVQIDDPJJNZABOXHF,3,2020,PAR
JNCOVPWZXYFYNOSXJRQO,3,2020,STG
AVAUJIXYKPVBMUDPCBSD,3,2020,NAN
BZYPGDKYRJXLXRIQEDWV,3,2020,LIL
RUMVGUPAYNUQWTUVTKNG,3,2020,LIL
KRLVCYLSMAPYWHYWWKOS,3,2020,LIL
QCHTFSHOGUOVXOUVULJP,3,2020,TLS
XGJRDRXTOOBFAFEGDBDL,3,2020,LIL
AKIENZIRFMZJXGQPLRUC,3,2020,PAR
SBIHXCHLZWFKQGHDYBUT,3,2020,TLS
PKPOYOJWRVQLRKWEDKGR,3,2020,PAR
NMKHTSKYJQNMXBTLEIVT,3,2020,NCE
ZCAPWKSQDOIWKCSIKCRA,3,2020,PAR
FQPQBIXMNSMCRRNONWGN,3,2020,NCE
APUPTMUMSLHJPXYIQWLN,3,2020,NCE
SDEGISYRVOYSGEDJJZWT,3,2020,LIL
XAWDPSWCXDRCNQHZRZOM,3,2020,NCE
OKTXWHLJLTVKMXCLRWKU,3,2020,NCE
JAXKQMKOPMMMBSDLNDTW,3,2020,MAR
SEZLOCQGUYTOXCTIGODV,3,2020,NCE
QXUPTWCTVWTUQSQGPHLB,3,2020,BDX
FUZHNMASUAXRTGQOCIMO,3,2020,MPL
DTFIZYCBQUZNIYGQSOZV,3,2020,PAR
EWBAWPYLFZPUZTTHGAPW,3,2020,TLS
JDWBARYVFWZCALYJWVHN,3,2020,PAR
OSKZNOVFNAUWKKVAZCCH,3,2020,STG
QNFPDJMKHJTRMPVXBNXD,3,2020,BDX
ERYOALWKOSFVDPMESTFI,3,2020,PAR
XUBVNLUVJBWTGPUPEHLH,3,2020,BDX
MBBVYZDACDRFLUPMMPKU,3,2020,REN
HTSEJAEPGHVFCTMCNWLQ,3,2020,NAN
FQPKUHPATCSZURFNNDBB,3,2020,REN
YTBQMDZQNAOLTJIQVTMA,3,2020,MPL
NTMOQYOIEDPGHYOOCOBJ,3,2020,NCY
LAOCYFQALCBDUZIMOGAU,3,2020,NCY
SWENDEKFXTMSKNDPIUGH,3,2020,NCY
IVITQLGIIZCOVQMQYWRZ,3,2020,MPL
FWMPEGBDMGGEXAXJKKVW,3,2020,NCY
PAWCKPFJRZGNTQZTJEKC,3,2020,REN
RRBDUSQYJLEQLPPNVSHR,3,2020,MPL
ONWXPCKFEMZZTZTGDJHN,3,2020,NCY
DAODEGCZNLOKFRUSHEWV,3,2020,STG
IWKFNPOSZBGDCKRBVQZL,3,2020,NAN
MHQRFGFVFMRJZOYHKMIJ,3,2020,BDX
GFYGGCKYEMNGDBUDIMIJ,3,2020,BDX
MKEDISJEIQWORWVCSWXM,3,2020,BDX
KYQVGGEUZABSUKNDZPZQ,3,2020,PAR
YYQOLNZSXZZBZDZULBLM,3,2020,PAR
WRWULVPXCQGCPNVPTBOS,3,2020,PAR
UNPWMYNJEKCAHSRYHVTH,3,2020,NCE
SDXCGYUGXTKDUMHBRDSO,3,2020,NCE
ZTPXJCPKDHOXPXBRWEXR,3,2020,PAR
ADLRRRELUCZJAQBBWEDY,3,2020,PAR
PKHJXNLQOODTANEXRGTF,3,2020,PAR
QTOBAODJASDJJJMQYSTI,3,2020,PAR
SNYDHYOUDLOPCBBTFDPQ,3,2020,PAR
SFESNTBWSMKQUFGVKRWT,3,2020,MPL
ASAPJPOIYXWHHHAESQGU,3,2020,PAR
AAVAQWVZMALDZZHULXQK,3,2020,PAR
ZKIITLBIBZGLHQYHUPLP,3,2020,LIL
RIGFZTUSIRWVMKWXPRPN,3,2020,PAR
UTAMAKOIXILIUUDPOGQH,3,2020,PAR
WYHNKXIMSVSSGBXWLIMZ,3,2020,PAR
AQJLQRZDJHOWEDCANLTI,3,2020,MAR
CEHDTTXGDEMDLEYEKPZI,3,2020,PAR
VZHEVOQMBNVTOKWFHJDZ,3,2020,PAR
KMQDICOSQUOTAYGAQXTV,3,2020,PAR
EJTTKQBZWPNEAGRXHPIR,3,2020,PAR
KZETWFEEXAQQTAEYQOAN,3,2020,PAR
FCYPLVGAAELETOAPPDRG,3,2020,MPL
OSFQHDIJVQUYLPWRYPRK,3,2020,LYN
IALGTKXHJAMBXNAENHUR,3,2020,LYN
ITMPKJMRHKAOOCFQIGQS,3,2020,LYN
KRSJSACICZFPPJUCUXDN,3,2020,LYN
EKOITPBHCJGAQDWPUAKT,3,2020,LYN
VVKQUALAJZNZHXFIAYPK,3,2020,LYN
OAVWUEBQNEUGDQIOVFAC,3,2020,LYN
RXRMFLTHHRWWGIBACORX,3,2020,LYN
AEGNEFCFYZSOOOOTHXAM,3,2020,LYN
ZFPOZTHSBNYSPUDWXSYP,3,2020,LYN
UOCFYCZCSYQXEXFRNCUL,3,2020,PAR
BTJZLYGPPMJQZFOBLDRQ,3,2020,PAR
DWIMEGJBUIOJWRFNRQKC,3,2020,PAR
KJPVVILRNIJYRTKSSIFJ,3,2020,LYN
CAQLMMSGTNOTOFGWGCVX,3,2020,LYN
EGYFBHGMOQGJGPUUZSSP,3,2020,LYN
QWRWCKSPWDBVXGWCBTNP,3,2020,LYN
HJEQQZMZUWWNVOVAARDK,3,2020,LYN
JHKTESDEJFEITTJRJTHU,3,2020,LYN
LBFYVEYQCFZRIFMUPKOM,3,2020,PAR
FDZDIIGLCPWVUREUWIAU,3,2020,MPL
YFNAOGXRWMFDMNPUAXVV,3,2020,PAR
JRINLTNQVLBXBBKTNIQF,3,2020,TLS
WHCMKRWVMZALICDXSZHL,3,2020,TLS
IQUJELYFSVISLMVDNBMF,3,2020,TLS
CDAHMWOOBAEHEIOICPHR,3,2020,LIL
LCGDPUNOEUGZIXYLKPSP,3,2020,NCY
TNCNTZSHZNNITDYCINWC,3,2020,STG
BUCAJIUXXJZABDTTKLZB,3,2020,PAR
ESHTPIYSTYAKWMECDACV,3,2020,PAR
EOWUNQAPGKGOHRZFPZTC,3,2020,STG
UOBCDNIPFCSIJIIPINUK,3,2020,PAR
ECFHDDFEHPRGTBDUWXRA,3,2020,LIL
MYWBAVBKSCOPMZHFBQEL,3,2020,TLS
DZDIYKCWJAYAGVSVTFWN,3,2020,PAR
VELZDLDRNSWWQDTREMGY,3,2020,LIL
ONLDDAFGCRXZBLXLKNQQ,3,2020,LIL
ZPUUVQANHAXVXLYADPNS,3,2020,NAN
ABYMWRKAQAEZXSSLYALM,3,2020,MPL
NAIJOIAQNWHZANUGSENL,3,2020,MPL
JAIIQBFTTDTXCJNBNQKP,3,2020,PAR
LMMFXSQQVAEGZEJCTZRS,3,2020,PAR
KCOYEYYBQXISQKUULMIW,3,2020,LIL
ENCIZIRSUBPUATHTVLBY,3,2020,LIL
GDZNXATKIDGCPSPUPECB,3,2020,LIL
INIEJWOESZLEPFOQDEFU,3,2020,STG
ZVKACAWUCZVJJROPWZGM,3,2020,BDX
ZNDMPQMYKBWYGCANORJP,3,2020,TLS
UHVRROCZNXSAXZRMCMSR,3,2020,TLS
TDOFSPTODGHGYOZQULAH,3,2020,TLS
LWWOQBFULWTLTJXXXNRH,3,2020,TLS
FLBKIVAUECSNLQVZVQGA,3,2020,TLS
JEVGQTZXXYADDYMMKZYU,3,2020,PAR
IQXPXSBTVDQLKZWIEVVZ,3,2020,TLS
DHMSBOFRTHIIAAAMEEEY,3,2020,TLS
GUUMMGHACRXOVVKXBXGA,3,2020,PAR
KXZULQRYSQCAMMPIWCEE,3,2020,PAR
AKFKIKPUZNAYIKQJUGVM,3,2020,TLS
XKGDAFRBNQLUPLROVJJF,3,2020,STG
TEPVZMYTTWRLKVFAHUZJ,3,2020,NCE
GMZPFGQJYVOVSIOONEPC,3,2020,NCE
EOFLYZGQGJOZOSAJMZRL,3,2020,NCE
VVWRFREDVHZXVXEVPPRF,3,2020,NCE
OURNRPVKPIJROBAXFIYE,3,2020,NCE
XFFKHRSSUFRTIFBJIVZW,3,2020,STG
PAZCZXOTVXIJCXCCWART,3,2020,NCE
XXDQTQXXXPIKAFNPYLKY,3,2020,PAR
XFEMZNOPTMOMLYKPXFVX,3,2020,PAR
XTONFYHJYYCIYQPVOUXC,3,2020,TLS
DYINNJVYDXKEPVESCZUU,3,2020,REN
BJJZHQZJUXQWNUCPRXIT,3,2020,MAR
CFKYTCWYGUECDBFXCCKX,3,2020,MAR
OPZRQMCQBUZDNRZKNYND,3,2020,NAN
WGQUQXRSAOKVZLHPDMLV,3,2020,NCY
XBAJVKMSQMLAHGLVYJNE,3,2020,NCY
YTASEHQNVDMGHELMCTLX,3,2020,BDX
AKXFWTWCHJAPUTDZKNXY,3,2020,NCE
XIQVHHYRNRMOYXKXMOZL,3,2020,STG
FOJBESVWUZHZIBGRGQEW,3,2020,STG
CNYIMVGKCKXAZZXEGJNF,3,2020,MAR
HJVPCHCCJMJCNPDSOAIR,3,2020,REN
WPCTMERZUXYDJRGYIIGB,3,2020,NAN
NVFHDYCYCXVIMDKJPKOL,3,2020,NCY
ZDNOOBXWDXFRIHVWSVXE,3,2020,NCY
WWSMDQAVMGPSHACIYCXD,3,2020,PAR
EVKIRHDPCYTKOPJDXFXV,3,2020,PAR
SDQQDQOMBCPAWNIMSHNF,3,2020,NCY
JGRKGLGDCXPZWAGZVGON,3,2020,NCY
KMIWPGJQVEGHDOXDXGYP,3,2020,MPL
WXLIBNYBBJBULMYQLSHT,3,2020,REN
VYWMLHJKFYTTVDHRHTHH,3,2020,PAR
GTDUULLAMOXEVZMQXLNT,3,2020,NCY
FIPFLNJTQNRUJDFIWKZM,3,2020,NCY
YQWFFATYYFEWCMFDTJVE,3,2020,NCY
GVQDBPCYNBHZTVBHIGUK,3,2020,NAN
OYZQBFBMBLXCMJNVIEHK,3,2020,REN
KTGJWAVMKUFAEYOPZCDY,3,2020,PAR
TKMFJQKYZHXCPHENECZN,3,2020,PAR
ZTQLAPZHWUPZMYPNQMRF,3,2020,PAR
BXNYGYTTTGXPGZWVIKIG,3,2020,PAR
URUXGWBGZBWZRNABGXJY,3,2020,BDX
YRYDCXCLZXRLRDKXFKUN,3,2020,BDX
EBESKBUCQXFDXMKVDMSD,3,2020,BDX
VHTGMJIWFDJJUMTAVRXL,3,2020,BDX
UAUALFIGVZMFDRTAFNRC,3,2020,NCE
YOKIKNBTHIYUBYRVYARD,3,2020,MAR
KEPXUBDBPKJGCJAYITTW,3,2020,LYN
HROTHBQENNHBUPZUJSEU,3,2020,LYN
BIFDCYVIMIFRYEZOMBYN,3,2020,MAR
UUILXZEIVQOXYOGVOBJS,3,2020,STG
HSZPBOLTRTTQCSJAILFU,3,2020,STG
WVEYTZHIEZWAMJUUABEX,3,2020,MAR
NDLHUZMNABEOZMRYYVHP,3,2020,PAR
PLXRUXNJNMLWZLSNJJNO,3,2020,PAR
RMFKMTFQNVVPDUPQQBXD,3,2020,MAR
OWSEBXTEKDQYRJRLGWOC,3,2020,PAR
HPMQYLYUCLROAGWKYNGP,3,2020,MAR
AMCHQCQHWOLZMJAMFSCL,3,2020,PAR
QIGQBGPVMMVUACRYAFNT,3,2020,MAR
IARNWTUMNRSFFQFDAPJU,3,2020,PAR
IHISGQLYKQHUBHMNZLPH,3,2020,TLS
MZMQYUGFBGCCQNKNINZP,3,2020,LYN
BJQFNODIHSEKJFDJMAKW,3,2020,LYN
PKZUNWAZLIQLXZYMNCZP,3,2020,LYN
SXNEZBWYPITDGKFXSHZR,3,2020,LYN
BFSIEMXGLJJKHDIPQKTZ,3,2020,LYN
MBVHXYBFIZWSYGBXQWTF,3,2020,PAR
DMURMZARDLOUQPDKXKTK,3,2020,MPL
PQZCVPZXZHDHMGZMPBUQ,3,2020,PAR
YRWYRNZFSGVWZXBKTKCN,3,2020,MAR
QKKHHNXIOPMTNWFTTPEA,3,2020,MAR
ENQDJRCURXAAYNRYWFWQ,3,2020,MPL
UKGASJHPTAFEQFZYANHL,3,2020,BDX
KIBHVOISJCVUKQVHYZET,3,2020,MAR
CUOOEUUSZLGCKAGSFAXX,3,2020,LYN
KOZSEWMCKNHCJZCUXIXH,3,2020,TLS
XYKKQFGIWMKYFUZZUKSJ,3,2020,LIL
VEHBRNKYJGONIMMGASIG,3,2020,PAR
AUETUFMOAWLFQESEPFKK,3,2020,STG
JYWGBXGQTAKBWUHRBISJ,3,2020,TLS
GGSPELBFSJIRFXQGNFNN,3,2020,TLS
PVAISJMOPMFVZVDPKJSD,3,2020,NAN
XJMZXFBEGEVQAQGVOIDL,3,2020,PAR
SSEEHPHRWBTFYHUSMMOA,3,2020,PAR
GQMRKIORIRONJCJKZIGA,3,2020,PAR
OJAISTMWSYNNRVOFVXMA,3,2020,PAR
ZDLHTYZUVQVOFPQOEFZO,3,2020,PAR
IHCLXKETQZUEKLODGBEC,3,2020,PAR
SACOBZUQEUDMTWUNDAOR,3,2020,MPL
MPGSYMMHMDWLSTJTABRX,3,2020,TLS
GOBNWLUJCACDYSQABXPT,3,2020,MPL
ZBVJBLGPZLDIBKXIOZHE,3,2020,MPL
GKDFEWRBBMVAAAHJOPMW,3,2020,LIL
OOPPVFKYZPXAQDLTTHEP,3,2020,TLS
PZFWRTXLBEWXKLQDKBOY,3,2020,TLS
VPKSTCJUGOFGTHOAVGUO,3,2020,TLS
ZJVWNNWDEEGGURVYGQMM,3,2020,TLS
LPPIKNBDJTBVTBWKDYTL,3,2020,TLS
GUFYZYJBHTALWXDVWYVZ,3,2020,TLS
BSLDPAGECQCQHXDJWXDW,3,2020,TLS
HIJLPRCIXHCFFYLLLJMC,3,2020,TLS
VMPENUVLPUYFZXIKTOEK,3,2020,LIL
PKYHBJDXNXAHVDHFQECU,3,2020,NCE
LCADXWQUKMVOUSBZNFCO,3,2020,NCE
LYCQGABLWVDJIAWPPXFL,3,2020,NCE
OAYJQBCMMSUMVLJRDKSK,3,2020,NCE
FYWZIZZFZUUIEXYWNSYV,3,2020,NCE
CHNQRUSNZVGJQOZYEHKA,3,2020,NCE
GPKJTAOFXBVXZYFOKZCO,3,2020,PAR
KJDCQUFUNKENDKLCCHKT,3,2020,PAR
FAIXSWKQKKASMQFZNAYP,3,2020,PAR
IEXZULAOFAPWGAUAEVNV,3,2020,NCE
TSAJZFIRNGVFGXJZVQJA,3,2020,REN
YIFCBEWHQBZTZTCNGAIP,3,2020,REN
FIXMEKWSYTNROWQEPCHL,3,2020,NCE
JKEZKBICMMKKTGKRFQTR,3,2020,REN
XZCDFXVZAKOHXVONQFVY,3,2020,NCY
DDADJJNFFAHQMKPIJIFB,3,2020,NCY
WOOKBJEPGMJXVEXONXPF,3,2020,NCY
ZRYTZKINLUCIUPJSFLAG,3,2020,NCY
EXZFQWUARYKDUFRFOQXU,3,2020,NAN
SBVRYKCPOCNZZNIIZJZH,3,2020,NAN
LRVRIPUSYFUKGBNFQUMO,3,2020,NCY
HUMHGKVPYVCVKAQLIDZV,3,2020,NCY
LKFBEOKXXXXUDBDRWKCE,3,2020,BDX
KLQPAPEVPQONGSDBVRBO,3,2020,LIL
PMWRYFXXNWFVQFDUMMNK,3,2020,REN
OGTJAUKIINYVXXHHXUQZ,3,2020,REN
CSWHZPKOWURFWQROBMNK,3,2020,MPL
ARFSEWAOTVVXKPVVVWXF,3,2020,NAN
LXPYSFVNOEZBNPFWKNEI,3,2020,REN
BWHEQCPPKKMCMAVUORWG,3,2020,PAR
YHHJKTJYNYUIQGJVYWEZ,3,2020,REN
OXLPRCOKROQOJLBYIGCA,3,2020,PAR
SYJLAQJCAWEZJUKEQKPX,3,2020,REN
DIRVGYQZUJIPAFSPHEUF,3,2020,NAN
QUFIXALLYMDXFLZSWEAH,3,2020,PAR
CMPKWPMJJRHHXLYNEUIW,3,2020,PAR
YOOBLURQAMPCQUFZGNWT,3,2020,BDX
FHFEXBLSZJQENPSHEUHR,3,2020,BDX
TLHKPONXAXPMEWLFQKSE,3,2020,PAR
VMNONPTHTAEUVBITVXQP,3,2020,BDX
JCNAJKOHQIIDRUVUHNHY,3,2020,BDX
EFJYUBDYGKHMTDUMYSUD,3,2020,PAR
CNFZEJTCRYOZLQVZPOVG,3,2020,PAR
XLULNXTHTNTCYCWFYVKW,3,2020,PAR
AJKQMKGSXSFJNEXZQJEE,3,2020,PAR
SYLOUNBNDBUYHBMOLJCJ,3,2020,NCE
UDADIRWFRJCINLUMBTZQ,3,2020,PAR
MGHQUKWOOLQGSCRDRTLM,3,2020,BDX
EVISTAZOJARGIYMOWZSW,3,2020,PAR
HFBSYQSXKOQQKYVYUHJB,3,2020,PAR
NPUGKLDCXVEPMJNASBYN,3,2020,PAR
THUXGKEOCBRBHVLPQIDN,3,2020,PAR
RZLOOETWBODODVUZOPEE,3,2020,PAR
BUMDHFWSEJGMXITAOQDU,3,2020,PAR
TPKCIWCHYZDZGJHSXZSM,3,2020,PAR
TSIATOFSOYBXYHJCFLSD,3,2020,PAR
CQTLWJIRLLNFUOVOPZLL,3,2020,PAR
IUDEXCZCYMSNQUHQZFLH,3,2020,PAR
LPSZZASMAZOGIQHVCFTE,3,2020,PAR
NNFRBZSJYNZBJNDZLKWV,3,2020,LYN
CFESQMTLEFGWWVBIAWSV,3,2020,LYN
YOIJTZXGFHEMGKSQKRRU,3,2020,LYN
QQEUYKPCBCNXASYCEBRI,3,2020,LYN
BDGCFTTKUITZSZHKSZOE,3,2020,LYN
DAOWCZGIFQDOBRHHQAPE,3,2020,LYN
ENDYHLMKLJKVGRKADAQX,3,2020,LYN
RBHMJNHUGULLLHFFRVKH,3,2020,LYN
EAZPUCMYZOMNZLRXJNLH,3,2020,PAR
PPFZSXTUZPLRWUHCZPEP,3,2020,LYN
KYHCTCVVHWYXNVQCYNFL,3,2020,BDX
LNCOHCYCGTRAKXFRYSNG,3,2020,PAR
VRNVECUXSZYJZGSRYAAZ,3,2020,MAR
PJKFLFCQWDPWBMFPMTOS,3,2020,PAR
AFLECCMNRLKPUCIZIRBZ,3,2020,PAR
QCCHLRPVOJJWZUNBAIPY,3,2020,LYN
NYQRVOBPKYNBWHJIFFVJ,3,2020,MAR
AHVEIDREAQIAHMTWBPUK,3,2020,MAR
PSNSXOBXBGUTTZZWWCEA,3,2020,PAR
DCYCGDGTFEOQCPKFUJLM,3,2020,PAR
RDGPIGJXYROSESBYLNKH,3,2020,STG
IXBIDIOTFVHQMYFOFIPK,3,2020,TLS
TGCGESVYXKNZZOSGQNYO,3,2020,PAR
WLUKGCLGEAWMLMZCZWAH,3,2020,TLS
XGKZIUHZNIDJGJHQKHMU,3,2020,LIL
VHYFACTJRVXNDUXRHXGF,3,2020,PAR
CBLWPEIOHBOTWBXZLOHT,3,2020,LIL
YAODBFWVRXVEJUQYQFSW,3,2020,STG
PPDMDERAFBPQVKMCWXRY,3,2020,NAN
JQDEDLUSZJXXGMDJBCKG,3,2020,NAN
WOYDVMJSUZIJWAZLYFWD,3,2020,MPL
WIPTOYRLDJOFSAVSRDCA,3,2020,LYN
BNVQPHKYLADXPZHVFJGT,3,2020,STG
MPDHAQPKHALOBMCETYBS,3,2020,STG
JONUBYCXLCEGDXDGAHUA,3,2020,MPL
NIZDUAJZGMIEFEEZAKUS,3,2020,BDX
TBLLJWVBETMECURHNMKY,3,2020,TLS
CODHSFCAMELCHQYJURLR,3,2020,PAR
RNKYMVMXQBIIUQUFHOIU,3,2020,TLS
RITLRXRXYSNLYWEGZBOY,3,2020,PAR
MOCVZKKYXIVTHMIQPVDV,3,2020,PAR
WHMKQWXRQWXBJBSACJYH,3,2020,TLS
PPOBUASSSDXXOURZFZUO,3,2020,NCE
CCGLHSQDPZWGNLENEENH,3,2020,PAR
LBOOGJCDRYCWVZUNVQVZ,3,2020,PAR
EAMVATFECGJHRILQJFGW,3,2020,NCE
JNFYCHMERVMNMOQUGINC,3,2020,NCE
PHNKYAJMFCITKMKMGUUJ,3,2020,NCE
FVWNVICEREDFCDDIHUUZ,3,2020,PAR
ZCRQCZPEDVAZRSMPESHD,3,2020,TLS
VUURFCWPWBOVETMDRTXP,3,2020,NCE
HKIAYLOWMRRTPMEIHWBF,3,2020,REN
HENOFZDUPCNTPNNVJZSM,3,2020,NCY
TPUXZZJUEPAFXXMUHWIH,3,2020,NCY
TMJLHXLDKCRIUDXGVNLF,3,2020,NAN
ICKWPRLDCGLWKMHJFRQW,3,2020,REN
RHOHFNDCHQAPKZMMLDMR,3,2020,NCE
HTRMCLMSZELJKIYDNCME,3,2020,TLS
BYGEOKEKNNWUBCNVFVQQ,3,2020,NCY
AYUSHCYJXWGNDMWOAABH,3,2020,PAR
UXCXINQBTLSKVUQFZPOV,3,2020,TLS
FRCMGLLIDNGABMRGYPLB,3,2020,PAR
LVPSYOBVIIBOUJNGSPAI,3,2020,MPL
JHSRZOCQWOMCOAOJXXLP,3,2020,STG
TTPIOGFBDYOZULNANCRC,3,2020,NAN
LWGWWQIPEQFMCJFZGFRX,3,2020,REN
PBFYQQDAVBXFSPRLKBPN,3,2020,NAN
YQYGIYFSWHAWMQIBXTMP,3,2020,REN
LTPHUCNQRHTUTTGUNWMR,3,2020,NAN
IZNUVBYJJFKMIDXABIYQ,3,2020,NCY
HAQMKRWMXXDWEFIMJXZW,3,2020,NCY
POFLZATXTYUMOUKONEKC,3,2020,REN
SSRPLYQZLTNAZVFTEDHN,3,2020,NCY
NAGYMGLQGYOUTQAMCCQT,3,2020,STG
JGEJMYUGGCUZWSOFEYCS,3,2020,NCY
THJUQMKDXAERVSUUCQLY,3,2020,NAN
OJGRKMRBVMZGMVQTPUGT,3,2020,NCY
YYVRGOXCQHWXFFMQVNDC,3,2020,NCY
ZVQFINOWTUEJDAVKIXZN,3,2020,REN
ILINSSQGXMAEEQWETIMB,3,2020,REN
XZGCRSAGMCRTXYYMMERD,3,2020,NAN
VUWBSEKEZLINFEQVLJOW,3,2020,REN
ACAQJHOSYLFBPVRCQCGW,3,2020,NAN
SIVSMSPJCAEDHBMBJBIN,3,2020,PAR
NKFYNGUXVJDGDDGWDMCZ,3,2020,BDX
IUMRSNIMWFUORBAQFUOV,3,2020,PAR
DAYPBIOIJIHFQKHHOGOT,3,2020,BDX
MYAUGQYSQHXSMAOEZIDG,3,2020,PAR
LCVOQGVQOLMLGDWNVXPN,3,2020,PAR
WMEJPWOFUHGAXVKWCKER,3,2020,PAR
WRUQYTVUSUHSALHXWMLD,3,2020,PAR
OODJPPOUWZQOWDNYQCDM,3,2020,LYN
NNWKTEMZKUWIAMTKXADP,3,2020,LYN
UUTDBIWVMFOTAOXXVRER,3,2020,LYN
UESFAYBXVSVZFCSKDEBL,3,2020,PAR
TWHPVYOCZKOGWEEWRMAO,3,2020,PAR
GGFEGONBAVCNYSDHEXZB,3,2020,PAR
KIRYBTFZELJSAHEJIUOM,3,2020,PAR
AJZOAPLGWQEYVYOTYMHU,3,2020,PAR
VMLCVMMLPVFJGXLZLWJB,3,2020,MAR
PEXIEXLWGUVDDOUHSFJG,3,2020,PAR
TNYWSGGWMRAEXKTBGIWQ,3,2020,PAR
LOKFEFGHYWDKITYYTGCD,3,2020,PAR
TUNSIJWQNONYFPDJSYBZ,3,2020,PAR
VJJCRJQIBPULNPXWAGQP,3,2020,LYN
EQMKCNGTNYTSYFGMPGPG,3,2020,BDX
BPYWUVPJZCZQFCEFSGHY,3,2020,LYN
KUGGMRCWPJKTSIMRVQLY,3,2020,LYN
QDYSWETDZQJAAQMJLZYB,3,2020,LYN
HNCYPLNYOZJVRIQUONWA,3,2020,LYN
WOXLFGMUKKZCKNWLSIBA,3,2020,PAR
FDWKQNPFPTZLQBUMLCNW,3,2020,PAR
SPHRIHLCMVZSNGGLHRCO,3,2020,LYN
ADCEGWZSAYAVUWXOIQNG,3,2020,LYN
MRHQHUMLIZLDGXFPSQHG,3,2020,LYN
UHKTJLLZQCQCXRUQSDLI,3,2020,LYN
GSCXYEVBQNFQAWCDOBPE,3,2020,LYN
PYLPSLNMJIDVYSYFBTWV,3,2020,LYN
EDJYFFFVSZXYSCPZQYWE,3,2020,LYN
KZWTDFZTNXEIDSSEYIHW,3,2020,MAR
CVLEDOFTQAZWJLMJSIEJ,3,2020,BDX
RJVPLMRKVQPJLGZBVMLC,3,2020,NCE
HQGHBZJKFZHNOYLGSZNE,3,2020,MAR
VAWANZWDJNNRDBGLGHGU,3,2020,MAR
WNUGIFDTYCGNUUKODERP,3,2020,MPL
KDONPBVGXTWIQOWOHNSC,3,2020,MAR
YLDJJRUUTSBJNBAUXJED,3,2020,PAR
OAINSWPZEJOBPGAEOULK,3,2020,PAR
TLWEKJESAVGTUIHNOJFV,3,2020,TLS
MAZQHBHZQXKNKHLPXXUU,3,2020,PAR
YTQFEWNXUAMXKAHRJWBR,3,2020,PAR
LCIQQXUIDMIGWVKVDEIL,3,2020,STG
DMZVBGBROARXSGVPGHDQ,3,2020,STG
YPASWCCJWHIAADLIJRWH,3,2020,NCY
VDMAUDOZZBPTDJJGPKRD,3,2020,STG
NMHYLSEPBPNDMBLEDVIE,3,2020,PAR
YPMONVHFQDEGKPFAOUWB,3,2020,PAR
PDISHOCFHCXYEZKTKVWE,3,2020,PAR
WDNODGKNIMYCUVAEOBAP,3,2020,PAR
KGDAKHQJOSCMLCXNMQJR,3,2020,LIL
PSZFRVMOABLXCCYQTQSF,3,2020,TLS
QZRMMMUBCEVHPRHSQRDN,3,2020,PAR
YPSLWEPMOPVDFIYPJVRY,3,2020,NAN
UDKPRUODEMESMHJFGFNY,3,2020,NAN
OXALUWVMRPQGQIVNOLNP,3,2020,NAN
CZYGUVZXQAVMGQHQFDFM,3,2020,NAN
JOLCKWGBISCBZGIMKZJR,3,2020,NAN
KCDJUROIHMIYNSAQTDZL,3,2020,LIL
MTIGVCZEHXPROKESIGTA,3,2020,LIL
AKIIIIKEKMIRMJZVXWJR,3,2020,PAR
BTOWKEICNPGRUKIBXMSF,3,2020,STG
NDMCBIJBBUSORGBCEALR,3,2020,TLS
IMXWJWXRRASXVQNWNBUT,3,2020,LIL
EVIBPKHKUDBXALCHHONH,3,2020,LIL
FOCCRNKSECDEQRVIMQVM,3,2020,TLS
PYTBPOUKDBQTILVMZXTT,3,2020,TLS
IEYINXTHYZPHKGXHEMTW,3,2020,PAR
FQJBNNLVRJCQKJZZYPHT,3,2020,TLS
XYXPCILAPNERTCZSCCCR,3,2020,LYN
HTUOIXMLVROXLENAOUBM,3,2020,PAR
APNRVSYDGKJXWSZTFTWY,3,2020,STG
HJYFXJZBXSWVSHPHQPDC,3,2020,TLS
ICZGDGPNDQULAIPTRSSD,3,2020,NCE
AGGJSFSWRGEAYLDOXIOL,3,2020,MPL
EZXBEMTHAANSEOGVDPHF,3,2020,LIL
VXCWFZWADAZCKKTKTQWO,3,2020,NCE
QVEYQNZUCXGUXXAXYZUI,3,2020,REN
OWEWWXNZIXMHCTDKXEKQ,3,2020,NAN
XCFPZERQOOULHYPDNRUD,3,2020,REN
YBHINEBQXBYGYQZIWTOQ,3,2020,MAR
HLFDELLGZHFDKQMYWNXR,3,2020,PAR
NOZETSFVUXQAPLBPYFFC,3,2020,BDX
XWHHZNUFQVXZJPTRKCII,3,2020,BDX
LLECAEMNDCCZAQHYAPEB,3,2020,MPL
XVTREGXAZYBYDHPUNALD,3,2020,PAR
IRYHPSWIWGCFARKOLXWX,3,2020,PAR
ASQJKYZWNPSVABZMQJHP,3,2020,LIL
LPLYUYCJRXQHFMUHORCP,3,2020,MAR
PYWYCZLRGSPSQPDFVSHV,3,2020,REN
MISSLJBSLJLDEMAEBCBK,3,2020,NCY
RFSYAJWAUXXNOXIIBMCQ,3,2020,REN
ZFRYHSPYXKAIZXFKEJRJ,3,2020,REN
XWVGXOZVELUHTWIGKMTQ,3,2020,NCY
ROCOLPVSARLKCZLAWWZS,3,2020,MPL
XIMYZSNIFIIPUDKHEIOL,3,2020,NCY
FJOUUUFJQHHYUWJSJHIQ,3,2020,NAN
PQDXUZEFJHJMKLFCCUQB,3,2020,STG
GBVCEBEEGWGNFNHUYRQC,3,2020,REN
JIUGZPJWNUKITBHGOAXW,3,2020,PAR
EBNOAQMQHAJYQLCMIBLV,3,2020,REN
IDEVXWUGOSBOAORJOHXX,3,2020,NAN
FXHLKNABAGOWUPOIGSRE,3,2020,MAR
NKXKTZEQGAOZANLWGBWG,3,2020,BDX
FWCZYXEGALVDHKPICDKJ,3,2020,BDX
SLJKKUUGPZDQTFNBOUKG,3,2020,PAR
NTSMLCWWLCUIROUVNRTA,3,2020,PAR
PDMOJLTCQSHIPALPSCEK,3,2020,PAR
VYIWVPGJVFCFNIWLCGSZ,3,2020,PAR
LMRYVXRNKCRVBWNDQMCM,3,2020,PAR
ECKSLUIOLZNOKCYHXCIR,3,2020,BDX
GLPQOECETPKVOAZEURXE,3,2020,PAR
OZTWYRIUELRKWKRXFDPY,3,2020,NCE
DEHHDPJSLXWGUJLNDGVE,3,2020,PAR
KRNJHQWQZPQIBBBMZFKX,3,2020,MPL
SOLEHIAYXWCJSYDFHNDS,3,2020,PAR
NCWVXPJDKVVUOXLACPXR,3,2020,PAR
NZHLHTVAEBCFMOUICQYF,3,2020,PAR
NTGXNRHYHWYUWTVIBANS,3,2020,PAR
SYASAXWKJCSRCKIJGEIS,3,2020,PAR
LDPEVAKIPBRIPNFTAPTL,3,2020,PAR
FGHLFMYMFMMJFTLKDYTT,3,2020,BDX
YIMUKYIFRNXJXATESLYA,3,2020,STG
QKMEDYSXPPYSBERTKRDO,3,2020,PAR
VSZGXKQVIDINUZDBAATH,3,2020,PAR
NOJLYISBLDPYSKGWNUID,3,2020,MAR
EWUGNQMXQCHTLGKZNHGN,3,2020,PAR
LLGKDLFMRPZHGUDRIRBH,3,2020,LYN
EXMGXWPOWEURBJEXXBOT,3,2020,LYN
YRJEMEAKBHTDYLKQUTTZ,3,2020,LYN
HLVGQTYIQSYXVBGIYMTS,3,2020,LYN
WIXXCLGSFXBTJZKFGVPL,3,2020,LYN
AORHCSVIZWGZTDNSDVTX,3,2020,PAR
PJZMXVDXPOEJWXNSAGWB,3,2020,LYN
DVBEMWKWWDSAZQWUJPWB,3,2020,PAR
XOIFEVOJFMHDULVYFRQH,3,2020,MPL
FWGDXBVCCSYXQHBYDLLB,3,2020,LYN
FESTCJFDNCLEDSPKLMIE,3,2020,MAR
SFPTAUYLEKRNXEOJSUPG,3,2020,PAR
QKCRUJHXVYBFYTAYJNDY,3,2020,MAR
GYWLFYXILSSPTTLONYBC,3,2020,PAR
WMHQXABRMKVDPGDSSNPN,3,2020,LYN
YSQLOCJENGSFANPTMRDY,3,2020,LYN
KISFFZBOYDGCDFLEGUBR,3,2020,LYN
VWKAIVGUYTKCDMDPJFRA,3,2020,PAR
BJQHJWMTMWGCAVIWJDBQ,3,2020,PAR
YPICAVIJUOSXGGKFWLML,3,2020,MPL
IXIKMXOEZBRDAEPCWYHS,3,2020,MAR
OXYDMPLVDZLTIXLFNSJO,3,2020,MAR
CLUETBKTXVPMEZGQTJWV,3,2020,PAR
ZBCFCYMDMPRATEJFNCCB,3,2020,PAR
RVKNCMBCWEEEQNPWBEBV,3,2020,PAR
OXMZNVZESGGMSRLFNLHR,3,2020,PAR
BHQUVVMNCCPWEDKJLMMC,3,2020,PAR
HVXCYRTLGOZWJMVFVNLZ,3,2020,LIL
WTULCXQAKHATXTITNDQD,3,2020,PAR
KARLFFLJRJEBLNWBHVIZ,3,2020,PAR
PSHODHNVRIKOCLZDQVBW,3,2020,PAR
HXHMXYWMSKMKIKCTLRYC,3,2020,PAR
MEFNRYANYSUWJEXCOUHG,3,2020,PAR
LFGKLUVDTODMQOELHHHX,3,2020,NAN
EHPUFXLHDRXHQCNDONFR,3,2020,PAR
GTNJYWBMENUWMRVIWWDB,3,2020,LIL
BDEFLFWSXVPHAVBQGCSW,3,2020,TLS
HHLSTOKYKLCPWBIAFVRU,3,2020,PAR
MTLKPKQLLLSIFSSPPSWF,3,2020,STG
GOCMJSOIUGHQEBQLUGQT,3,2020,TLS
ESXAVKNOCUZXPYUAJNBT,3,2020,TLS
QPBCSYKDGTZVDDXORVPK,3,2020,TLS
CYLXSUXDQFPFZCUPPVXU,3,2020,TLS
BOEVJVHJVIRVOBNOIGZU,3,2020,TLS
TSFSDORJIYOOOBCRGXEM,3,2020,TLS
IAUQPUVKZNPVUQVCFKRR,3,2020,TLS
ABIYIIPGMHDBMDZIFWVF,3,2020,LIL
GCVCNAMANHMDASQLFFUI,3,2020,MPL
ECXBDMUCLBMGKIJKKQEY,3,2020,LIL
TODTECPMQBTAHXBKZGWI,3,2020,LIL
MMRMCZJUAGYVRDQPIVWO,3,2020,LIL
CXWDKQGSWKJIHSAUENZG,3,2020,TLS
JKMUDCRXMENWLXFMCZCJ,3,2020,NCE
WBAWFWBEEVIBCNIVJHWH,3,2020,LIL
LCMAFIGWTBQJMMSUGGEF,3,2020,NCE
MCXVTPTSZMAAWODRXKCK,3,2020,NCE
IIHDVWTNQBZBARCEVQYW,3,2020,NCE
WKZRKTIYBROAORWQDGVJ,3,2020,NAN
PKSUBZLDZDKGZGIOGQHY,3,2020,STG
DZTGHCXIHOQQCVGEZENU,3,2020,LIL
IHOENAJIUHRLHJDAKWOF,3,2020,MAR
MSTAXTMQLTLDUAMHSOOM,3,2020,PAR
TCIGQTZXKANMGJIJDMQC,3,2020,NAN
TLTZZZKTFEAQSLCDIEFY,3,2020,NCY
NBODHKGEYBNJAOXIDURY,3,2020,NCY
NFTBRNJCAZLVFSFTFNIN,3,2020,NCY
OPAMMRCHFULGEEGIFEXJ,3,2020,NAN
WXPEGQIQLWROMFSWHAGA,3,2020,NCY
CTXHZFXDBOUKJEROASVT,3,2020,MPL
JGFCDVDZAOSSZPIMQWMH,3,2020,PAR
ODPKIYKIVTCFPMFTFCKT,3,2020,MPL
QAJWYOVKLASDWAVLCGNG,3,2020,MPL
EEEIYROGUDNDZBXQLNGF,3,2020,STG
NTZVUHOIMCMEMJBFPNSX,3,2020,REN
VFWKQGHEXLTTXHSMALKW,3,2020,NAN
VXOGROIOTABHRAGCEJDH,3,2020,NAN
WIPNYGRMYTWAERLJPUNX,3,2020,BDX
IDSMLSZETXBZOVTHNORD,3,2020,BDX
FOUWWUODHUMQHQLPIZIY,3,2020,BDX
DFXWPVEDGFERPODAZTNR,3,2020,BDX
DNHIXGYLLKDRJBHORNUT,3,2020,BDX
LAQCEFPHRPAWEBPQYYNQ,3,2020,PAR
YGVQEKXLHMOZAYXPVTZE,3,2020,BDX
IBIHMJPSRWXBJTRVXFDD,3,2020,NCE
AAJGSXRHUIGWLABOVWHJ,3,2020,MAR
DKBJOMYCAEBCSRUXYCTF,3,2020,PAR
BIJNVBKGUIVMMENBTAGN,3,2020,PAR
BVIERDSDQRGOZMQKAXNA,3,2020,LYN
NOQYJSTIPHEKSCKPCGJT,3,2020,LYN
OGVJHUGVVZMCIAEYMPIX,3,2020,LYN
SAGUCMOXCYMDPMBYSDDD,3,2020,LYN
UTGNWQLSZKUUCRGBUXUA,3,2020,LYN
EGVDMRKPMEFXATUENOOY,3,2020,LYN
YJDWNPJIOITMXQMUUPBZ,3,2020,LYN
JVKURWBSUOVMTQICYJFP,3,2020,LYN
PDZOAKATYGZYJQHTCIKD,3,2020,LYN
MVNCRSUJPBSCXDLWWMKM,3,2020,LYN
HVOEHJMJQXLSAHVTTYTX,3,2020,LYN
SEJZUAUPLYGRHNSWMRCQ,3,2020,LYN
QZZVHMATPPIWVKWPKDSV,3,2020,LYN
PBZGCAIQDFUDRYQLFXDG,3,2020,LYN
SPHAKTPCVAXHZCGHZXVC,3,2020,LYN
OIUULPPOPXMVADCYGZYL,3,2020,PAR
OCFHUPBDIIJOARXJDMHM,3,2020,STG
BPVJYHFNNAOSWGITRQHH,3,2020,STG
WQSEIOPTFKTIBPBUQFWS,3,2020,PAR
UEYHDJKVEOFHFJZIBPEY,3,2020,PAR
BDNJJSBSXNLCLLJUKRSB,3,2020,PAR
GCCTWCJAVDKRVHMRFBXS,3,2020,PAR
DHTMTAFJDCIOPUTZZDKV,3,2020,PAR
RRIAHJCHLMRUJASKWSTN,3,2020,PAR
SFQXLYRHVTCRARUJREYZ,3,2020,PAR
BPSZZPLZYRQMYMSBEVNY,3,2020,MAR
ZRPMZOFATJTMKGEGUWMO,3,2020,MAR
BYMLKKMRBRNPJTTYGNIQ,3,2020,MAR
AVMLLNYBGRPUIBPWQPUV,3,2020,MPL
OKSSVLUVUFMLWKRONEJW,3,2020,PAR
BURTAKDXBLFXISLVJABA,3,2020,BDX
HRVIBGKZAXGNMOLZJZMY,3,2020,MAR
VTKRQMPVSXJTRMPBWBEF,3,2020,PAR
FRZQNQLBOJDISKGZJLIA,3,2020,LYN
SYVGUMYLQMOVOAWXGVRQ,3,2020,LYN
QHQAUKJVAEITPABUPCZL,3,2020,PAR
MMGNQRQAEHKKQKZWQZNG,3,2020,TLS
FRPRBDVOOKNVITRWMQHC,3,2020,STG
KYHPJOJSFQBUNURFQAFF,3,2020,STG
UIGQNFRDBTFJWWSHLPLN,3,2020,NCY
LDBQFWYZDLDMERFKPFEE,3,2020,NCY
MYVGBZKSGARJGVOLYCIE,3,2020,PAR
FVCQJSOOGWBQWXENTCFJ,3,2020,PAR
QXHTYICJOISXKICFEOFD,3,2020,PAR
UCXMMOTLFZNTWQPZXHFY,3,2020,LIL
SWHZAZYQJMTIOWSXKCQM,3,2020,PAR
TCEYYAULQVHUMMDCYYKN,3,2020,PAR
GTQSIIMWHRRCIKMSPYVW,3,2020,PAR
ZWYXCQOAHRSYYZJHAMBC,3,2020,PAR
BSMBCYQXNBGRJLEYQPFD,3,2020,LIL
RSHBHVPZTXZVOFYAQDGQ,3,2020,NAN
QSRLAEFVVYHDABEHJMEO,3,2020,PAR
WHZUYVHMZEICGNDRNXQE,3,2020,PAR
YEOXAWWAQZTQZFWQIRYC,3,2020,PAR
RDUQXIMVMZTVUPRGVOPE,3,2020,LIL
ISUPQKRFBBQNUICHXABP,3,2020,LIL
VOTZIKMRCZSWFUPBQLNB,3,2020,LIL
BIBDRMLTIAUYYMXVYEEA,3,2020,LIL
WWGLDFTUSZEFABTJNZQX,3,2020,TLS
VBSYQFBNFDLFPIWIMVMI,3,2020,TLS
OSDUDRFCNYGCPCXLLNRN,3,2020,TLS
HVILWSZNJULIUPKKDDAZ,3,2020,NCE
OGEHZABIHOVFMIBGYQEJ,3,2020,NCE
BRLZEQGKBJTPKMUTMZBB,3,2020,NCE
HTLKKYXSPWSIXBZOVHIC,3,2020,NCE
GVROFWGVHXIXKGHLENYP,3,2020,TLS
CNAODGWKTDDGPMACKUIR,3,2020,TLS
KHQGBTPEREIKIHVUZAHK,3,2020,NCE
EGGBPCVBBXPZCJPNTOBE,3,2020,NCE
DXLJYTLUAJWXNFPHDIQG,3,2020,REN
WAHOVXIQGNIZANRPIYLI,3,2020,TLS
XHUBAERPDXWFVDGSMLDP,3,2020,REN
XADGEDLRBUQKVJWWWXYC,3,2020,REN
XOZLKCBJVLVLUOCCVCZE,3,2020,NAN
XVSRUYDBSMJRMMGEOMHR,3,2020,REN
MBQJTDKLSWWAGLZXLRGT,3,2020,REN
SCWFCFRKWXVAAOUILPZS,3,2020,STG
LQWQGRSTEJYOCFIRDYLT,3,2020,BDX
NTDJJUJMRJLVPOIJLVQH,3,2020,BDX
WKAIXFQUVOYJKBFRJUPD,3,2020,LIL
QCBONOFPYFMUAFBRJSYN,3,2020,LIL
DOEQKSEPBZYQWXABSFKA,3,2020,PAR
NJUFXGDCRPTNJTBLRVQW,3,2020,NAN
QWGHGZDRVZTWSENEXMKB,3,2020,NCY
YKXNABGRFAIVHABMEIKV,3,2020,MPL
VTFLHCABVCIRGFUYMHTA,3,2020,MPL
YTBBZMNJRSEOUPHTQBHV,3,2020,TLS
VETIKTECVOAWNVMOFHKX,3,2020,NCY
KYRKCAZPNITFVBGECRGI,3,2020,NAN
BVQYTAYEXQGBSPBFJYAJ,3,2020,NCY
XZNZQBEXSCDKBQQNHGNP,3,2020,NCY
ESSYXHMNHXCFGRPFAPUA,3,2020,REN
NCFPGFABFDFLLWQYYQNG,3,2020,NAN
VPCKQASJRXSHVWZHGQRU,3,2020,PAR
MTLGWLZTWJZZEUVEPMDV,3,2020,BDX
OVILSSREQCFJLUNESIVM,3,2020,MAR
JBBGJORZEGFYXMUXLPDW,3,2020,PAR
EFHOBVPDVROPQJQGJWLG,3,2020,PAR
HXYWBDZWKJAEYKIMTRZY,3,2020,PAR
RNBUJVRCPXYRKJWFONJN,3,2020,NCE
YGODGCZMHIQBVQWOGWTJ,3,2020,PAR
SVQBJESBASHUJTWCTNOQ,3,2020,PAR
URCPIZIKHIDYZANPZNOY,3,2020,PAR
HWRJOOENORISBVYUCGYU,3,2020,PAR
OQQTPKWMGCDYYZDPCOQK,3,2020,PAR
OMGQTOCYWMXNWRXMOAMR,3,2020,LYN
UITVUJHMKXJTAOFBDBJR,3,2020,LYN
GHKQHRPZLZENXGOPIGKH,3,2020,LYN
JRXYBIYIIWKSRJYPAPVW,3,2020,LYN
EYPWFZCASUKOIQVKTVPP,3,2020,LYN
LNTUIOZRWETGSCEJYOBP,3,2020,PAR
HBIVLGBFRNDEGBYVVYDM,3,2020,MAR
QKVRJRSPZIGZENIMBOHZ,3,2020,STG
LZEXXMWBNAFYOOQSCCHQ,3,2020,PAR
KYRQSCGLPPRQTBJLXYAB,3,2020,PAR
DILSNNMIEMPMGGHYAVTI,3,2020,PAR
MAXUCPLIKMBNOLZOQPIO,3,2020,NCE
HOCKQUXIGLMTXHCICIDM,3,2020,PAR
LYWFWKGMQWISLGPXTOOC,3,2020,PAR
JZBRXXLEWLUXGFESIWFN,3,2020,PAR
MCLQSJCXOTJWOITFNRPD,3,2020,PAR
FIEWSDBLORATEMUQFODR,3,2020,PAR
TGRABPGEZSLGJZEZJEDW,3,2020,PAR
FQUNSKUMTKHMZZVLTOTU,3,2020,PAR
AXWFSJCGWXCLGMDBARLU,3,2020,PAR
ITMSFTUCDCVAYTJKZAOS,3,2020,PAR
XWWZLYSOMDQBHIHLPBLJ,3,2020,PAR
FOHHFKGULBJMKDAJQQDE,3,2020,PAR
SKTBBBOBPEHUSRTRHXWQ,3,2020,LYN
YFBLDGGBJBSZYHGEVCBX,3,2020,LYN
KCMWPRSVLVBLCMPDMHQT,3,2020,LYN
TFUUPZQFNNQNNUDBAYIS,3,2020,LYN
ILCQXMWXRGMKYYGGHYMW,3,2020,LYN
UALOBGYOSHBVQVVZJJAM,3,2020,LYN
YNRDKBUSRUEFSSGBYLTR,3,2020,MAR
OVIKHSJSXJXYMXEWYXGK,3,2020,LYN
LCLAQLCJVJDNNJXDJGXS,3,2020,LYN
MWGHREVOXJGFAUMOMRRW,3,2020,LYN
WUVZEKYPPSIDXEEIRRUZ,3,2020,MAR
AMXBRDITYAPFCJKAOXNM,3,2020,MAR
WWRNHWYMAHGNVSQXMTYY,3,2020,MAR
WCCRWWFDHKNYPBRZHHUB,3,2020,BDX
RGKLOUKIILJQKAQUZAZP,3,2020,PAR
RBYMNGYETNLPEBPIOEOQ,3,2020,PAR
HTDIQUPQPBZQDRYMLUNI,3,2020,MPL
UOPYUGWDSLSHHABBEAZY,3,2020,BDX
GTPUXFJVTGWOOJZVIJZX,3,2020,BDX
CNFTJPQYBGXBJZQSCSZM,3,2020,PAR
BUNGLHQMPGIQNEANPAXO,3,2020,PAR
SICRYIISWZDZGGGYLSFA,3,2020,PAR
FXPZMWAHFKJLCVXBUTTK,3,2020,LYN
UKPWAPHWOJWSJCVKFHLG,3,2020,LYN
FAWTMWEGCUFJKOMDAMPA,3,2020,PAR
XNXMNBDWPGWQXPPMUOOV,3,2020,PAR
WSIUAMCMKLVKWNXGNNAQ,3,2020,PAR
JUCYFSFXMTRQICNAGBQS,3,2020,TLS
CWDZRQRXXGZFPHIYCJLL,3,2020,TLS
YJSIEOAMZUTEATQVALWB,3,2020,TLS
YEDPXTKGQGFTNEWJYSUI,3,2020,REN
CKUUGYLZCJBWFLJGOQSZ,3,2020,MAR
DIRYRESOJYVNLORZHUOD,3,2020,NCY
LRQIAXROZPHDHHSJMMKE,3,2020,REN
INJRIDXZYFAVEYJYTHRK,3,2020,MPL
UQJBGEVFSQVQLKYLVVJU,3,2020,REN
SLGYJJJSXCNCGXGQQRCD,3,2020,PAR
MDKTXXRKYGGXUNICJPXQ,3,2020,PAR
YGVCOWCFHOKULPRDVBPJ,3,2020,PAR
RCVEUCXPDFJDIRDHQNVX,3,2020,PAR
FRWTTTLPXHVIBMJTKNRU,3,2020,PAR
JLTHYBNHDTRGYYOZHDDV,3,2020,PAR
YJMDUNXDSSRZYRYFSUIS,3,2020,BDX
VIQHGRRPZYSQYPYKLIEE,3,2020,LYN
HSIPQVIQHMUZKWDWHCNB,3,2020,PAR
LPHJCRCTDAIRCARSZHES,3,2020,PAR
GYMHNWTCHTTSCTEJAQRB,3,2020,LYN
HSCAYXVMBVCENXVEDRDP,4,2019,PAR
LLBWGQDWJHWXDGOPUPPR,4,2019,PAR
ATISXGUEOTABHNBQAHBA,4,2019,PAR
EYGHYHXPHWWGRRQEMTQX,4,2019,PAR
VGWLQZEHJMCGMRHDFQQV,4,2019,NCY
WIUHYZUOYHFIKXXGGSYO,4,2019,NCY
KDMWUROTZXXZMSVZNIHP,4,2019,PAR
OTTOMCXDNBUYOYSNJJME,4,2019,PAR
NFDSIBTYJLGQUQEKZTWL,4,2019,LYN
KMCWAEECKKGNZDCZRKET,4,2019,PAR
FGGHGZFUXEEETRSQKVGO,4,2019,PAR
VHXJBFAPKHGJBYHAMTKA,4,2019,PAR
PCPSCXALNOLJGZZRSUUY,4,2019,LYN
OCOJCKALMXSGMOINGKQJ,4,2019,PAR
TWOHGYEQUXLUTDKXGVZF,4,2019,PAR
IGAGIWUWMQHCKPPPAKZD,4,2019,PAR
YNAQGGTVDGMMHNASGDVZ,4,2019,PAR
IEEFVBYYCHAWYGGQKEQW,4,2019,PAR
EBZESVAOKQUNMGGVQZEA,4,2019,PAR
UEHHNHSOXQXYGTIVVGFU,4,2019,LIL
BQPPNAXFBXYKKKJBDJVW,4,2019,TLS
FONMTZCEOSRMTXNDZTYP,4,2019,STG
WXJQITUZTUPICGFQLAAQ,4,2019,NCE
NBFWJZMZZLKWZTOZDQXB,4,2019,PAR
ORMRMYTRMIQIWWAWBNDY,4,2019,TLS
RLDFDHHWHJATLAAARQSU,4,2019,STG
TIVFHQKLBVJQVKPHFWRK,4,2019,NAN
HTYNJCLTBFAKWFRQTJFT,4,2019,PAR
IKSWDERTLZFJYNFOLEZT,4,2019,NAN
YCMTWXKUMXLTNVRVXVFF,4,2019,NAN
EORIXJQETWYBORMJIUZO,4,2019,PAR
PAHSWUUXLXCKJMRLOSKP,4,2019,BDX
XUJMETTVBANDXEKRCSTU,4,2019,PAR
OPGYFICQNKXVKYWGDSVP,4,2019,MPL
PPIAHIGMORVZJNNNRPZM,4,2019,LYN
AGXXOXYBZWEODXRLMMKZ,4,2019,PAR
LJOGDEHQDASULMWGJXXS,4,2019,BDX
FKVTHVNLZQCLOOMQHEEA,4,2019,LYN
MUPTTMHNMPZKKSIYBBQF,4,2019,PAR
CGOEVWPAZOHVHLCPGBZY,4,2019,PAR
PHIBEFKVQKXRKVCGDGMI,4,2019,PAR
XOSPXVYGWUGORLFRNDSU,4,2019,MPL
WDNBFDBUUCDEPQOKNCQN,4,2019,PAR
MPBWUISFKHXZCDAZOVIL,4,2019,PAR
TDLBMYQGUPUHGAAVTVXQ,4,2019,PAR
ELFUYKUNEUJLDTISYNWO,4,2019,PAR
FUAUDVSYHWXSBBOXGFNI,4,2019,LIL
GCUDTURKMEDCNXEZRWFL,4,2019,PAR
LGGRVKBJUFQTBPUAPHAX,4,2019,PAR
ZKEEQAQXFSMKOGMGWGDY,4,2019,NCE
SLYIZEEPDAMQWOREARKO,4,2019,NCY
TKCEATVSPCWDASQROJLX,4,2019,REN
TFUJBSVXGFASMQJFXBPC,4,2019,PAR
USUTWPIZSCLTDYPMWJEC,4,2019,PAR
LQNCKJTBDEPWESFKVJJV,4,2019,PAR
HOWSSHCFBELRSBONPPDV,4,2019,LYN
VEAXUUKNHQOWVLHFKRLR,4,2019,PAR
DEIWJRFJEEQUFZTZQGFC,4,2019,MAR
NXDIDCJZZMKDGQZAHKII,4,2019,LYN
EPHBNPEUWTHQMEALIBCV,4,2019,PAR
INJJHVEZRHQLNQYRJAUF,4,2019,TLS
EXMEHYANGNGMTKSKLCCZ,4,2019,PAR
CCZYWYQDWBTJXLKWCCOY,4,2019,TLS
ODQDESNQCSGLELDEILRC,4,2019,TLS
APIIJIVPQWIMLXLCVEBE,4,2019,TLS
SSRJISUGIHSSCRASOLJI,4,2019,NCE
SOYGSILUJZAREMEUCYXL,4,2019,NCE
BAIEGYNWEOHQBEKUYSRB,4,2019,REN
XDAMUARUJGWKOQZSPARB,4,2019,PAR
XXZLMUJJNEDAWFMDBAXJ,4,2019,NAN
TAEVDMRVCQSXTQTUIFXR,4,2019,PAR
CBJJTPHLCDTZBSCZLUZL,4,2019,STG
LGRTYIOTOGLLSBMRVESX,4,2019,PAR
HBWRWYDWOSYPLDHBHUJA,4,2019,REN
DHFFECGYAIQXYOFUKPIV,4,2019,PAR
ELXLPSNYGTTQJGLGPLZP,4,2019,PAR
JVGNVQSLQPZQNKGLFLUH,4,2019,BDX
YBDCOXTYNWXPRCCMUMAR,4,2019,BDX
UTLVHTRLKUFIUOHCVQCQ,4,2019,BDX
GETSTUWMZQZJLJQBTLLP,4,2019,LYN
RACBYDNILQXJSJIQQBXW,4,2019,LYN
ROBOEBCBQGBJMWWWJHAG,4,2019,LYN
NDIKVZIXEHYGYYKEOADY,4,2019,STG
BQIDFQIAKWUPPXJQHVQP,4,2019,NCE
DBKLYYRSHZNPPYDXZUEO,4,2019,LIL
PEYODEQKFJFAQVDLGUCK,4,2019,PAR
WKVDCDQNBXMTCUGPHJRF,4,2019,BDX
PZRAEQXHGJZCZTANXWZN,4,2019,TLS
HUSNGAWZJVUPXPESBYAL,4,2019,LIL
WHGEIOSEUQYLFMPGEIIJ,4,2019,NCE
NLORVBYVVXBCDSPIPEVT,4,2019,LIL
JJCREYXAKOXKPASNCGIQ,4,2019,BDX
FTZEMRZMFGVIMGDNGMNR,4,2019,MPL
CUWIIBIBEMJVEHQFYTWM,4,2019,NAN
AEYAHCOEADXKIDYWWDNT,4,2019,PAR
RRSFNCUFTQBAHNHDKOFU,4,2019,PAR
BXSFBTBNJHOMMBSXIFDI,4,2019,PAR
YAEOZIGAHFNGPEBQDRBP,4,2019,PAR
LMQIAREPOTTSJGLAGKEP,4,2019,BDX
NJHYUIZBSMBOYIZONPTD,4,2019,PAR
XYZOYZNGZYTEIVGEHOPI,4,2019,PAR
PVOPARSUGANUMXDGBOQE,4,2019,LYN
KQGLRAZUQDWWDEFACUYL,4,2019,LYN
DYNOSDOOZAEYJJBPETLW,4,2019,MAR
MSBCQGXGOPGZPBQWLDXR,4,2019,PAR
WDEUNQJMBAHRPBRHDCUX,4,2019,PAR
FCKNRPYFXFIKETGRLJGQ,4,2019,TLS
PHEGDBXXFSZZHBYQMFPU,4,2019,PAR
HDJKZNZNSLGACCVCLDJL,4,2019,PAR
JEZEFDMCLUZAPVCZJYYO,4,2019,PAR
LGQTYTRKSIWRGAMYWUVS,4,2019,STG
HIEZLYQBOTGRTNKURWRN,4,2019,TLS
HXULDWGPFNJWUBCIXPFP,4,2019,TLS
OWRSDTNNNKBMQWEWGSVX,4,2019,BDX
PUQBSOURBHIIICATYQLB,4,2019,PAR
GYLDJLCPSSNLACDFYOZL,4,2019,STG
MHREGRYGZPFWIQQNIXHW,4,2019,LIL
GKCQRWIKLGYVWBPFXUVK,4,2019,NCY
IATYFGIZVPKYVZJCWSYY,4,2019,PAR
LLCLPRYYRWGPKCGDDWUK,4,2019,MAR
XEVHMDELOECQXNSOWCBJ,4,2019,PAR
VPGPPIQCPKEDDZFYDUMS,4,2019,PAR
BHQERHCRNRRSPQIIAVXO,4,2019,PAR
AHYZFPYDFRWHZHRGBPYD,4,2019,STG
USSAGIWDVMENUJJXAQLA,4,2019,PAR
FYAOHJQMFERNFYVUSPJJ,4,2019,PAR
OATJBYKWRUTOKUNHJJSX,4,2019,PAR
RMHGZABMEQCXSBDPHWSF,4,2019,PAR
MUJQLYBDLFEQHFRQCVGB,4,2019,PAR
UETDZYVDQKRVBFHYEZVW,4,2019,PAR
LPZWXXJTSFLVXNPFROYC,4,2019,MAR
AWBOEYSILKDYXVMJOOQS,4,2019,MAR
YSBMJLOZKMVAUUNAGPBK,4,2019,PAR
ELVGIEQWGCWJHKMKJVPD,4,2019,PAR
AOIBBMCIFFQFXJBYPQFW,4,2019,PAR
MLCARSDVRBNRPPJNSSTA,4,2019,PAR
KNMUPDPEZUXSZIHEXYGD,4,2019,PAR
NFIQCOUSRZDAVCTIGWOO,4,2019,PAR
PXNEKXGUOVQOIDQRUYGL,4,2019,PAR
XYLMVQDBCXYOQMCRKGXF,4,2019,PAR
ABNELXTQRDRULBCMUTBG,4,2019,PAR
ECWEOSULDCNGAJBYHLAV,4,2019,PAR
RSYARIRGLNWKARMGLHFX,4,2019,LIL
PFPOLHIHFYELVWJKKCXZ,4,2019,PAR
CCAAVLIVYKFJGNEGXRWY,4,2019,LIL
VLTEOSBCUOROUUTCNCKG,4,2019,NCY
SFYBSOGOCITJYCMAPGVF,4,2019,PAR
FKTVFXEUDUKVSVUJMGLM,4,2019,PAR
REZBWPWOAKNGOWKKKJTG,4,2019,NCY
UZZOVRKQHVUZBMWHJYWV,4,2019,NAN
ZKHXQEVDPZPDJZGTYUHZ,4,2019,BDX
TNGOFLTASSKCPXNSIWMU,4,2019,BDX
MFEVDGQBRWIEZECHHPJD,4,2019,PAR
TGPIUSHUHHDQEDFJQODI,4,2019,STG
DYOXTJTCQEKVLZGGXTWZ,4,2019,STG
HBIQHDEFJWQTDSZFHDPJ,4,2019,PAR
GYCSTURZHVMWVQMSQPXN,4,2019,PAR
QEVMVMNKJZFDPFJOBQIQ,4,2019,PAR
BBUMGVTFSXHKYHEXJSDH,4,2019,PAR
ISACCAZVZBXSOXGVBXYL,4,2019,PAR
XGBPMWPSCUDQGUBAJJZM,4,2019,PAR
LQZJLISPDNWKMTFYCOKD,4,2019,BDX
TIDJVRMYCDRENRVHVUJO,4,2019,PAR
FMRVPOVNQYGMDRPIVZHJ,4,2019,PAR
BLOGZYZCRUUHCUVRLSGK,4,2019,PAR
EWMLFGIPLREMMNTEHRVI,4,2019,LYN
WFNSCPVBXWWSCHXPLBXE,4,2019,STG
HHMIQLBXVPPTJFKABJMC,4,2019,NCY
GKVVEJUBSWJJTZGHZYSI,4,2019,PAR
ATTOHJKHBMWBHPSEAFTS,4,2019,PAR
KTABVKLXXYNOQLALECCY,4,2019,PAR
QOPJTAIDCSGOQDHZDZAU,5,2018,PAR
XYGWJYKSWQMOIADDDQFK,5,2018,PAR
POTOGOWQSVSSHMGSJICV,5,2018,PAR
AXXMQVAXIUOIKJSUFEXS,5,2018,PAR
XPUSXLJJLZZGGRKCMKBF,5,2018,LIL
PWBALTIHMSCUXCZHGMHG,5,2018,PAR
FBNTGBKDAAOGOTLTLQXQ,5,2018,PAR
FLXHJJXONMISUUNBUHQH,5,2018,TLS
RPJDAYLGHNSEPVANWKOQ,5,2018,PAR
SBGCZLIOUWYIFMBXQPRA,5,2018,PAR
RBDOVTBIWJGDNLTTGZUT,5,2018,PAR
UPVINQPJYUVGZABYLYOL,5,2018,TLS
KISEHRMMYKOKQAPNECOZ,5,2018,PAR
OMMJSQYDGAQCSPMWIDYL,5,2018,PAR
TGTKYAROMFPHATEYQGLC,5,2018,TLS
RMWYLEUUOXKILGKXARKM,5,2018,PAR
RIZEWGMCTAKJOKIMEXCT,5,2018,PAR
BGLWMHECQRHBELLLCITJ,5,2018,TLS
GZEPMNJLICWYTCZUFQWS,5,2018,PAR
LZIWCLDFERJESXOJZQSB,5,2018,NCE
SXMHAXRXIJCPIPRLLXKU,5,2018,STG
ZKTERCOZTANQWFMFUVCZ,5,2018,PAR
SVWSJNGPRMREODDRQNSJ,5,2018,PAR
TFKMNILSDMQUNKNCXVBQ,5,2018,LYN
CUCFRNBAPNOIHPCXDUER,6,2017,PAR
BTSYYLVEJJBGHAMAKNCJ,6,2017,TLS
ARKPAKXPAJRIABZCBJQN,7,2016,LIL
NDQMLUOXFCQERMCWDJZX,7,2016,PAR
YGVHBTUIWLHXUHPXYLSH,7,2016,PAR
