id;Identifiant;GPA
0;ZZRGVIHQSKVOHHBGEKFK;0,307692308
1;ZZLZSNPCQVXENELLDICV;2,230769231
2;ZZHVNGOYLOSRUCBIVRIE;2,133333333
3;ZYVQMZRLCORQVMCKYEZX;2,846153846
4;ZYRIDVJTLWLMBDGFLDBJ;3,076923077
5;ZXFQQIULLJAZMJYZHBGO;0,785714286
6;ZXDHXYLJKEHEXKAHCNFE;2,076923077
7;ZWYXCQOAHRSYYZJHAMBC;2,210526316
8;ZWXVCDVNHLMXVRJTKNTM;1,470588235
9;ZWRTDPUCLOKPYLTIIDKF;0,838709677
10;ZWPRKKWDLRSVQNZSLJQF;1,307692308
11;ZWNFKSZJXEWNGJFLYTYJ;0,583333333
12;ZWAHSYHVTEWQWEQHXTHN;2,692307692
13;ZVSTKVZMPVESNEEQDWRY;0,769230769
14;ZVQFINOWTUEJDAVKIXZN;1,740963855
15;ZVKACAWUCZVJJROPWZGM;3,392156863
16;ZVGKBZKAEIVYGHYYMAIL;2,230769231
17;ZUVSXSCLLBKXMPOCHGKI;2,846153846
18;ZUKVFOTBCIHPFNMEYVBD;0,928571429
19;ZUKHJWKGYVGZYWGOVFZD;2,666666667
20;ZTZNRFPDROZFGMRJTZFR;0,384615385
21;ZTQLAPZHWUPZMYPNQMRF;1,788043478
22;ZTPXJCPKDHOXPXBRWEXR;1,167741935
23;ZTEDFFDJOARBUCBXGBSO;0
24;ZTBSGVTHMNXURFXCDWOL;0,4
25;ZSWQGZWJCRJHEHJNRWFO;1
26;ZSPTTZNRLQXSJRRLFJBB;2,307692308
27;ZSLQIYAYRWEPSNJJYCTS;0,769230769
28;ZRYTZKINLUCIUPJSFLAG;1,683544304
29;ZRXTIDFVYYCPZLKMKZKW;0,366666667
30;ZRRVJKMKSPXGWQIOLKYC;0,307692308
31;ZRPMZOFATJTMKGEGUWMO;3,292993631
32;ZRILIUZHIAQZQFIRIIGT;0,538461538
33;ZQPUNWSINKLGREUIWWSU;0
34;ZQFQKYWXGZKJDKIVNNKE;0,688172043
35;ZPUUVQANHAXVXLYADPNS;2,717791411
36;ZPRQDFIJHGAJXRKGVGAA;2,307692308
37;ZOQWFVBAIAYLGGFZMZDU;0,615384615
38;ZOJTPGRWKHZEVPPBDNJW;0,384615385
39;ZOBCCPUXLWEBNRVARLWX;2,740740741
40;ZNYVVDNVANYSJAXLQJHW;0,526315789
41;ZNWIKANJFJLPZSCPJVRE;0,142857143
42;ZNVDRXKBKHZOJLKAYPWG;2,857142857
43;ZNMHWBHXGHBNRIBJEKNT;3,461538462
44;ZNLNJOCOFFXPLXFXONKG;1,285714286
45;ZNDMPQMYKBWYGCANORJP;3,425806452
46;ZMRLCAXKYSTLVLBGINHU;0,846153846
47;ZMGCDLRMIHDDGLCEVUTY;0,6
48;ZKYZDRWPDEQYGGPGXCAX;2,133333333
49;ZKTERCOZTANQWFMFUVCZ;1,366666667
50;ZKIITLBIBZGLHQYHUPLP;2,075581395
51;ZKHXQEVDPZPDJZGTYUHZ;2,662068966
52;ZKGRRPXJIRLUTCGIFIVX;2,071428571
53;ZKEGFGRAGDXJITISRBUS;0,217391304
54;ZKEEQAQXFSMKOGMGWGDY;2,097222222
55;ZJVWNNWDEEGGURVYGQMM;2,03030303
56;ZJURKZTMZVAWAMEFETHC;1,684210526
57;ZJQOHELDYBAFLABTAZJG;0,214285714
58;ZJNPERCIHTTPDKMLWPAT;2,533333333
59;ZJENESITBEYRBEUOFMBO;3,461538462
60;ZJAPURUSFIJHEEPEGJOW;0,866666667
61;ZIUBNGIWTJYKRRONMULE;1,066666667
62;ZITWJHMSYPDFQYOMFLWB;2,153846154
63;ZIPPBAJMNAETMTWOIZNW;0
64;ZIDXNRDZMOGLRESZSRKY;0
65;ZIBQIUFSFEBHHOBFNWSG;0,857142857
66;ZHZARHZGPGULMDUTXYSY;0,166666667
67;ZHYJFHOCJNDMOHWQAAEZ;2,5
68;ZHVLSZRTMKMNVBSXJYTF;0,153846154
69;ZHNAFQGZAUVJCZXEUUYQ;0
70;ZHKYFESTNMSLYMQHUWTV;1,125
71;ZHASRWZEQTEKMBGHRKFE;1,071428571
72;ZGRDUNLVZBWVUGLCVUOI;0,872093023
73;ZGPAPHGBWXJUTIPSHVRX;1,714285714
74;ZGFKXEGYYOGFRPMCOSON;1,583333333
75;ZGAMMCAKLFAIIOQJEHNV;1,923076923
76;ZFRYHSPYXKAIZXFKEJRJ;1,151685393
77;ZFPOZTHSBNYSPUDWXSYP;2,272151899
78;ZFADPBOTKXEPBUBGMIBZ;0,666666667
79;ZEXYGBOQMGFOMBLLVRNV;2,4
80;ZEHBOWGLTNVTUIVUIVHK;0,5
81;ZDZNTBNGRBQKLQTEXEJY;1,153846154
82;ZDTETSRDRAGOXTKDAKMQ;2,95
83;ZDNOOBXWDXFRIHVWSVXE;1,648484848
84;ZDLHTYZUVQVOFPQOEFZO;1,578378378
85;ZDAQKFBXJKCYTQSJRNQL;0,666666667
86;ZCRQCZPEDVAZRSMPESHD;1,855491329
87;ZCQPUNIIEFDJLTTTJZFJ;0,153846154
88;ZCAPWKSQDOIWKCSIKCRA;1,41875
89;ZBXEWASSFEOKJVEXJCOM;1,142857143
90;ZBVJBLGPZLDIBKXIOZHE;3,765151515
91;ZBCFCYMDMPRATEJFNCCB;1,306451613
92;ZBANWQJMHHNCVBTELXFB;2,846153846
93;ZAUQWHFAAARARKYOZPSF;0,307692308
94;ZAKNPXIMDBINGNXSDTGX;2,230769231
95;ZAGWFIUAWFGQIXLWGGFI;0,733333333
96;YZZPGVBZRLFTRZHISYAW;1,916666667
97;YZBIVYHLROJCWLCNJNBC;1,75
98;YYWDAPQQHJNQMGQJOZSC;0
99;YYVRGOXCQHWXFFMQVNDC;1,531746032
100;YYTZAOSMXPVEHHMSJIBX;1,75
101;YYQOLNZSXZZBZDZULBLM;2,101796407
102;YYFXQKHKIMBXBOVNWWNH;1,428571429
103;YXWDWMLRGVBMFYANAJJF;2,647058824
104;YXUJGIFXOCWYBBXQKEHE;2,461538462
105;YXOKWWVGUSCSLUFYASFM;2,692307692
106;YXLMTXZHULQHDUMHTQTP;1,2
107;YXFQVGPQHHGAUFPTSNTJ;3,133333333
108;YWYHIGOVVOQLQCAQXOQP;2,083333333
109;YWTYKYOBDTVRULKIVHQC;0,466666667
110;YWQQQAPJMXSCAZSDAITV;2,153846154
111;YVYSHGVKHQQMUYFSKLBI;1,461538462
112;YVWTMHDKOXTDPWBKOKJA;1,2
113;YVIUBHJLFGQXLOCQTKAX;0,615384615
114;YVDMATJDZCNAQGHRWGHX;2
115;YVDFYYWJHHGVFCIOCFRD;2,923076923
116;YULAFPKTFWVUCHLIDPST;2,714285714
117;YTQFEWNXUAMXKAHRJWBR;1,89375
118;YTJDESPOLOXYPYTXIXTJ;2,5
119;YTGWTGVAJEXCFGFNHPTX;1,214285714
120;YTBQMDZQNAOLTJIQVTMA;3,378378378
121;YTBBZMNJRSEOUPHTQBHV;1,796296296
122;YTASEHQNVDMGHELMCTLX;2,076923077
123;YSRZRLIPLSWPJPMOSZKX;2,428571429
124;YSQLOCJENGSFANPTMRDY;1,279761905
125;YSFOHEJELBMEAFVRYMLV;1,928571429
126;YSBMJLOZKMVAUUNAGPBK;0,815642458
127;YRYDCXCLZXRLRDKXFKUN;1,230769231
128;YRWYRNZFSGVWZXBKTKCN;2,323741007
129;YRRPILUSFJUVVLHRPDRP;3,538461538
130;YRJEMEAKBHTDYLKQUTTZ;1,61875
131;YQYGIYFSWHAWMQIBXTMP;2,428571429
132;YQWFFATYYFEWCMFDTJVE;3,06993007
133;YPSLWEPMOPVDFIYPJVRY;3,328947368
134;YPQIZMNIWDVWZJOKXHQD;0,524390244
135;YPMONVHFQDEGKPFAOUWB;2,4125
136;YPICAVIJUOSXGGKFWLML;0,758169935
137;YPASWCCJWHIAADLIJRWH;2,586666667
138;YOOBLURQAMPCQUFZGNWT;1,832214765
139;YOKIKNBTHIYUBYRVYARD;2,130952381
140;YOIJTZXGFHEMGKSQKRRU;2,436241611
141;YOHLQZYBBKNYIYQSYVZT;2,571428571
142;YNRDKBUSRUEFSSGBYLTR;1,503225806
143;YNMWZQACNCDUZEJELVIG;0,642857143
144;YNKPPBDTZOTQRZPGLXZO;1,571428571
145;YNBZGQPEDOLZPGVZBBDF;0,923076923
146;YNASIZHUEHJNUMYNHWML;0,416666667
147;YNAQGGTVDGMMHNASGDVZ;1,302702703
148;YLPTPBUNIYLHHBJMNUNC;0,395348837
149;YLNXMJOUUDXWCYFZJGYW;0,769230769
150;YLGITFKWBASDGBVUZEWU;0,733333333
151;YLDJJRUUTSBJNBAUXJED;1,865497076
152;YKXNABGRFAIVHABMEIKV;1,952702703
153;YKRHJYDMJEWHKQLRXIXD;0
154;YKMRHTGGPNSGPMJMLMAM;0,714285714
155;YKKQGNTEMHNERMQFZVFB;2,266666667
156;YJSIEOAMZUTEATQVALWB;1,25862069
157;YJMDUNXDSSRZYRYFSUIS;2,229813665
158;YJDWNPJIOITMXQMUUPBZ;2,549668874
159;YIVVEAZMQPVGHTPNBWRV;1,230769231
160;YIMUKYIFRNXJXATESLYA;1,4375
161;YIFCBEWHQBZTZTCNGAIP;3,450381679
162;YIDOFTOSWPZQZJSETATR;0,857142857
163;YHYMTZIRBXRZMKFHZBUQ;1,076923077
164;YHLZNKDFVWTGQKHIUJAV;1,133333333
165;YHHJKTJYNYUIQGJVYWEZ;2,657534247
166;YGVQEKXLHMOZAYXPVTZE;1,640522876
167;YGVHBTUIWLHXUHPXYLSH;1,993421053
168;YGVCOWCFHOKULPRDVBPJ;1,832369942
169;YGRWWUUWCDJAOXUMHVWJ;1,285714286
170;YGPUXMCUUFYZJJGGVSFB;0,153846154
171;YGOTNMMAXBIHNLHTRQYT;0,541666667
172;YGODGCZMHIQBVQWOGWTJ;1,813253012
173;YFNAOGXRWMFDMNPUAXVV;3,625954198
174;YFGSFIEZWUECITNNIBOW;0,925
175;YFBLDGGBJBSZYHGEVCBX;1,947712418
176;YEZCXXTRZXQSAJTMYOYK;3,461538462
177;YEOXAWWAQZTQZFWQIRYC;2,83030303
178;YEFWWRFNCLJLEPBWNPWK;0,153846154
179;YEDPXTKGQGFTNEWJYSUI;1,564935065
180;YEACTCYJJYPADBSONYZM;0,666666667
181;YDUWTNVMPDPHGRGZZTNX;0,846153846
182;YDQMKKZPSSKEVQYXXEXZ;1,130434783
183;YCWWJONHOPYEQWUVVZOS;2,466666667
184;YCMTWXKUMXLTNVRVXVFF;2,539393939
185;YCIVRTJFNMJZSCDODKXN;0,769230769
186;YCBKFSYRPVJEKDDQMRYC;1,076923077
187;YBWUHHPGPPNQJMPAILUE;0,933333333
188;YBJTHQRNPGMNEWNRVSQA;1
189;YBHINEBQXBYGYQZIWTOQ;2,759398496
190;YBDCOXTYNWXPRCCMUMAR;2,02484472
191;YASEWPUUHNPCZSGGPGTJ;0,923076923
192;YAOOUMOKZJNUVKPEWJPB;3,090909091
193;YAODBFWVRXVEJUQYQFSW;3,04137931
194;YAEOZIGAHFNGPEBQDRBP;1,66091954
195;YABUSAPUKQYCXAJLSDAG;0,538461538
196;YABGHCHPPNZLVOIMKBHV;0,769230769
197;XZNZQBEXSCDKBQQNHGNP;2,095238095
198;XZMFZWSSLDETUUIBQBMM;0,428571429
199;XZGCRSAGMCRTXYYMMERD;1,543859649
200;XZCDFXVZAKOHXVONQFVY;3,024
201;XYZOYZNGZYTEIVGEHOPI;0,620320856
202;XYXPCILAPNERTCZSCCCR;0,868421053
203;XYOLBYVIYBEAIVUPTCUY;1,733333333
204;XYLMVQDBCXYOQMCRKGXF;1,699507389
205;XYKKQFGIWMKYFUZZUKSJ;3,762820513
206;XYGWJYKSWQMOIADDDQFK;0,791666667
207;XXZLMUJJNEDAWFMDBAXJ;1,544378698
208;XXSSYDNXWFTBFHOJIAGA;1,357142857
209;XXDQTQXXXPIKAFNPYLKY;3,092715232
210;XWWZLYSOMDQBHIHLPBLJ;1,759259259
211;XWWYYONRBRCWDAEDHYVU;0,916666667
212;XWVGXOZVELUHTWIGKMTQ;2,645669291
213;XWPCHSXPBYQAAHYXPTGI;1,44
214;XWHHZNUFQVXZJPTRKCII;2,198717949
215;XWGIWKMIIFVVPOTAOLJT;1,866666667
216;XWDFFSKXYZXXLCUEJEAA;2,533333333
217;XVTREGXAZYBYDHPUNALD;3,672839506
218;XVSRUYDBSMJRMMGEOMHR;3,839416058
219;XVSISXSWNTOJZHLQSRFP;0,046511628
220;XVPAHEMZSNGLEUBLAZYL;0,375
221;XVLTGULRFRCKQKSUYHUO;1,666666667
222;XVLRSYMAOWMCUQYSFHPR;1,083333333
223;XVFCXHVLEHMUJREYBESQ;1,307692308
224;XVELZWKJAOLKPMJUKKSH;1,714285714
225;XUJMETTVBANDXEKRCSTU;1,731958763
226;XUBVNLUVJBWTGPUPEHLH;3,522580645
227;XTONFYHJYYCIYQPVOUXC;1,165745856
228;XSIVHEURDMEHUXTEQLVJ;0,8
229;XSIBXOSTAGUKRVCGWLBX;3,428571429
230;XSGXVMUSBVNOLJKOBFDS;2,923076923
231;XSDYROSXZQPLHQQMHRDI;0,142857143
232;XRFBOAHEOMXCSKOWEJDU;1,2
233;XREJYUUQDYDDCUUSQMAP;2,230769231
234;XQQXTMUFJDXVOGSDTUNC;2,230769231
235;XQNAYJBZWSNENRKGIDDX;1,785714286
236;XPUSXLJJLZZGGRKCMKBF;1,121212121
237;XPLNLIBORIBDSILHDEUL;0,702380952
238;XOZLKCBJVLVLUOCCVCZE;2,555555556
239;XOSPXVYGWUGORLFRNDSU;1,201388889
240;XOITSXVPJZHXNRPENSAJ;1,142857143
241;XOIFEVOJFMHDULVYFRQH;1,898734177
242;XNXMNBDWPGWQXPPMUOOV;1,586592179
243;XNRULYOCHVNJWCNTPBNU;2,4
244;XNHACUXTCEQOVFQCLVXG;2,076923077
245;XNGZQKFCFWRUXNHJZHIO;0
246;XNFGVLYRPIIDTKQBODFF;1,692307692
247;XNAPRKYNJOAKHXROEIDO;2
248;XMNCQFUSDFKOJGSFQFUL;0,6
249;XMFLBMJLQZNWYKPXITKF;0,666666667
250;XLULNXTHTNTCYCWFYVKW;2,493333333
251;XLTEMQGQWYWWNQYKRFRC;0,857142857
252;XLIQDXXIPZTATZNJYJMD;0,615384615
253;XLAOBSOUOYBFGDJCYMUF;2,923076923
254;XKUVOPJZUYAMLGDAULQM;1,461538462
255;XKPPRZMGBIYQNJTCEGJP;1,384615385
256;XKGDAFRBNQLUPLROVJJF;3,740506329
257;XKBCJTQFMIUGXDFIYWRA;1,066666667
258;XJNYZVZUHLZURVFQSKCE;1,322580645
259;XJMZXFBEGEVQAQGVOIDL;3,304054054
260;XIQVHHYRNRMOYXKXMOZL;2,462025316
261;XIQLQVNEEFXYWPXKNASR;3,307692308
262;XIMYZSNIFIIPUDKHEIOL;3,524193548
263;XIADSQHHTMAYQAAWDJHT;0,230769231
264;XHUBAERPDXWFVDGSMLDP;2,710843373
265;XGYDYLGWEXZZTRBTOBGI;0,307692308
266;XGOJKQJPXWNVWYHSPIEH;1,428571429
267;XGKZIUHZNIDJGJHQKHMU;3,705128205
268;XGKELZYFNAOAKQDVFYIP;2,625
269;XGJRDRXTOOBFAFEGDBDL;1,83030303
270;XGBPMWPSCUDQGUBAJJZM;1,710659898
271;XFFKHRSSUFRTIFBJIVZW;2,954545455
272;XFEMZNOPTMOMLYKPXFVX;2,857142857
273;XEZRKDIOLGUYWCTEEHYG;2
274;XEVHMDELOECQXNSOWCBJ;1,473214286
275;XEBATCZBIKHBJSSMVIFA;0,230769231
276;XDSTVWTTVVLZQXBOHUUB;1,928571429
277;XDAMUARUJGWKOQZSPARB;1,547263682
278;XCXVBOUAQTOJDZRYRWNL;2,153846154
279;XCVITCXNHIBUBWSJRMQT;1,461538462
280;XCQVUFGTVMKOHHKBDKEP;1,133333333
281;XCFPZERQOOULHYPDNRUD;1,740740741
282;XBWIMYSEIWIMZZDSIQME;1,416666667
283;XBAJVKMSQMLAHGLVYJNE;1,886904762
284;XAWDPSWCXDRCNQHZRZOM;1,582278481
285;XAJXMFEAMXLBPQXELZDG;2,142857143
286;XADGEDLRBUQKVJWWWXYC;3,556291391
287;WZEWPAEAOGXTYJSKKEMJ;1
288;WYHNKXIMSVSSGBXWLIMZ;1,730769231
289;WYDZXPVHCBDXQDGIFPOC;1,4
290;WYDYCSKNGRNHOIAWCLVK;0
291;WYAURYKYGKSGKGUUYRZO;3,266666667
292;WXPEGQIQLWROMFSWHAGA;1,422619048
293;WXLIBNYBBJBULMYQLSHT;3,128834356
294;WXJQITUZTUPICGFQLAAQ;2,531468531
295;WXFGCJPMYVWTAGHQMBEY;1,571428571
296;WXEQYJVITSJWOBBNQMMV;2,142857143
297;WWSMDQAVMGPSHACIYCXD;1,936305732
298;WWRNHWYMAHGNVSQXMTYY;2,384057971
299;WWOGWMIDILALENSLDOTB;3,461538462
300;WWGLDFTUSZEFABTJNZQX;2,251572327
301;WVEYTZHIEZWAMJUUABEX;2,265822785
302;WUVZEKYPPSIDXEEIRRUZ;3,815068493
303;WUVTVMVKBSIIOGAADASH;1,833333333
304;WUQCBSDYLYXOGMAVKZLL;0,615384615
305;WUIUHTJMSKGXAKSHQYTO;1,214285714
306;WUCZKDUTQNMCTIIORNJR;1,461538462
307;WTULCXQAKHATXTITNDQD;2,512987013
308;WSIUAMCMKLVKWNXGNNAQ;2,208053691
309;WRWULVPXCQGCPNVPTBOS;2,073619632
310;WRUQYTVUSUHSALHXWMLD;3,198630137
311;WQSEIOPTFKTIBPBUQFWS;3,331034483
312;WQRZCEDWDFDUHUTTWFHX;0,538461538
313;WQOMQHFAUJKHHPHADSRV;2,769230769
314;WQBXWAVDBDDDZDSREOSM;1,230769231
315;WQBPWXQGFGDGEODIEFMF;2,153846154
316;WPYUVQISLNQNGWRSUZCA;0,933333333
317;WPXOWAPGYCRDKJBAEKZE;0,178082192
318;WPWUIXBBCSOIRFJKTIQQ;0
319;WPWILWPGPIWAOCPRHYQP;1,466666667
320;WPCTMERZUXYDJRGYIIGB;2,425531915
321;WOYDVMJSUZIJWAZLYFWD;2,568493151
322;WOXLFGMUKKZCKNWLSIBA;1,944785276
323;WOTYJDKZUPJDDYUERRWW;1,307692308
324;WOOUNORDKUFYMGEMYSHA;4
325;WOOKBJEPGMJXVEXONXPF;3,297297297
326;WNWSYHEWNZMCOZGOYUXO;4
327;WNUGIFDTYCGNUUKODERP;2,321167883
328;WNIIOJOOTXFQBHIBFQBN;3,928571429
329;WNEVKDKRKDFKOCFJFLHN;1,5
330;WNDBWYULRHJUTTEBFYRJ;2,076923077
331;WMOIRRSTCLNIRSXICSWJ;1,416666667
332;WMMPXIOOKENMERMAPVRB;0,333333333
333;WMHQXABRMKVDPGDSSNPN;1,899408284
334;WMEJPWOFUHGAXVKWCKER;1,341614907
335;WLYVYVYZKBTYJMJNJAFH;1,615384615
336;WLUWHWVYPXDQHDXGLVQM;1,714285714
337;WLUKGCLGEAWMLMZCZWAH;2,940789474
338;WLGRGCJZJOERCJIVUEVN;3,714285714
339;WKZRKTIYBROAORWQDGVJ;3,427631579
340;WKYBGWHHSNRGPDMTRBOC;2,357142857
341;WKVDCDQNBXMTCUGPHJRF;1,558823529
342;WKAIXFQUVOYJKBFRJUPD;1,384146341
343;WKAESJRWJXCVPSHDVFXQ;2
344;WJWJTCFIIUBOISOZOZHL;0,461538462
345;WJVONEAGMCNRUXBNYOKG;1,357142857
346;WJVARNYRBPBTDQGLUHEI;1,142857143
347;WJLCTZJYPLMBIDNFRCZY;1,916666667
348;WJIWTXLJLLVFFQZYAMCS;0,857142857
349;WIXXCLGSFXBTJZKFGVPL;1,579268293
350;WIUHYZUOYHFIKXXGGSYO;1,226744186
351;WIRTPZPBPUIRCRPPQVQL;1
352;WIPTOYRLDJOFSAVSRDCA;0,457142857
353;WIPNYGRMYTWAERLJPUNX;1,829457364
354;WIBCJZGAUSOHAMVPNQST;4
355;WHZUYVHMZEICGNDRNXQE;2,620689655
356;WHMKQWXRQWXBJBSACJYH;1,715909091
357;WHGEIOSEUQYLFMPGEIIJ;1,29375
358;WHCMKRWVMZALICDXSZHL;2,296052632
359;WHALPZBFYVPHKGRZECJY;0,307692308
360;WGVYVSHZHHBECQBXENJA;1,666666667
361;WGQUQXRSAOKVZLHPDMLV;1,61038961
362;WGOOLCAPEWJTHTZYHUUQ;2,307692308
363;WFNSCPVBXWWSCHXPLBXE;3,14375
364;WFNOLXGHNVVLQVRMILWC;1,846153846
365;WETWTLVFDYNWLKGLFODG;1,461538462
366;WEHUPQVONKHTOJCRDFBH;1,285714286
367;WEGTXSMJZBOSKTFVSWLT;0,785714286
368;WEDFIWMBUANCEPLMSHIS;0,5
369;WEDAHUCFHJRKFNGPGXZK;1,692307692
370;WDNODGKNIMYCUVAEOBAP;3,225806452
371;WDNBFDBUUCDEPQOKNCQN;0,882978723
372;WDGJHZETSOLDMRASIQKG;0,183673469
373;WDEUNQJMBAHRPBRHDCUX;1,14
374;WCZFCXKGEXVDXTCQIKEE;0,307692308
375;WCMOQYBFNCMOWKULFJJZ;3,230769231
376;WCJCMMIIGTFRDCRHWIBY;2,642857143
377;WCCRWWFDHKNYPBRZHHUB;1,368421053
378;WBEMQTCZEQZSPISWMQRZ;2,857142857
379;WBDBLOQUEXAMEGLUPXKN;0,714285714
380;WBAWFWBEEVIBCNIVJHWH;2,477124183
381;WAWJEHOQUJWFJZEDDEZV;1,076923077
382;WATAVCQYZJKQDBIUUZGW;0,423076923
383;WAOXBBWCRNEZXXUPHCXA;1,928571429
384;WAHOVXIQGNIZANRPIYLI;2,25
385;WAGAAZMGOBPHVKFERTEA;1,857142857
386;WAFSWQQTAYCMKOZRHMAU;0,307692308
387;VZHEVOQMBNVTOKWFHJDZ;2,465753425
388;VYWMLHJKFYTTVDHRHTHH;1,670731707
389;VYSATEUXYZCUKYVXHZIC;1,993589744
390;VYIWVPGJVFCFNIWLCGSZ;3,25308642
391;VXZOSMAHWDMAODLLVWUY;0,386666667
392;VXOGROIOTABHRAGCEJDH;1,993103448
393;VXLLOSLXWEESHJEZIFLD;0,615384615
394;VXLBWYWBIBUQOJGDCELA;1,925925926
395;VXFSXCQDSFWETBTOXJRA;0,769230769
396;VXCWFZWADAZCKKTKTQWO;3,340136054
397;VWZJVMRCGULUSZYWWPIQ;2,384615385
398;VWPQYABWYVZPPSJUBXEW;1,769230769
399;VWKAIVGUYTKCDMDPJFRA;2,763636364
400;VVWRFREDVHZXVXEVPPRF;2,401273885
401;VVKQUALAJZNZHXFIAYPK;2,039473684
402;VVFLDMNMPNFVCKPDGRNU;2,615384615
403;VVARBFVQDOWQFTUKCVVG;0,2
404;VUXGQBCDMAXJCJMJJWWN;2,538461538
405;VUWBSEKEZLINFEQVLJOW;2,886792453
406;VUURFCWPWBOVETMDRTXP;2,321678322
407;VUQOTDJUQCPKEVECORLD;0,591549296
408;VUBLDQIMWRAPBMUBSRDO;2,333333333
409;VTQHSKRNBGKPPUWPSRMZ;0,833333333
410;VTMEMOZALLVHIWUGUIGH;2,133333333
411;VTKRQMPVSXJTRMPBWBEF;3,156862745
412;VTKQGLUHXOHHAMISPPLD;1,230769231
413;VTGMSLCBARWXACSGUMFT;1,538461538
414;VTFLHCABVCIRGFUYMHTA;2,657718121
415;VTAZJEVTTPFVQULZQQPZ;0,857142857
416;VSZGXKQVIDINUZDBAATH;1,860465116
417;VSUTPXSKUTJPRREFLJIL;2,461538462
418;VSECABIUMGWNFSHZJFRD;1,5
419;VRXYLJFEHRDECNQKMXRJ;1,722222222
420;VRQUHPEPMJRAGRKDHEFS;0,230769231
421;VROSNKUIVVJAXXDHWYYH;2,928571429
422;VRNVECUXSZYJZGSRYAAZ;1,509677419
423;VQTRSSXBXWJVHFTCMTGJ;1,076923077
424;VQLIAOKEQBWPWGBXPNQJ;2,357142857
425;VQKXSEWGOXCECUXLVBOI;2,307692308
426;VQFBIXXMOBCFCUDXWZTO;0,307692308
427;VQDMXMHCGBPNNQVDCSQS;1,2
428;VPKSTCJUGOFGTHOAVGUO;2,333333333
429;VPKQUVIWSNTYQAKMRIPH;1,083333333
430;VPGPPIQCPKEDDZFYDUMS;2,686390533
431;VPEJBBXVKCUGNMDWDQWD;2,122807018
432;VPDMYAPKOSNWMFSTXWLU;2
433;VPCOXKKOAOONZGVDLYRA;0,230769231
434;VPCKQASJRXSHVWZHGQRU;2,288235294
435;VOTZIKMRCZSWFUPBQLNB;3
436;VOTCOZRHKFIHUPIWVQDC;0,769230769
437;VOANAKVXFBVLWBNVGGTE;0,769230769
438;VNQRKEFJXUMEBWMZJNCL;2,461538462
439;VNDCHYVVCBEHQQPILCKA;1,384615385
440;VMPENUVLPUYFZXIKTOEK;1,932515337
441;VMNONPTHTAEUVBITVXQP;2,137254902
442;VMLCVMMLPVFJGXLZLWJB;2,145833333
443;VMHGWZNWVPUHIWBAQPPJ;1
444;VLZCGDEGBHVNDDWDWAIZ;0,307692308
445;VLTEOSBCUOROUUTCNCKG;1,601351351
446;VLOCAAFVLIYPPSQZWPQE;1,833333333
447;VKSOPRLBVSMUNAXGVQWF;3,153846154
448;VKQVNSDNYRTNCLMYGSYC;1,076923077
449;VJOUOMTULJLSWPCMITNI;0,150943396
450;VJOGZJIERTKJJPXYWKQE;1,333333333
451;VJJCRJQIBPULNPXWAGQP;2,352112676
452;VJIDJSYSLJAWIZTQNPIZ;2,333333333
453;VIQHGRRPZYSQYPYKLIEE;2,681818182
454;VIKHSLTREIPONGYOSZTG;1,13253012
455;VIEKPLTHYWPHYHJIVLWO;1,2
456;VHYFACTJRVXNDUXRHXGF;3,10738255
457;VHXJBFAPKHGJBYHAMTKA;0,900990099
458;VHXAUKXLMZSGBXAHWLRT;2,214285714
459;VHTGMJIWFDJJUMTAVRXL;2,09202454
460;VHJWWHDCJLHDGXVKKYFK;1,461538462
461;VHIHSUKPMHMIIKHVKTZE;0,583333333
462;VGWLQZEHJMCGMRHDFQQV;1,132911392
463;VGKUTJQMAELHVMQFDUAM;3
464;VGGHMRLONZFEPRZCQTHZ;2,846153846
465;VFWKQGHEXLTTXHSMALKW;2,684210526
466;VFPJGHCPMBGLATGHTEDJ;1,846153846
467;VFLQYYPAVKPTDWHKALLN;1,571428571
468;VFDNOVLVSPBUQNMQPIVB;0,538461538
469;VEVBGITVNLJELZCEOJPP;0,25
470;VETIKTECVOAWNVMOFHKX;1,666666667
471;VEPNXKQSKOVLTDXZEJWM;1,25
472;VEMYNVJNAWCDUNLLFOYR;1,5
473;VELZDLDRNSWWQDTREMGY;1,360946746
474;VEHBRNKYJGONIMMGASIG;2,490322581
475;VEAXUUKNHQOWVLHFKRLR;0,830409357
476;VDSMSBCBBBTHTSHPPDVW;1,4
477;VDMAUDOZZBPTDJJGPKRD;2,269461078
478;VCZJNSJUKDTKYFLAHKJN;0,413793103
479;VCXBDSDFTLMVCFHTLOLZ;1,384615385
480;VCVMIPUTIODYZPIYROLY;1,53125
481;VBUWZZDLGKMJJZGCYISO;3,083333333
482;VBTPITUILOBPIUEELOEY;0,769230769
483;VBSYQFBNFDLFPIWIMVMI;1,987730061
484;VBHWIPVATTFNAHNAZJXP;0,916666667
485;VBEQEQMFEGMCZUQHZNTL;1,166666667
486;VBAMEKVNRYTUWDPVYZUL;0,936507937
487;VAWANZWDJNNRDBGLGHGU;1,37254902
488;VAOMUQAXWKQIZKVEZJAY;0,417721519
489;VAIHOBCVFLTSHXVSYFEQ;0,61038961
490;UZZOVRKQHVUZBMWHJYWV;1,63583815
491;UZXRQCCYPKPQSYVHDAVM;2,428571429
492;UZUZXYEEYRTJFSGLNAUA;0,692307692
493;UZSGFRPWZDXWEQZHIHDF;1,933333333
494;UZQJUOREKECGHQAQVPVB;0,538461538
495;UZOVHGSKMWNTGLQKBKKS;0,916666667
496;UZNATOMMVKCWEMVRJEYO;1,857142857
497;UZDEXAUWOAHLCWMZPRDE;0,769230769
498;UYUCXVOXASUZLKCGBEGA;1
499;UYRHVMAENHIHWULQXBNH;0,714285714
500;UYAHVIHVPCOUIGWYTYEU;2,481481481
501;UXYMJGYTVZKJPFYKDFEK;0
502;UXCXINQBTLSKVUQFZPOV;2,335443038
503;UWYPFANUZWLSGWZSPKEG;1,769230769
504;UWHZBVKKORMSUEVRLFBY;1,642857143
505;UWGBMSAJYRCGLAPPXLRC;0,785714286
506;UVWPVGZZVMVLLHPPWBKW;0,583333333
507;UUXGPPWFWBRRKGHPLPVZ;1,8125
508;UUTDBIWVMFOTAOXXVRER;2,882716049
509;UURWXWAMLCRNZLZPRHCQ;0,928571429
510;UUILXZEIVQOXYOGVOBJS;1,566037736
511;UUADHJANPSNCFCFNRSFO;1
512;UTLVHTRLKUFIUOHCVQCQ;1,801324503
513;UTJJUEXNSRMFIXBWZDIR;0,692307692
514;UTGNWQLSZKUUCRGBUXUA;2,965517241
515;UTAMAKOIXILIUUDPOGQH;2,502994012
516;USUTWPIZSCLTDYPMWJEC;1,394618834
517;USSAGIWDVMENUJJXAQLA;0,84079602
518;USQJGOJTITHAWIRYXSUY;1
519;URUXGWBGZBWZRNABGXJY;2,937984496
520;URPTWSLWRSHNLAIVLSVR;1,8
521;UROHTYDNBZVAASJYZXVV;2,533333333
522;URNBYJDSGMQPLVIDBOIQ;0,615384615
523;URLBVLNZYORZJGATIQTQ;0,571428571
524;URKGNEUUAQYYGUTVTFDW;0,583333333
525;URCPIZIKHIDYZANPZNOY;2,795031056
526;URBAQDNPQJNRWSJVRCCB;0,357142857
527;URABIZNWCTJPUUUAVDAL;0,733333333
528;UQJBGEVFSQVQLKYLVVJU;2,03125
529;UQDSDTLQKWDRJGNFKIXW;0,116666667
530;UPVINQPJYUVGZABYLYOL;1,183168317
531;UPSVIFAAYJCCWXCMATVX;0,615384615
532;UPFATCBBJKFPKKEOGCGK;0,866666667
533;UOTIFHMKVYQPKNOUQBTW;2,461538462
534;UOPYUGWDSLSHHABBEAZY;1,293333333
535;UOHGTXJWHDBHNWBCWDLM;0,285714286
536;UOCFYCZCSYQXEXFRNCUL;1,63125
537;UOBCDNIPFCSIJIIPINUK;3,748251748
538;UNRCVUFWTYQLYKWARSBV;0,214285714
539;UNPWMYNJEKCAHSRYHVTH;2,238095238
540;UNIZHFSKZHSSXGRKMQRP;0,733333333
541;UNILIOQSHCSRUHBNNKWM;1,066666667
542;UNFHUSYIMDEBGCVCBCYI;1,357142857
543;UMZAOMQODAUESKGAAUEW;2,769230769
544;UMTOJTZHVCRLNAKTJUQZ;0,846153846
545;UMNAELIHMTCAYQBYOQOL;0,907894737
546;UMGFSGZJBBGLIBZIEMBO;1,357142857
547;UMFVUIHEDWLPNZLLDCCM;1,214285714
548;UMEIVYIRSJZFHNLGCFUJ;0,642857143
549;ULFEFYDZKAAUMWDESFNM;0,533333333
550;UKTLROHAEQLJVXARBWXX;0,846153846
551;UKPWAPHWOJWSJCVKFHLG;1,076923077
552;UKGASJHPTAFEQFZYANHL;2,136363636
553;UKAAFAAHEOMLQRRKFECZ;0,583333333
554;UJZMOICPWGLFUOBXTRGP;3,615384615
555;UJMRMNZEYEUYUKSGMLHO;1,785714286
556;UIYMOEIHUWBMYMFVTJTM;0,527272727
557;UITVUJHMKXJTAOFBDBJR;1,795454545
558;UINTWJAMACBNPJSJINOT;1,357142857
559;UILQYZZCNGBVBZGNBYUE;2,153846154
560;UIGQNFRDBTFJWWSHLPLN;3,338235294
561;UHVRROCZNXSAXZRMCMSR;3,426666667
562;UHLKSQNVMWTLHVICZWYK;1
563;UHKTJLLZQCQCXRUQSDLI;1,621794872
564;UGYNTZRAMAWLNCGZXXDG;0,666666667
565;UGOIKVVNOYMUAYEVAXPW;0,12371134
566;UGFEQALJBTOLYOYWKOSY;0,714285714
567;UFMYGBFHARHERMVKSYUD;2,214285714
568;UFFQLBECTNYHMYZQVKGE;2,25
569;UEYHDJKVEOFHFJZIBPEY;2,312883436
570;UETDZYVDQKRVBFHYEZVW;1,216931217
571;UESFAYBXVSVZFCSKDEBL;2,345679012
572;UEOXYKHGVZXRLOQRSQFM;2,071428571
573;UEIYVPZVCLGBYOYHAWCF;0,615384615
574;UEHHNHSOXQXYGTIVVGFU;1,66091954
575;UEEMBMPZOOLQOWHQVQOB;0,846153846
576;UEAPLNUWRKEXEUIEQRME;1,428571429
577;UDKPRUODEMESMHJFGFNY;1,52173913
578;UDJBUBGIGPSFWBUIQEOK;4
579;UDADIRWFRJCINLUMBTZQ;1,775510204
580;UCXMMOTLFZNTWQPZXHFY;3,316455696
581;UCMNSJBJUIGQYBZVUZPS;2,157303371
582;UCGTXPCYXRBHZEMKHVGV;0
583;UBQPOYPHUGPROZTESSYF;1,461538462
584;UBNLQVPYEUEDVNXEKIZJ;1
585;UAUALFIGVZMFDRTAFNRC;2,482517483
586;UALOBGYOSHBVQVVZJJAM;3,07518797
587;UACICDJEVZGMGQDFDRFN;1,2
588;TZYBYJBEPKAPWKQTRHDV;2,066666667
589;TXOTKJLSJFJCDEEOMDQS;3
590;TXFBMLOWGGLJZDZALROB;0
591;TWULUFQSGYUUGYPDCRSM;2,461538462
592;TWOQTQWAEBGCBBUZHECQ;3,428571429
593;TWOHGYEQUXLUTDKXGVZF;1,191616766
594;TWMCTYSIMLUVCDOJBQRM;1,666666667
595;TWHPVYOCZKOGWEEWRMAO;3,058441558
596;TWHBIXDJIZCCBERNERKL;1,923076923
597;TWFNYNGSYLYOEDXGCCMG;3,692307692
598;TWEYQVYNMTUNTMLQALSZ;0,666666667
599;TVSULBTUCAUSDGCSGZIV;0,769230769
600;TVKRBAQBTLWZWMWSVMTE;1,076923077
601;TVDTBDGTXGPHVBNMFAOH;2,166666667
602;TUZESPYXLXYKIRIDHXRP;2,357142857
603;TUXGGIAKMFRYPXTZKVPL;2,142857143
604;TUNSIJWQNONYFPDJSYBZ;2,146853147
605;TUJBPMDLXERTWHDLBZHC;2,928571429
606;TUIXWKDRUFVIPSHQEARZ;3,285714286
607;TUGONETOQRGGVIITVKAV;0,277777778
608;TTUELELFBTLFVFSRQGXL;2,129032258
609;TTSPIVLNPZFYBQKYWQJB;1,153846154
610;TTPIOGFBDYOZULNANCRC;2,668874172
611;TSTOCTXGHTNGVPVQZDIF;1,461538462
612;TSORBJFBWNLXTXOVFUZM;2,538461538
613;TSIATOFSOYBXYHJCFLSD;1,526315789
614;TSFSDORJIYOOOBCRGXEM;1,263157895
615;TSAJZFIRNGVFGXJZVQJA;3,294964029
616;TRBWFFNJCKYIPJZVBLNR;1,142857143
617;TQSXWWMQQBFOSJENIVJE;1,681818182
618;TQRXGKBLURYUSHLADPIH;2,846153846
619;TQKNPNMYQABSZWWWPFDE;1,75
620;TQGMTMMMQQFFBVFUUOGC;1,123076923
621;TPUXZZJUEPAFXXMUHWIH;1,929487179
622;TPKCIWCHYZDZGJHSXZSM;1,834319527
623;TPBXQEGVOLLTIBXPRRSB;0,222222222
624;TOXKGDTMAIGKBFIUXJFM;0,868852459
625;TOWDTZJOGJRMTUVFJSZL;0
626;TOKBPLDXZQRPJGEXLYXZ;0,340659341
627;TOJFYAPSUPWYYWMLCDTK;1,214285714
628;TOGOKNKSFADYEOQPJMMJ;2,517241379
629;TODTECPMQBTAHXBKZGWI;3,189542484
630;TNYWSGGWMRAEXKTBGIWQ;2,209459459
631;TNXGXCGOGSQVLVXVSJAS;1,076923077
632;TNGOFLTASSKCPXNSIWMU;1,823170732
633;TNCNTZSHZNNITDYCINWC;2,277777778
634;TMZWFQWMIZXHSRHZQONC;1,785714286
635;TMJLHXLDKCRIUDXGVNLF;2,403726708
636;TMFSEVYLWFNGMPAUSNEI;1,076923077
637;TMFPTDJKOPTVJKSPEVEX;0,846153846
638;TLWEKJESAVGTUIHNOJFV;1,273743017
639;TLTZZZKTFEAQSLCDIEFY;2,27480916
640;TLNXCQEHISPMUESTOROK;3
641;TLLTKMIYXKZZIEKABSTH;3,214285714
642;TLHKPONXAXPMEWLFQKSE;3,281045752
643;TLFBNLGNULKEEPGYTAJO;2,642857143
644;TKRYRCXAZRGQIDBXETCB;0,857142857
645;TKPWPWHJURUWEDOFKXPN;1,857142857
646;TKPIYPAIFHGCFYSUIMGM;0,163043478
647;TKOMLEKJLVMTYEKGOSZG;2,769230769
648;TKMFJQKYZHXCPHENECZN;1,796511628
649;TKKNDESUWJGAZHAEVNYI;1,571428571
650;TKFMABUTUGXQSQMNVUCM;1,357142857
651;TKCEATVSPCWDASQROJLX;1,358024691
652;TJZPSYNEQZKOEMOLJCKS;0,928571429
653;TJLNEAJMFJZPVZOKFATD;1,714285714
654;TIVFHQKLBVJQVKPHFWRK;2,536144578
655;TISNMFBBTBLHDIDNIXOL;0,7125
656;TIRTAGKAYKHZLRRTVUZB;0,777777778
657;TIMUBFZVUQXMJFPDPQAZ;0,268656716
658;TIDJVRMYCDRENRVHVUJO;0,687830688
659;THUXGKEOCBRBHVLPQIDN;1,506666667
660;THODADVFNNKKRVCXKMQL;2,666666667
661;THJUQMKDXAERVSUUCQLY;2,979591837
662;THIUXQOILWJPRVXFOTGE;0,307692308
663;THHCFBWMOZCHNCGNXOXG;2,538461538
664;THAFTSKJQWPBTIAZBQFJ;1,214285714
665;TGXTWKTEMKLAHYIFRUCI;1,538461538
666;TGTKYAROMFPHATEYQGLC;1,230392157
667;TGRABPGEZSLGJZEZJEDW;3,232394366
668;TGPIUSHUHHDQEDFJQODI;1,993975904
669;TGNYVHGABBGBWMTHOORB;1,044776119
670;TGJUCKGLTKMUOCFERSKT;3,692307692
671;TGCGESVYXKNZZOSGQNYO;1,453551913
672;TFUUPZQFNNQNNUDBAYIS;1,664596273
673;TFUJBSVXGFASMQJFXBPC;0,945054945
674;TFKMNILSDMQUNKNCXVBQ;1,715555556
675;TFJDIXPQUWRRWMHBXBFE;1,533333333
676;TFIXNXONGUPCFVYVAGHF;2,142857143
677;TFGBUOFXLYLRWRTMIFZX;2,4
678;TEPVZMYTTWRLKVFAHUZJ;1,685185185
679;TELMWGIQJSZIZHXXSPUK;0,129032258
680;TEGTGOMRUZLZLIBIXETX;2
681;TDOFSPTODGHGYOZQULAH;2,318181818
682;TDLBMYQGUPUHGAAVTVXQ;1,440217391
683;TCNWMDGIXMDPIXSQQRNN;1,428571429
684;TCIGQTZXKANMGJIJDMQC;3,083333333
685;TCEYYAULQVHUMMDCYYKN;2,699386503
686;TBLLJWVBETMECURHNMKY;1,267716535
687;TBJBUXPCYUQSITHHQHRH;1,733333333
688;TAJQCGWPMZVQUVMVXBRK;0,777777778
689;TAEVDMRVCQSXTQTUIFXR;0,968085106
690;SZZCRAHCRLLFIAROWKBW;1,4
691;SZLHVCPJZRQFRAJMVYCE;1,333333333
692;SYVGUMYLQMOVOAWXGVRQ;1,729032258
693;SYLOUNBNDBUYHBMOLJCJ;2,686666667
694;SYLMKRXPIIYZAZVLUKOH;1,785714286
695;SYJLAQJCAWEZJUKEQKPX;3,056737589
696;SYASAXWKJCSRCKIJGEIS;1,593103448
697;SXVXPARDBFJCDUDWZICN;0,666666667
698;SXNEZBWYPITDGKFXSHZR;1,452702703
699;SXMHAXRXIJCPIPRLLXKU;1,851711027
700;SXFXOOFILONTATWXLSAP;3,421052632
701;SWXILAMXFSLUMVRDHDJU;2,142857143
702;SWUBFGFHRTIFLNEQDHSQ;1,416666667
703;SWMKSMTPSXARROQWEVIR;0,230769231
704;SWHZAZYQJMTIOWSXKCQM;2,525316456
705;SWGTVNLMSPGUFEIHVHQQ;0,534482759
706;SWENDEKFXTMSKNDPIUGH;1,709090909
707;SWBJDJAOHCVGTBSBKNXL;0,644067797
708;SVWSJNGPRMREODDRQNSJ;1,420091324
709;SVQBJESBASHUJTWCTNOQ;3,622222222
710;SVEXJTGEUXEKRAUTQVDR;0,420454545
711;SUXOJNVLALZXJQSDOJDO;0,32183908
712;SUQUIFCFWRSKTANPOZRD;0,427083333
713;SUPVCQGYFZYHOPQVHIUI;1,307692308
714;SULLJFJHAKKVEKVRDLQJ;1,692307692
715;STJUPTFSRNYBERRSMTJF;0,461538462
716;STEKKDXESZIJTVAVZIDD;0,266666667
717;SSRPLYQZLTNAZVFTEDHN;3,306569343
718;SSRJISUGIHSSCRASOLJI;1,435897436
719;SSEEHPHRWBTFYHUSMMOA;1,863354037
720;SRONSJYGBWUZPQCEENAZ;1,692307692
721;SRKHEEQZOWNHLJLGPTSR;0,5
722;SRJZGNFDTMNPOPIPNQZN;0,785714286
723;SRDNPHBFSTYSKJEJFMNK;1,62962963
724;SQVWDCXHNJJFLOPPHHRA;0,739130435
725;SQFNVJRRSYMAJDDSFTCR;1,615384615
726;SPUAWCZYCXSGGEYINCAJ;2,166666667
727;SPQQEALFROFZKQJLOXQM;1,303571429
728;SPHRIHLCMVZSNGGLHRCO;1,656626506
729;SPHAKTPCVAXHZCGHZXVC;1,873417722
730;SPCZUFJXRWIUAJMBJTSY;3,285714286
731;SOYGSILUJZAREMEUCYXL;2,132183908
732;SOVAHQDSZPXQYYPXEGHX;3,692307692
733;SOOTNMDEWQSOWKHLVHPS;0,461538462
734;SOLEHIAYXWCJSYDFHNDS;3,432432432
735;SNYDHYOUDLOPCBBTFDPQ;2,023255814
736;SNQCMUOEATGKUIJCNPUB;2,357142857
737;SNOFQMZDHTESKQPSLYBG;0,112244898
738;SNIQKQEKZXWZBNHZISAP;1,538461538
739;SMYNLQTVBHTODVESBWYI;0,846153846
740;SLYIZEEPDAMQWOREARKO;1,096938776
741;SLTXKPARTKRIVKVTFIUX;2,071428571
742;SLJKKUUGPZDQTFNBOUKG;2,471698113
743;SLGYYWFPYOKNGQCNIYKY;1,142857143
744;SLGYJJJSXCNCGXGQQRCD;1,735632184
745;SKWZSLAWEYGOMOFKUHJC;1,294871795
746;SKTBBBOBPEHUSRTRHXWQ;3,721428571
747;SIVSMSPJCAEDHBMBJBIN;2,986754967
748;SIQJHYHVPGEXLAWCWIWK;1,3125
749;SICRYIISWZDZGGGYLSFA;1,015384615
750;SIASTBDJAYRLKHKTZRCX;0,769230769
751;SHLUUIITFOQNRBDWQRLC;2,571428571
752;SHLCHXWHLZCRSTWEDULX;1,076923077
753;SHBVODKZRZHQJKCXBXKE;2,692307692
754;SHAYFHGLWQHATABBUDSA;1,714285714
755;SGTJFZZMZPBPRAGWOCEO;1,571428571
756;SGQWYUQDOQMLWEXUHQBC;1,642857143
757;SGLXJUXVHICMLTWAGFFO;3,384615385
758;SGAOMKCJEAQXGGNRCBAW;1,461538462
759;SFYBSOGOCITJYCMAPGVF;1,359477124
760;SFQXLYRHVTCRARUJREYZ;1,328947368
761;SFPTAUYLEKRNXEOJSUPG;2,773333333
762;SFMRJWSEXXBQQWOPKSMQ;0,615384615
763;SFESNTBWSMKQUFGVKRWT;1,740740741
764;SEZLOCQGUYTOXCTIGODV;3,482517483
765;SEPFIIHKHOERCDAOQUMY;3,25
766;SEJZUAUPLYGRHNSWMRCQ;3,5
767;SDZUMSDFJNZGYLKUPSSM;1,428571429
768;SDXCGYUGXTKDUMHBRDSO;1,383647799
769;SDQQDQOMBCPAWNIMSHNF;1,452380952
770;SDJFSYQKKAECLKKXSLCE;0,4
771;SDEGISYRVOYSGEDJJZWT;1,64640884
772;SDECYEMIBTTJEABRTNXH;0,307692308
773;SDDKYGPLDLIVNOMKSSRY;0,866666667
774;SCWFCFRKWXVAAOUILPZS;1,73006135
775;SCKVPPQUYKNCUPIVJMGU;1,5
776;SBVRYKCPOCNZZNIIZJZH;1,569536424
777;SBUNSQNRICIINRTXCLFV;1,714285714
778;SBIHXCHLZWFKQGHDYBUT;2,552325581
779;SBIEMWDIIXFYGKBXGNOB;0,538461538
780;SBGCZLIOUWYIFMBXQPRA;0,745689655
781;SAWXXFVLNTPGYZVMGDCB;0,785714286
782;SAUGUGEADVEXXTIOYEPI;3,384615385
783;SASAXZEAOCUIPLNNKPGD;1,337349398
784;SANUDCGXBMHHSNNWUGSQ;0
785;SAGUCMOXCYMDPMBYSDDD;2,136986301
786;SACOBZUQEUDMTWUNDAOR;2,384615385
787;RZXAEYNEDGBNBPPIGZZT;1,076923077
788;RZWLKATXICJFREUVGCUL;0,221052632
789;RZLOOETWBODODVUZOPEE;1,462962963
790;RZBGIVEWMOYWNKVLJRLA;0,857142857
791;RYCGCLXBQBKFOPKRGHOT;1,692307692
792;RXRMFLTHHRWWGIBACORX;2,378531073
793;RXPHDGKGVWDAARTDSQJW;1,307692308
794;RXKQWGEWITZELRGIUGWD;0,769230769
795;RXFZQQWUBKJVMONEQPIL;0,307692308
796;RWULCLYNQYEXONXXYIUG;2,153846154
797;RWPLEATDCCZRWXEYJVBA;1,142857143
798;RVKNCMBCWEEEQNPWBEBV;2,164383562
799;RUSQZSWUQJXGNVDKUGUU;1,148148148
800;RUQNQBIZLPOGIBDXNDPW;0,531914894
801;RUPEJQXHQFLUQGGNJSUO;2,230769231
802;RUMVGUPAYNUQWTUVTKNG;1,938271605
803;RTVONQAMANTJRNXUYGIK;0,388888889
804;RTOIDLLWPLYXFLDFFLTL;1,928571429
805;RTJAQAUQYBHESTVUITIH;1,857142857
806;RTGXLFOTANJMQUPYPUJG;0,170212766
807;RTDJCNEPZWIVJVCIGWVB;1,153846154
808;RTAUXQSKEECFSXSRFYPI;0,733333333
809;RSYARIRGLNWKARMGLHFX;2,082802548
810;RSXNGAUUFFIXJIRORSWE;0,307692308
811;RSMTFLNIZMXQCFLYPYPI;1,692307692
812;RSKIXBIMBYXOCROFHMPQ;1,928571429
813;RSHMHSCLPFZJWJCEQJNV;1,153846154
814;RSHBHVPZTXZVOFYAQDGQ;2,341935484
815;RRUIVQLWYDSTOCAABWDJ;1,076923077
816;RRSFNCUFTQBAHNHDKOFU;0,869369369
817;RRIAHJCHLMRUJASKWSTN;1,842105263
818;RRFLSLWMSHYYLCJBFDRZ;2,866666667
819;RRBDUSQYJLEQLPPNVSHR;2,148148148
820;RQMUXRNVNBLEULAAKENE;0
821;RPUZHCXBDWOYKGCZZOKE;1,333333333
822;RPRIHJHSOXRUTZDNRLUA;1,181818182
823;RPMISXXNUCUNYXACPDNT;0,75
824;RPJDAYLGHNSEPVANWKOQ;0,867052023
825;RPGPVFJNBFVFBJUVZNUU;3,076923077
826;RPDUOVZHBWAVNQTLFHCA;0,846153846
827;ROXQUFYSENMXHJBYITVE;2,466666667
828;RONXRGAPEURISSFPTWUB;0,733333333
829;ROJZLUTEBKJIWUZWGKWJ;2,230769231
830;ROFIIUIBMBOUZZISRDBQ;0,698924731
831;ROCOLPVSARLKCZLAWWZS;3,081632653
832;ROBOEBCBQGBJMWWWJHAG;1,004926108
833;RNRSSFVMJJFPPOYAAYOW;3,214285714
834;RNKYMVMXQBIIUQUFHOIU;2,932432432
835;RNIBBLLGDJJFAYAKVDYK;1,8
836;RNFLHIUQKAIIBROIPGUR;2,769230769
837;RNBUJVRCPXYRKJWFONJN;2,39869281
838;RMWYLEUUOXKILGKXARKM;1,179245283
839;RMSINWTTLQVAWKHWXQBN;1,142857143
840;RMLRHMSHOHXZUUUPHYFL;2,307692308
841;RMHGZABMEQCXSBDPHWSF;1,135416667
842;RMFKMTFQNVVPDUPQQBXD;2,93877551
843;RLWLUVFDIVPGFESSPAZG;0
844;RLTOSUJDNMXYYWFYZAMB;1,285714286
845;RLQRVRGKGKTHDNQENKBS;2,333333333
846;RLDFDHHWHJATLAAARQSU;1,508287293
847;RKMBGAOPSMHDTIIZDYZM;2,133333333
848;RJVPLMRKVQPJLGZBVMLC;1,04375
849;RJUSNVNLZWJPAQWPASVX;2,285714286
850;RJNTUDHWWWWWWEDFUAWD;2,5
851;RIZEWGMCTAKJOKIMEXCT;1,831325301
852;RITVBXSZOIPOFUEEFPPW;3,466666667
853;RITLRXRXYSNLYWEGZBOY;3,827338129
854;RIGFZTUSIRWVMKWXPRPN;3,531468531
855;RIGABEWYYNNKUCYLSMNV;2,583333333
856;RHTAUUYESGHMPYERKQES;0,444444444
857;RHOHFNDCHQAPKZMMLDMR;3,787878788
858;RHABUOKXPHQBSZXFFPVR;0,916666667
859;RGYQIDRYLMIQQSPGHHVG;0,923076923
860;RGWPZUWDSZFYNYALRKWR;0,307692308
861;RGKLOUKIILJQKAQUZAZP;2,179487179
862;RFVEEGXAJCESOVIMAROA;1
863;RFSYAJWAUXXNOXIIBMCQ;2,449275362
864;RFNQUIRJLLPKJPEMNCNG;1,928571429
865;RFCHEZGXWZGNTTBHBLZF;1,071428571
866;REZBWPWOAKNGOWKKKJTG;1,509933775
867;RDUQXIMVMZTVUPRGVOPE;2,320512821
868;RDGPIGJXYROSESBYLNKH;2,525714286
869;RDEKUEJGXYSHYLKUXLRQ;0,615384615
870;RCVEUCXPDFJDIRDHQNVX;2,598726115
871;RCCXIWSJRHFKHXBKZVSA;1,727272727
872;RBYMNGYETNLPEBPIOEOQ;2,151162791
873;RBLTTRTSFYEHWPIDXYLN;0,444444444
874;RBHMJNHUGULLLHFFRVKH;2,624242424
875;RBDOVTBIWJGDNLTTGZUT;1,341463415
876;RACCNQUAEQDMKLUUOMRG;2,444444444
877;RACBYDNILQXJSJIQQBXW;0,990196078
878;QZZVHMATPPIWVKWPKDSV;1,941558442
879;QZRMMMUBCEVHPRHSQRDN;1,924855491
880;QZKZNICCGOECUSGWRBGT;3,769230769
881;QYITAXWCKKGRTUJGJSAR;0,615384615
882;QXVNYRTEFFSFZHJGYXNJ;0,666666667
883;QXVJYICFULMITZVBANDS;0,714285714
884;QXUPTWCTVWTUQSQGPHLB;1,874213836
885;QXQDVPIFPESNQKBDJXRA;3,142857143
886;QXLGPDXNVUTCWIKDPLKE;1,846153846
887;QXHTYICJOISXKICFEOFD;3,828947368
888;QXGOXBRZYKIUQOSGOION;0,779220779
889;QWRWCKSPWDBVXGWCBTNP;1,48125
890;QWGHGZDRVZTWSENEXMKB;2,075471698
891;QVGDEGVEZDUVDCYTKOXF;0
892;QVEYQNZUCXGUXXAXYZUI;2,42384106
893;QVAFBAWTVCCPFLJCCCXZ;2,142857143
894;QUFIXALLYMDXFLZSWEAH;3,025974026
895;QUBUCJTNQQZBRSTYFWSO;1,8
896;QTUMORCOIBWINWYEHOSA;1,642857143
897;QTTLROVBLLRSKBZXFABN;0,866666667
898;QTOSOTVZOSNOUGUYJLYW;1,428571429
899;QTOBAODJASDJJJMQYSTI;3,108280255
900;QTNDEVLQGOFKJAJJVYKE;0,944444444
901;QSWGTPFAIPEGXEYZTTCA;0,4
902;QSRRYKAUNERTCRBEYGVL;2,428571429
903;QSRLAEFVVYHDABEHJMEO;1,938271605
904;QSHKPMFKWWPBYICDVTMO;2,307692308
905;QSFUGNJEVYWSDWZHZPZF;3,769230769
906;QRLFMBJWWSUZRRIPHEJM;1
907;QRHIWNJGGAVQNNRYKVEH;0,307692308
908;QRELBBLSJGWJRDGNHUSE;0,846153846
909;QQZMEIMZNRTJHVKCKFEN;1,076923077
910;QQEXRFVINISFRGFLKGUX;0,538461538
911;QQEUYKPCBCNXASYCEBRI;3,71875
912;QPLJVQIDDPJJNZABOXHF;3,188311688
913;QPBCSYKDGTZVDDXORVPK;0,953757225
914;QOQBFWUHIJQZMMOSCATM;0,230769231
915;QOPJTAIDCSGOQDHZDZAU;0,954385965
916;QOHMXTAMZMLKRNOOWUJX;0,846153846
917;QNXESZRUWEUIXUWKMIGT;2,230769231
918;QNFPDJMKHJTRMPVXBNXD;2,263157895
919;QNAYNRNMXULGHNMURGRP;1,923076923
920;QMVNPKANMZLQJUREQLVD;1
921;QKVRJRSPZIGZENIMBOHZ;2,115151515
922;QKMEDYSXPPYSBERTKRDO;2,974522293
923;QKKHHNXIOPMTNWFTTPEA;1,771604938
924;QKCRUJHXVYBFYTAYJNDY;2,135135135
925;QJMMEPEAOLVPNQGIGYVM;2,076923077
926;QJKJCVDKJYWOTSBMWNWO;0,230769231
927;QJIJUSUVPIYVGSMQVRWA;1,615384615
928;QJHYSZCJLYVZIXGKDPIV;3,153846154
929;QIROIGKAASQBTHVHIRAH;1,076923077
930;QIGQBGPVMMVUACRYAFNT;1,980645161
931;QICRBORQDWIXSDYGHCHX;2,851851852
932;QIBSLPOIFLHEHFZFMFNJ;0,47826087
933;QIAKCEBKJCOYJZQRNELU;2,923076923
934;QHQAUKJVAEITPABUPCZL;2,330882353
935;QHICBOGEPFAWKQVYQQLQ;1,6
936;QGQYZQHCOLHTKBZEQKVN;1,428571429
937;QGDXKEBYTEHHEVPSODDX;1
938;QFVJXLMQYHEQOQYUNGLT;1,583333333
939;QFDTACPYELRVDMYPWWUH;1,076923077
940;QEWTPGOTTVHBQYPGTHCW;0,615384615
941;QEVMVMNKJZFDPFJOBQIQ;1,308333333
942;QETVYVGFKKGJWVSGSIKI;1,153846154
943;QETDUUDNMDTNBLHWVWVJ;0,461538462
944;QDYSWETDZQJAAQMJLZYB;1,74566474
945;QDYORVRERBQYKRQHQBOG;2,333333333
946;QCZQPCPMBARIECLSAAJL;1,857142857
947;QCMMDYCHAVHIGEKHSBKV;0,632352941
948;QCLPHLYCRYQDUHYNOHWJ;2,733333333
949;QCHTFSHOGUOVXOUVULJP;2,673469388
950;QCCOKCRZMXBMLUHVCWGY;3,153846154
951;QCCHLRPVOJJWZUNBAIPY;1,14379085
952;QCBONOFPYFMUAFBRJSYN;2,846666667
953;QARQBAVJYUNTCLOPPJBW;1
954;QAKTZIEPNWMBUXFXFKYX;1,461538462
955;QAJWYOVKLASDWAVLCGNG;3
956;QAIBWKNXJGVBSOMOCSSD;1,857142857
957;PZRAEQXHGJZCZTANXWZN;0,659836066
958;PZHVKHXDYBQJNJDBVMED;1,615384615
959;PZFWRTXLBEWXKLQDKBOY;1,886227545
960;PZDFXJIFYNAZFOOEBPUL;0,266666667
961;PZBGZJBUFQWJVUMCNUUW;1,214285714
962;PYWYCZLRGSPSQPDFVSHV;3,021428571
963;PYTBPOUKDBQTILVMZXTT;2,01754386
964;PYLPSLNMJIDVYSYFBTWV;3,235772358
965;PYAZOETFZBSEGAZUSNOS;1,857142857
966;PYAWNKZEBDDLCWZYDAQF;0
967;PXZKFPPEKSZJORCDVNLJ;2,428571429
968;PXXPZMIFLUKJSDYPGDTC;0,657534247
969;PXSSFWNRIUKDHHJAPRGS;2,642857143
970;PXNEKXGUOVQOIDQRUYGL;1,778325123
971;PXAPXFNATKREWDVNKZGL;1,538461538
972;PWUZWANRZQULZMIEAGPK;0,538461538
973;PWSIYXWWPAOETQACTMEH;1,357142857
974;PWGZOYKBIHAEGNIKGKCS;1,066666667
975;PWCWSIDLADZJHDIMFNRL;0,426829268
976;PWBALTIHMSCUXCZHGMHG;1,61452514
977;PVYADAQAYCANTLCRLRSG;0,5
978;PVRPIDBRBHUOVDACTVVU;2,846153846
979;PVOPARSUGANUMXDGBOQE;1,042105263
980;PVAISJMOPMFVZVDPKJSD;1,932515337
981;PUZOIWAHHRGBENQFJWBR;1,583333333
982;PUQBSOURBHIIICATYQLB;1,132911392
983;PUCZIWUNUDEQFGRPVEOJ;2
984;PUCHORWGSJASYRNNEJNG;1,428571429
985;PSZFRVMOABLXCCYQTQSF;1,814371257
986;PSNSXOBXBGUTTZZWWCEA;2,279503106
987;PSLPKOURTZMXVDDXRRWP;0,240506329
988;PSHODHNVRIKOCLZDQVBW;2,472049689
989;PSHNESDUPJHPUVHFKDBO;0,513513514
990;PSGEIIFUZFRWHYYUVEGB;0,928571429
991;PRRGPUVCUQIIAOSHBZKN;3,2
992;PRKRMFFRXEDXQGOIGZZH;3,153846154
993;PRJAHNRGUPDXZYHSGLAO;2,8
994;PQZCVPZXZHDHMGZMPBUQ;1,773809524
995;PQVALKRUZJAQGPVZOPWX;0,461538462
996;PQNJRAPXWUXDPKCFLJUM;0,175675676
997;PQGARVZBLSKTURIXLQAQ;3,357142857
998;PQDXUZEFJHJMKLFCCUQB;3,322368421
999;PPTOYHZHENPNCGOKDJZA;3,642857143
1000;PPSYGVBKTPDOFHMGAZOR;0,831460674
1001;PPOBUASSSDXXOURZFZUO;3,838235294
1002;PPIAHIGMORVZJNNNRPZM;1,659793814
1003;PPFZSXTUZPLRWUHCZPEP;1,960674157
1004;PPDMDERAFBPQVKMCWXRY;2,425
1005;POTOGOWQSVSSHMGSJICV;0,877862595
1006;POPMEZENOSJRILLKAXOQ;3,692307692
1007;POFLZATXTYUMOUKONEKC;2,484076433
1008;PNKXNFOWTZMMQTBQCZYM;2,428571429
1009;PNDUMLUSKZCSXCSAIYIJ;0,769230769
1010;PMWRYFXXNWFVQFDUMMNK;2,516778523
1011;PMVOUBLUEDCGMWUJRETG;0,928571429
1012;PMTQMTIDVPEJBCKWVRYC;0,272727273
1013;PLXRUXNJNMLWZLSNJJNO;1,608433735
1014;PLLYDNJDDSFKQERPZAEO;0,285714286
1015;PLHQEVBGJQPCNKRTKFRQ;1,068493151
1016;PKZUNWAZLIQLXZYMNCZP;1,465838509
1017;PKYHBJDXNXAHVDHFQECU;1,573099415
1018;PKSUBZLDZDKGZGIOGQHY;2,117283951
1019;PKQYJJXBLOJUBBDRQCYR;3,095238095
1020;PKPOYOJWRVQLRKWEDKGR;2,558441558
1021;PKNCROABKFJXCXLFFRGJ;0,461538462
1022;PKHUEFPROWZMFGIQIOPP;0,785714286
1023;PKHJXNLQOODTANEXRGTF;1,8375
1024;PKFHHIABVDKFMBJTTARL;1,085714286
1025;PKFBPIYNHLEFHRFUSJZG;1,142857143
1026;PJZMXVDXPOEJWXNSAGWB;3,310126582
1027;PJKFLFCQWDPWBMFPMTOS;1,643312102
1028;PJFLAICPBADFDLHCIHPT;0,714285714
1029;PIZDREWRSIKLDFKIUGNZ;1,785714286
1030;PIOOBCKNSBCYZUJAHZAR;0,769230769
1031;PHNKYAJMFCITKMKMGUUJ;2,814814815
1032;PHIBEFKVQKXRKVCGDGMI;1,14507772
1033;PHEGDBXXFSZZHBYQMFPU;1,409574468
1034;PGXJUCCAEURRWHUGMMKC;1,076923077
1035;PFWAVKRRDRLAGBHOJFBH;0,655172414
1036;PFUALXTRXAVMREOJPIRW;1,923076923
1037;PFTSOFOJHXSYYXAFVZDK;1,538461538
1038;PFPOLHIHFYELVWJKKCXZ;1,343589744
1039;PFFSOBWFHFMNDGKOAEVY;0,846153846
1040;PEYODEQKFJFAQVDLGUCK;0,716216216
1041;PEXIEXLWGUVDDOUHSFJG;1,751412429
1042;PEVDUHGPFOUPYNFAQJVP;0,487179487
1043;PEUMVAFACXKZUKNBJDVV;0,769230769
1044;PEDNHXMOPROZPIMXZZVH;1,538461538
1045;PDZOAKATYGZYJQHTCIKD;2,6
1046;PDZJWOJFDYZARFWWIXYE;1
1047;PDXXEVSMBODNAGIVYNXZ;0,506024096
1048;PDRIFPXSMZXZWJSHVTCB;0,615384615
1049;PDMOJLTCQSHIPALPSCEK;2,097902098
1050;PDISHOCFHCXYEZKTKVWE;2,859756098
1051;PDCRLONNZWASEFAHSNYR;0,928571429
1052;PCPSCXALNOLJGZZRSUUY;0,917475728
1053;PCKMAGRZZQVYYJORDLXJ;4
1054;PCJRETNQXTGNWAYPPGCE;0,776315789
1055;PBZGCAIQDFUDRYQLFXDG;2,322368421
1056;PBHUOEVXGTJLYIOIJYBV;1,571428571
1057;PBHABYBMCPBUUYAEUKNL;2,5
1058;PBFYQQDAVBXFSPRLKBPN;3,365517241
1059;PAZCZXOTVXIJCXCCWART;1,460227273
1060;PAWCKPFJRZGNTQZTJEKC;1,857142857
1061;PAHSWUUXLXCKJMRLOSKP;1,787356322
1062;PAHBNTAXJFYKTEDFWCNJ;0,428571429
1063;PAEWJSWLPIOIKXKGDEBD;2,076923077
1064;PADESQOXVDTEBFYVACOX;1,266666667
1065;OZTWYRIUELRKWKRXFDPY;1,688741722
1066;OYZQBFBMBLXCMJNVIEHK;2,594771242
1067;OYNRGTKPYSWSFJYQOKEJ;0,19047619
1068;OYBTUCZRIWJNQLCAGQQV;0,851851852
1069;OXYDMPLVDZLTIXLFNSJO;2,703947368
1070;OXNKUXXULLJOBPUHPRRT;0,4375
1071;OXMZNVZESGGMSRLFNLHR;2,864197531
1072;OXLPRCOKROQOJLBYIGCA;3,204081633
1073;OXALUWVMRPQGQIVNOLNP;3,161971831
1074;OWSEBXTEKDQYRJRLGWOC;2,779220779
1075;OWRSDTNNNKBMQWEWGSVX;2,041176471
1076;OWEWWXNZIXMHCTDKXEKQ;3,791139241
1077;OVNOICBOOZLQLQTHSBPC;0
1078;OVLSMQRQWXSMTDJIPBTX;1
1079;OVILSSREQCFJLUNESIVM;1,812903226
1080;OVIKHSJSXJXYMXEWYXGK;3,074074074
1081;OURNRPVKPIJROBAXFIYE;2,038216561
1082;OUFPJTQBWQNUNIYHCMNQ;0,846153846
1083;OUDOVSZFYLCJKYFJUAZY;2,142857143
1084;OUARDDAICDHZZAFUBTQL;3,076923077
1085;OTXSHIDUSUMYFUDJGBRP;2,710691824
1086;OTTOMCXDNBUYOYSNJJME;0,918660287
1087;OTSPXNLINMDTJIINMRWV;0,583333333
1088;OTRVRASVTTEZSUZZLYGZ;1,333333333
1089;OTHGEAKNVTXHCBYKOKKZ;3,5
1090;OTDHUCXWSEONUUDMRBKY;1,866666667
1091;OSPSXKNYIKYYZWUUPKQU;1,307692308
1092;OSMGHSBZWCXIXZBHYEAB;1,384615385
1093;OSKZNOVFNAUWKKVAZCCH;2,01754386
1094;OSFQHDIJVQUYLPWRYPRK;2,353741497
1095;OSDUDRFCNYGCPCXLLNRN;1,647058824
1096;ORTLMVOLRBAUUNYMODZI;1,964285714
1097;ORMRMYTRMIQIWWAWBNDY;3,0625
1098;ORJRVGUYEAPHGQDPTDYE;3
1099;ORIUNTJWAURXCKUONEAE;2,215053763
1100;ORCVYGSLEDSPEVIGFAQP;2,214285714
1101;OQSYFHCXWOQSEZKKJBPD;1,538461538
1102;OQQTPKWMGCDYYZDPCOQK;1,961290323
1103;OPZRQMCQBUZDNRZKNYND;1,196531792
1104;OPGYFICQNKXVKYWGDSVP;0,946601942
1105;OPFZLWOMOQJBAUSEUSCA;1,076923077
1106;OPAMMRCHFULGEEGIFEXJ;2,203703704
1107;OOPPVFKYZPXAQDLTTHEP;1,564971751
1108;OONICWVJQUULNETGJAGO;1,857142857
1109;OOMZXJLXMFGNBHQTJZGR;0,461538462
1110;OODJPPOUWZQOWDNYQCDM;1,894409938
1111;OOCKCBYKSGSAZUCKZFEZ;2,666666667
1112;ONZVGCGJYZHYKPKUZWGD;0,714285714
1113;ONXDAKNRTKEJTGDSDCHK;0,230769231
1114;ONWXPCKFEMZZTZTGDJHN;2,176870748
1115;ONLDDAFGCRXZBLXLKNQQ;3,96
1116;ONEHMEGPGZHQUMQBJGHE;0,571428571
1117;OMRQFHVECWCGYSJNXEJU;3,189189189
1118;OMMJSQYDGAQCSPMWIDYL;1,475336323
1119;OMJTSMLIYFYPBYAFWHCM;0,923076923
1120;OMILNAYISAVPWWCAFZXK;2,586206897
1121;OMGQTOCYWMXNWRXMOAMR;1,729281768
1122;OMFLGZOGXWWSINEHKRBJ;1,923076923
1123;OLHKIWBPGGRLKERSLSTM;1,071428571
1124;OKVNBDJZKMWJUBIKYECF;0,5
1125;OKTXWHLJLTVKMXCLRWKU;2,463768116
1126;OKSSVLUVUFMLWKRONEJW;1,643274854
1127;OKBOTNGPXBHHFCBHEYQT;1
1128;OJUWIXZVCDMLJMMYLHCZ;1,384615385
1129;OJRCRCWINWBVRJZXEKXM;1,461538462
1130;OJGRKMRBVMZGMVQTPUGT;2,262068966
1131;OJAISTMWSYNNRVOFVXMA;1,974522293
1132;OIUULPPOPXMVADCYGZYL;2,271523179
1133;OIQXNQYSDPYLVFFBVHWX;1,611111111
1134;OIOGZKSMJCIZBVMLHJBC;1,230769231
1135;OIOGGTTQFBORRCECHECI;0,435897436
1136;OIDCMAPAKHBUIORPFQLO;2,615384615
1137;OGWBCSGPKQBQOFXVQZLT;0,581395349
1138;OGVJHUGVVZMCIAEYMPIX;2,378205128
1139;OGTJAUKIINYVXXHHXUQZ;2,65248227
1140;OGGJIHEHVJBEODRXOSSG;1,857142857
1141;OGEHZABIHOVFMIBGYQEJ;3,228571429
1142;OGCUGGEIOCKPSBNCRPAT;0,461538462
1143;OFWFYAEDBJWHDFSPIZCQ;2,846153846
1144;OFUUQPVXSNGGWEQFRZFF;1,538461538
1145;OFPOTOBJRZKEFRUDMSJE;1,923076923
1146;OFMVSNMZQAWBMPJUPNUO;0,533333333
1147;OFITWMGIUMQJXYYEEPTI;0,230769231
1148;OEYSYFKRTHAKLKRAAVAW;1,066666667
1149;OEYAJLQWJPMBFJKDLRUV;0,662162162
1150;OEXMSMZDTPYQJHYKWIAX;1,130434783
1151;OEAUHNUDDQILLCCUBOBT;3,333333333
1152;ODXGSJSTYVKSJDYBMSXV;1,933333333
1153;ODVLDMOJWCNNUWBXUJNR;2,454545455
1154;ODQDESNQCSGLELDEILRC;1,561111111
1155;ODPKIYKIVTCFPMFTFCKT;1,881578947
1156;ODNRAZPDIHFLBULUAEFN;1,692307692
1157;ODHEWPRTECZUBJBBCZVW;0,594936709
1158;OCUBNTKXFVACFGCNAHYF;2,266666667
1159;OCRGJTUVBHKGVQUHIAIE;0,615384615
1160;OCOJCKALMXSGMOINGKQJ;1,772277228
1161;OCOBRTSWKRMVLQRMTXUZ;0,666666667
1162;OCFHUPBDIIJOARXJDMHM;2,110429448
1163;OBQHRUOAINWWTNUFDSUC;0,790123457
1164;OAYJQBCMMSUMVLJRDKSK;2,858108108
1165;OAYAIBDDKSKBQGBOMOLT;0,307692308
1166;OAVWUEBQNEUGDQIOVFAC;2,886363636
1167;OATJBYKWRUTOKUNHJJSX;1,254901961
1168;OAINSWPZEJOBPGAEOULK;0,870588235
1169;NZHLHTVAEBCFMOUICQYF;2,452702703
1170;NZFNZTVGBDXEBNPOMOTZ;2,153846154
1171;NZCQWHMSXCQTUVWHMEIO;0,618421053
1172;NYQRVOBPKYNBWHJIFFVJ;1,863945578
1173;NYMZAYVMROPNZBQKIZYI;1,692307692
1174;NYDJCVLEAWEWJQFVDNKP;0,739130435
1175;NYCSPFYPXMIIBKULEJDT;3,153846154
1176;NXMNAVTYKKYQLLJVGOBZ;1,615384615
1177;NXIHTYZLESOQXJCGDBSS;1,2
1178;NXDIDCJZZMKDGQZAHKII;1,298013245
1179;NXBSXKQZJLVQQRUQHZRR;2,40625
1180;NXBRQLKYYYJANARKUNVE;1,923076923
1181;NWZQXUIGXALWRLSAWJHZ;2,307692308
1182;NWQUWDVGRIJCEZCDNTBS;2
1183;NWOVBHEDVYHAYODWTTDG;0,846153846
1184;NVFHDYCYCXVIMDKJPKOL;1,932098765
1185;NVDLETHCFNAXNVUEYJCP;0
1186;NUZHLRGEQITZSSAPVSTJ;0,846153846
1187;NUQAQFOZMWUEPTLYEIYQ;1,153846154
1188;NTZVUHOIMCMEMJBFPNSX;2,193548387
1189;NTVGNWTJSZNQPGLAOUQT;1,615384615
1190;NTSMLCWWLCUIROUVNRTA;1,837662338
1191;NTRDKVSSRHNTIVHOAJWL;2,714285714
1192;NTNPFMONWNDEKHLWWPAV;0,5
1193;NTMOQYOIEDPGHYOOCOBJ;3,9375
1194;NTKKTWDQKRLTKYSHVYEA;1,4
1195;NTGXNRHYHWYUWTVIBANS;2,814102564
1196;NTFAQRHWEGLFSULXSFIS;4
1197;NTDJJUJMRJLVPOIJLVQH;3,363636364
1198;NSXYWLMRBMASEXUADBUC;0,571428571
1199;NSWYXZXONGLEJZKORIPR;0,615384615
1200;NSNEVXYTFCAECLAMGJJC;0,923076923
1201;NSEUNOIVXTMFSHWXKFYL;3,166666667
1202;NRTNRYTAMPKNQBRMHXYP;1,166666667
1203;NROZQYSUNZODFGPMNVYM;2
1204;NRMECMHYTYUNDVJLXRWU;1,214285714
1205;NRJYACYZUMOQNRPDCVQO;3,307692308
1206;NQOWGJQTWUNLWWIIKQKV;1,307692308
1207;NQLEXHAWOAOTKEQSPIPC;2
1208;NPVOYGHDCSINNHNHLDSQ;2,923076923
1209;NPUGKLDCXVEPMJNASBYN;3,231292517
1210;NPJETNCGJSKNXEMYBMNS;2,571428571
1211;NPFSPNGYFEWVRBAVHXFR;1,544303797
1212;NPADFQIPAFKYIVQLZPNG;0,538461538
1213;NOZETSFVUXQAPLBPYFFC;2,061643836
1214;NOXTKEXFXTZJDTXASBAS;1,076923077
1215;NOVWCATRLNIOOBXKSLVP;0,835616438
1216;NOQYJSTIPHEKSCKPCGJT;2,671232877
1217;NOKOMPGHSFHKEZGNUCSL;3,5
1218;NOJLYISBLDPYSKGWNUID;3,202531646
1219;NOIYUWALBIIPAESMIRCL;1,571428571
1220;NOCYOFXUOEIMBAYMCDJT;0,857142857
1221;NNWKTEMZKUWIAMTKXADP;2,254658385
1222;NNFRBZSJYNZBJNDZLKWV;1,521472393
1223;NNEEHWYUHBVKKZRNOKBS;1,227272727
1224;NMKHTSKYJQNMXBTLEIVT;2,344155844
1225;NMHYLSEPBPNDMBLEDVIE;3,808823529
1226;NMCYWQQQEYUAGREGXAYB;1,714285714
1227;NMBSCHQXWICMARAPBUEG;0,068181818
1228;NLORVBYVVXBCDSPIPEVT;1,660818713
1229;NLIOQECUVMFMKEIOFRUC;0
1230;NLHZFRRMWKYNGJJHKEKY;0,846153846
1231;NKXKTZEQGAOZANLWGBWG;2,649635036
1232;NKKEVRWVAOVRGVSHRMXQ;1,2
1233;NKFYNGUXVJDGDDGWDMCZ;3,503496503
1234;NJUFXGDCRPTNJTBLRVQW;2,590909091
1235;NJTEJJHYVQIBDBJCJCHJ;3,548611111
1236;NJHYUIZBSMBOYIZONPTD;1,289617486
1237;NIZDUAJZGMIEFEEZAKUS;3,083870968
1238;NISISVBWLLCPOQIERVOM;1,373134328
1239;NIHHSFAWLTLVGMLXGTFJ;0,714285714
1240;NHZUSAIQJLCDONLGGJXG;3,230769231
1241;NHXUOHFYQKGKDQUQDNUH;1,027777778
1242;NHRFQFCGATQEUMZGLVKI;0,714285714
1243;NHNJQFGNUBIFPZKLMOOP;2,846153846
1244;NGYVSXZDXSEGHYHJKKHA;0,846153846
1245;NGXMLXOAQGQEJWIJZGSS;2,916666667
1246;NGVTYAOAXTQCFNRYTYVG;0
1247;NFXKRCBSJVXBRYNHJZKK;3,230769231
1248;NFTBRNJCAZLVFSFTFNIN;3,305970149
1249;NFKIWXAIALGRVRXXWOKF;3,461538462
1250;NFIQCOUSRZDAVCTIGWOO;1,254237288
1251;NFDSIBTYJLGQUQEKZTWL;1,171428571
1252;NFDHPGKLQJIBCOXMTUZC;1,866666667
1253;NEZBIGMPPCESQWUWZIXG;0,5
1254;NENUWKKGAZDXSWYNNXJZ;0,307692308
1255;NEFCBEHNDOHJCAIONCUZ;1,5
1256;NDZMTGOWNOPOAFUVMENH;1,066666667
1257;NDSMDKPHOSUJPKQSKIZP;3,428571429
1258;NDQMLUOXFCQERMCWDJZX;0,537037037
1259;NDMCBIJBBUSORGBCEALR;2,201219512
1260;NDLHUZMNABEOZMRYYVHP;0,62195122
1261;NDJXGHVOHDIWTOZCOGBR;0,769230769
1262;NDIKVZIXEHYGYYKEOADY;1,548571429
1263;NDHSPWULSJKASCKIFTXT;2,071428571
1264;NCWVXPJDKVVUOXLACPXR;1,885714286
1265;NCSEFSTQUMMFFMPQACLX;3,538461538
1266;NCQIJUXYARCBCANRQGBG;1,384615385
1267;NCNFXUILVAFZAZWHEBCJ;0,769230769
1268;NCLFNLCNKJCHANTBINZW;2,857142857
1269;NCFPGFABFDFLLWQYYQNG;3,026490066
1270;NBWKIATAQFSYCUESBPFT;2,5
1271;NBODHKGEYBNJAOXIDURY;1,795918367
1272;NBIYKNBWMNHAASSPSGBM;2
1273;NBFWJZMZZLKWZTOZDQXB;0,79144385
1274;NBATVLBFVLPFWNIEBISJ;2
1275;NAJEISUDLLVJINBHPJSZ;0,846153846
1276;NAIJOIAQNWHZANUGSENL;1,208860759
1277;NAGYMGLQGYOUTQAMCCQT;1,872340426
1278;MZMQYUGFBGCCQNKNINZP;1,354651163
1279;MZISUGEFVLLAEGCYKKKQ;1,615384615
1280;MZIAVTCRGIZAZQYVUVMO;0,642857143
1281;MZFGJEJSIUCKAPLLVPUE;1,428571429
1282;MYYJEHMJSTLYYZGITLRL;0,406593407
1283;MYWBAVBKSCOPMZHFBQEL;2,701298701
1284;MYVGBZKSGARJGVOLYCIE;2,222222222
1285;MYUMZONYGXBRKRUXPCTE;0,461538462
1286;MYDBLLERQYSKBRYTMSTC;0,769230769
1287;MYAUGQYSQHXSMAOEZIDG;1,190789474
1288;MXTLRVEBTGKEDCWYDPRR;1,888888889
1289;MXMILUNMZMFWAVOPUPWE;0,461538462
1290;MWKPTYNYJIUVIAHDMVCB;3,307692308
1291;MWGHREVOXJGFAUMOMRRW;3,235294118
1292;MVWFOANJWNAADQLEJRNT;1,428571429
1293;MVSNGCVSDFWAGQFZNAEN;2,692307692
1294;MVQXUWJICDHJEOEFEOXX;1,75
1295;MVNCRSUJPBSCXDLWWMKM;2,453551913
1296;MVKZXXKDAGVCMTSASUKD;1,214285714
1297;MUVNZBFBMQIZDNYCJICE;1,846153846
1298;MUPTTMHNMPZKKSIYBBQF;0,914414414
1299;MUKYUMQLDCPRUBUDVDRY;1,307692308
1300;MUJQLYBDLFEQHFRQCVGB;2,080745342
1301;MUJCSGYMISPJMINGRTFZ;1,076923077
1302;MUDLIHXNUDMEZLDDHIEJ;1,583333333
1303;MUAARKGBRCWIPHJKHUWA;1,533333333
1304;MTLKPKQLLLSIFSSPPSWF;1,961111111
1305;MTLGWLZTWJZZEUVEPMDV;2,45323741
1306;MTJFUAFZCSKAZYAPDAVT;2
1307;MTIGVCZEHXPROKESIGTA;1,85483871
1308;MSTAXTMQLTLDUAMHSOOM;2,30994152
1309;MSPRZEMHGUNBUKKAAQOM;3,166666667
1310;MSBCQGXGOPGZPBQWLDXR;1,687898089
1311;MRVILWAZMSGIUGIUKNXJ;1,214285714
1312;MRRSSRGDXRNQVFQHJPVX;1,214285714
1313;MRHQHUMLIZLDGXFPSQHG;1,741176471
1314;MQQWIVODCMEPUBTSYHYR;1,5
1315;MQLLVETSXOLTNPEYAYDM;0,333333333
1316;MPGSYMMHMDWLSTJTABRX;1,393939394
1317;MPDHAQPKHALOBMCETYBS;2,621794872
1318;MPBWUISFKHXZCDAZOVIL;1,375
1319;MOZZFJHJNFJGABXJEGFY;0,155844156
1320;MOSJBFCEFQIFLWPRFZHA;1,461538462
1321;MOCVZKKYXIVTHMIQPVDV;2,927536232
1322;MNYGPUXLBJVBDGLIAITX;2,615384615
1323;MMRMCZJUAGYVRDQPIVWO;1,554945055
1324;MMKHKMTTFSEUAHRNUBXL;1,73
1325;MMICXLJXKUNMPCYXVSYE;3,538461538
1326;MMGNQRQAEHKKQKZWQZNG;2,18404908
1327;MMCKUJJOILRFXTWCOKPC;1,214285714
1328;MLXGIECRTUJWJGIDLLHB;0,202898551
1329;MLMCSZLYGWRRIRAYIMMN;2,923076923
1330;MLCARSDVRBNRPPJNSSTA;1,548913043
1331;MKMZKNQQQWOXYNSRONJC;0,5
1332;MKJBYXSYQLJUJNOSTXPS;2,387096774
1333;MKITDNWAECJEVYPBLZPH;0
1334;MKEDISJEIQWORWVCSWXM;2,503496503
1335;MKBQOSFMUMRZOUUMHHPE;1
1336;MJXKGIDLUDCOPQHREFUS;1,428571429
1337;MJOEIDKFZIUSAYCXHRTA;1,846153846
1338;MIWZZKUSKBFZRDLLIXVT;1,714285714
1339;MISSLJBSLJLDEMAEBCBK;2,681481481
1340;MHVZMZRDHQCRPXRZMGGP;1,142857143
1341;MHVGXZMKELYUUSCCUTAN;4
1342;MHTJZAVKMMIMJFEBYQXW;2
1343;MHSNLHEPHAGZLSZSZYPN;1,083333333
1344;MHSIYIIVLRQWVPZGVOES;0,769230769
1345;MHREGRYGZPFWIQQNIXHW;2,74
1346;MHQYFERMPJJVCFVLTUXP;0,538461538
1347;MHQRFGFVFMRJZOYHKMIJ;2,380645161
1348;MHJZFBODTSEKXJLWGVCD;1,615384615
1349;MGSEOQZRERBAHNGSYQWE;1,769230769
1350;MGLHFDPCRWVFXYODNGSR;1,923076923
1351;MGJHUMWJZQDVDYJFYFPY;1,333333333
1352;MGHQUKWOOLQGSCRDRTLM;2,076923077
1353;MFYYBIXBMBHXEYOWDSGG;3,714285714
1354;MFHDDGLOOSIASMEMAJGP;2,266666667
1355;MFEVDGQBRWIEZECHHPJD;0,903061224
1356;MEFNRYANYSUWJEXCOUHG;3,028169014
1357;MEEUGSFRXXARIBUZKUIT;1,531791908
1358;MDKTXXRKYGGXUNICJPXQ;2,666666667
1359;MDFVPRMFJYNDZQUNHVRC;1,538461538
1360;MDAUMUFVEHLYLPNKNLLH;1,416666667
1361;MCXVTPTSZMAAWODRXKCK;2,438356164
1362;MCLQSJCXOTJWOITFNRPD;2,310344828
1363;MBVHXYBFIZWSYGBXQWTF;0,766081871
1364;MBQJTDKLSWWAGLZXLRGT;3,333333333
1365;MBPTRENCDSJCRUWOMVRC;1,538461538
1366;MBEQRRFHRSEIWHKPOJPR;1,076923077
1367;MBBVYZDACDRFLUPMMPKU;1,658536585
1368;MAZQHBHZQXKNKHLPXXUU;0,461538462
1369;MAXUCPLIKMBNOLZOQPIO;2,435714286
1370;MASWCYAMOMYNCILDFCXU;0,5
1371;LZXEDFEEGYSGVPHPZIID;0,448275862
1372;LZIWCLDFERJESXOJZQSB;1,27672956
1373;LZEXXMWBNAFYOOQSCCHQ;2,15060241
1374;LZELOCRPISZEAZCAFRLU;0,428571429
1375;LYWFWKGMQWISLGPXTOOC;2,931972789
1376;LYCQGABLWVDJIAWPPXFL;3,14084507
1377;LXYPIMJSHPIJDMJOTHZR;0,34939759
1378;LXXHWVJRYNNVMIDDKVKE;1,538461538
1379;LXULOIIRSACYVZCKOMVT;0,5
1380;LXUGCPWPRQHPYJHBQDIV;0,714285714
1381;LXQKJRQMXZBJJCCUYSTN;1,333333333
1382;LXPYSFVNOEZBNPFWKNEI;2,327272727
1383;LWWOQBFULWTLTJXXXNRH;1,607734807
1384;LWHHZDSUWINEEFCWNWIV;3,230769231
1385;LWGWWQIPEQFMCJFZGFRX;2,97972973
1386;LWGJKAZPQEFLQEXYCEER;1,8
1387;LWAJZVHJSIRVZBOLGWUD;1,615384615
1388;LVPVIFFACRSYLAJJWNIW;1,285714286
1389;LVPSYOBVIIBOUJNGSPAI;3,006097561
1390;LVCSHQPXCDCRGLJXNSAS;0,230769231
1391;LUZZZPFULLDRMUSHCPRN;1,214285714
1392;LTPHUCNQRHTUTTGUNWMR;3,398734177
1393;LTCGOBXPTLGVVYQQXKZI;1,307692308
1394;LSWNTZPVSPYYGAHBVZQR;0,729166667
1395;LSDQCWBHPIOUVVLSNQUR;1,833333333
1396;LSCSKSZOYFXFLFXKKDVU;3,79787234
1397;LRVRIPUSYFUKGBNFQUMO;3,503267974
1398;LRSAMNRHJGSTUSKTVAQJ;0,714285714
1399;LRQIAXROZPHDHHSJMMKE;1,310734463
1400;LRIBSQAPBYRYIOGCJWZK;1,307692308
1401;LQZJLISPDNWKMTFYCOKD;1,339181287
1402;LQWQGRSTEJYOCFIRDYLT;3,531914894
1403;LQOLSWDIRBSNHHGXIRUC;1,857142857
1404;LQNCKJTBDEPWESFKVJJV;1,75739645
1405;LQKUZRPGYSBDOFIGMJVS;3,307692308
1406;LPZWXXJTSFLVXNPFROYC;1,87755102
1407;LPSZZASMAZOGIQHVCFTE;2,418918919
1408;LPPIKNBDJTBVTBWKDYTL;1,964285714
1409;LPLYUYCJRXQHFMUHORCP;2,299319728
1410;LPHJCRCTDAIRCARSZHES;1,358024691
1411;LOKFEFGHYWDKITYYTGCD;1,397590361
1412;LOCXDXZMZMGQUTCOWDIR;0,642857143
1413;LNTUIOZRWETGSCEJYOBP;2,540372671
1414;LNGMCQKRDOERDRLZRERN;1,923076923
1415;LNCOHCYCGTRAKXFRYSNG;1,582352941
1416;LMRYVXRNKCRVBWNDQMCM;2,090909091
1417;LMQIAREPOTTSJGLAGKEP;1,911564626
1418;LMMFXSQQVAEGZEJCTZRS;2,168831169
1419;LLGKDLFMRPZHGUDRIRBH;1,6875
1420;LLECAEMNDCCZAQHYAPEB;2,084507042
1421;LLCLPRYYRWGPKCGDDWUK;1,363636364
1422;LLBWGQDWJHWXDGOPUPPR;0,888198758
1423;LKMHVYSGBRMJQLLAPKLA;1,461538462
1424;LKKXSKMLONDLLGQTAWTP;1,923076923
1425;LKFBEOKXXXXUDBDRWKCE;2,652777778
1426;LJOGDEHQDASULMWGJXXS;1,642424242
1427;LIWLBKFZIKLWVDDFYLRZ;0,857142857
1428;LHWXJWQYLZKVRYYVWGIQ;1,307692308
1429;LHSMGQULYSFZJMEPRRLS;1,066666667
1430;LHQTYOMYKKJOIZISGZMQ;1,071428571
1431;LHPKYQVEPADUUBLSSUSU;3,428571429
1432;LHOKYUICLVFHWXUIKHBF;0,928571429
1433;LHEXMZHJZIGXTJLPLEHH;0,777777778
1434;LGXMPPAZWGQGGEELKSBL;1,714285714
1435;LGRTYIOTOGLLSBMRVESX;2,041450777
1436;LGQTYTRKSIWRGAMYWUVS;2,307692308
1437;LGPVKKKGJXCUFBRJLABM;0,307692308
1438;LGPJZOHRTINPWRPSXVJW;2,066666667
1439;LGGRVKBJUFQTBPUAPHAX;2,125
1440;LGAQALDAQXMXCSYOZSRW;1,538461538
1441;LFUXCSNHRCSFJBYQBMAW;0,923076923
1442;LFTMTNQDLIVABWYSRQYQ;0,923076923
1443;LFHVAVWTKPERLSNLMLEZ;2,5
1444;LFGKLUVDTODMQOELHHHX;2,254545455
1445;LEMCGFFOPCEERLKBIUAA;0,461538462
1446;LEKRNEGVKYQKSQQKFDWK;0,357142857
1447;LDPEVAKIPBRIPNFTAPTL;1,658823529
1448;LDOJOSXVFGNMNQPRQLMY;3,642857143
1449;LDITENKZNCZIISAWIZTK;2,214285714
1450;LDBQFWYZDLDMERFKPFEE;2,304635762
1451;LCVOQGVQOLMLGDWNVXPN;3,214765101
1452;LCMAFIGWTBQJMMSUGGEF;2,617449664
1453;LCLAQLCJVJDNNJXDJGXS;1,71875
1454;LCIQQXUIDMIGWVKVDEIL;3,630136986
1455;LCGDPUNOEUGZIXYLKPSP;2,197530864
1456;LCADXWQUKMVOUSBZNFCO;2,503401361
1457;LBXDZFPQNAUXBTBDYMLG;3,214285714
1458;LBUPAJNVKEVQBSNCQDQY;1
1459;LBOOGJCDRYCWVZUNVQVZ;2,124183007
1460;LBHJHWJTXFLSUKODVCBT;1,357142857
1461;LBFYVEYQCFZRIFMUPKOM;1,324675325
1462;LAZLTXUZZOELCVBJRAQC;0,692307692
1463;LAQCEFPHRPAWEBPQYYNQ;1,529761905
1464;LAOCYFQALCBDUZIMOGAU;2,031446541
1465;LAGSZIUKWVFDJSNKBAKO;1
1466;LAFFXBJMYEGMSVLQSIID;0,583333333
1467;KZXRFDJIQTNKALQANRJB;0,923076923
1468;KZWTDFZTNXEIDSSEYIHW;1,872180451
1469;KZSARHHSLVCEWCJKUVCO;0,307692308
1470;KZPRUXPSTOOCMXHEELUL;1,933333333
1471;KZORFMGEETNIWGYFGTZI;1,642857143
1472;KZNZIJXBWWXPCKHSMJKE;1,083333333
1473;KZFTMCRPRNQCJFNOTZPZ;1,384615385
1474;KZETWFEEXAQQTAEYQOAN;1,45
1475;KYRQSCGLPPRQTBJLXYAB;1,666666667
1476;KYRKCAZPNITFVBGECRGI;3,322368421
1477;KYQVGGEUZABSUKNDZPZQ;2,67721519
1478;KYHPJOJSFQBUNURFQAFF;2,220858896
1479;KYHCTCVVHWYXNVQCYNFL;1,815286624
1480;KYBQPPOSTIYJJUJKTXRR;0,402777778
1481;KXZULQRYSQCAMMPIWCEE;2,149425287
1482;KXPKXVKPHINQCCDXOXXW;0,8
1483;KXENVAUZIXIXVECLVRUR;0,461538462
1484;KVUWWRZRWJJWOGKCYDYR;0,642857143
1485;KVMTBNXOAYLRBQEZSSNM;0,714285714
1486;KUUWRBHEPUTBSYSFJHUM;0,769230769
1487;KUOZIGMURREGMYQNVMBT;0
1488;KUGGMRCWPJKTSIMRVQLY;1,822485207
1489;KTJWAEVUNOLZMUWMHRZG;1,214285714
1490;KTIHKZUEPHFSNYDKLFYZ;1,538461538
1491;KTGJWAVMKUFAEYOPZCDY;2,966442953
1492;KTDFEWSKLZTOGYJUOMBM;0,153846154
1493;KTABVKLXXYNOQLALECCY;0,538834951
1494;KSEUOAJVVRHDLQINYZMW;1,615384615
1495;KRSJSACICZFPPJUCUXDN;2,470930233
1496;KRNJHQWQZPQIBBBMZFKX;0,823529412
1497;KRLVCYLSMAPYWHYWWKOS;1,568306011
1498;KRGJFGJKXHQTDQROAKTV;0,461538462
1499;KQGLRAZUQDWWDEFACUYL;1,033707865
1500;KQEIUJVRPESNDCZGYSDW;1,571428571
1501;KOZSEWMCKNHCJZCUXIXH;1,922619048
1502;KOVVVNNCFSVWCOBXRCIZ;0,923076923
1503;KOCCLFTPCMVZXIZBHKMQ;1,076923077
1504;KNNVWCIKUKCTYJBIHARY;1,928571429
1505;KNMUPDPEZUXSZIHEXYGD;0,767195767
1506;KNGBXKEYFYQFZFJSRCIY;2
1507;KNCBUECVEIMOBMOFVDYE;0,571428571
1508;KMUDRAJJLNDNTBMRENCV;0,230769231
1509;KMSKKHHGAWZHGBLTNXCO;2,384615385
1510;KMQDICOSQUOTAYGAQXTV;1,214285714
1511;KMOATKQHYSBQHNJGBMFW;1,846153846
1512;KMIWPGJQVEGHDOXDXGYP;1,300653595
1513;KMCWAEECKKGNZDCZRKET;1,092783505
1514;KLQPAPEVPQONGSDBVRBO;1,196428571
1515;KLGVCRVTERMWFLXMCNXM;0,769230769
1516;KKTUVMFMACNUBPMKAVKG;0,307692308
1517;KKNQXIXZIZACJAWBSIQJ;0,666666667
1518;KKJOBGCVPXIYOUVEJQAW;1,615384615
1519;KKGKJFWWKZTAVLFALITS;2,428571429
1520;KJPVVILRNIJYRTKSSIFJ;1,569536424
1521;KJDCQUFUNKENDKLCCHKT;3,592356688
1522;KISFFZBOYDGCDFLEGUBR;1,447852761
1523;KISEHRMMYKOKQAPNECOZ;0,944680851
1524;KIRYBTFZELJSAHEJIUOM;1,698412698
1525;KIBHVOISJCVUKQVHYZET;2,059602649
1526;KHYVGUUDJSUTAWHMCNIH;0,538461538
1527;KHQGBTPEREIKIHVUZAHK;2,451388889
1528;KHARFPTWTMXMTYNSONGP;0,866666667
1529;KGKVFHVHFIWNRSQDLMVA;1
1530;KGDAKHQJOSCMLCXNMQJR;2,232876712
1531;KFRTZAHFOAQUGXCQIQLR;2,142857143
1532;KFRAUASENAELFSTFSTSO;0,175
1533;KFJWQANEXBLELCYCPYKH;1,714285714
1534;KFFJVPUEEAMXSMFIDTLY;1,039473684
1535;KFCKKUEPJMUNQIVTCQTM;1,142857143
1536;KEQFZCRQSREFFMHRLJHJ;0,8
1537;KEPXUBDBPKJGCJAYITTW;2,367741935
1538;KEEKSYRRTIVBSNLBDJTI;2,153846154
1539;KDQENOAIZCGVEYZUATVN;1,066666667
1540;KDONPBVGXTWIQOWOHNSC;2,228571429
1541;KDMWUROTZXXZMSVZNIHP;1,106951872
1542;KDJYGDFZZEQPCDSNOFRN;0,053333333
1543;KCOYEYYBQXISQKUULMIW;2,527607362
1544;KCMWPRSVLVBLCMPDMHQT;3,291970803
1545;KCJUIGSSUNMNCQCUMWKJ;2,571428571
1546;KCGNZYFHVMYOPRUFQIVP;1,947368421
1547;KCDJUROIHMIYNSAQTDZL;1,432748538
1548;KBRSEJYIYQTNAGWNEHBE;1,071428571
1549;KBLYZPXVJRHAHUEDLIMX;1,714285714
1550;KBEBCMHAHTVRNGEGAPIS;3
1551;KAZHDTHNFVBQVKJVRSLX;1
1552;KAUDNKCIYKTWUNXUNCAY;2,692307692
1553;KARLFFLJRJEBLNWBHVIZ;2,639240506
1554;KALASYQBDSZRJZIIFNLW;0,833333333
1555;KAEIQDQFUBAACINIYHZW;1,785714286
1556;KAAIROULIUXYZHSTBEBK;1,5375
1557;JZXLEXLZLSPABUXBABZI;0,243902439
1558;JZQTAFDJJKBITVMIQXTH;2,25
1559;JZEXXVONDSZHGFJUKUZY;2,153846154
1560;JZBRXXLEWLUXGFESIWFN;2,961290323
1561;JZBHCGLLGFHNPATBVHUB;1,142857143
1562;JYZRPXKSMJPEAMZIIWTX;0,615384615
1563;JYWGBXGQTAKBWUHRBISJ;1,607734807
1564;JYTHSLTKNAASHOEMQVSM;1,769230769
1565;JYIZDHFAVSCSKYKKAUAN;0,402777778
1566;JXXWEDDCBKNAKLOFFJCK;0,790322581
1567;JXXRPITGGWJPWZIMVHQU;1,933333333
1568;JXKMKYCCATBSKTTUCSID;3,5
1569;JXHEQPBONSGJKWLJWLUA;0,461538462
1570;JXCKWAVVIFRMLTFGOWQL;1,583333333
1571;JVKURWBSUOVMTQICYJFP;1,993377483
1572;JVGNVQSLQPZQNKGLFLUH;1,62987013
1573;JURQAROLGYQZSXARHBBY;0,378787879
1574;JUCYFSFXMTRQICNAGBQS;1,532544379
1575;JTMSUMGBFNSULJRNRQIO;0,307692308
1576;JTKDZUFGRGTMXCNTRKLA;1,362318841
1577;JSMILPBRSWUGLNUWSGJI;0
1578;JRZAQICFDAJKZXDNQYXZ;0,615384615
1579;JRXYBIYIIWKSRJYPAPVW;3,243421053
1580;JRTTYWJIJRVFTFLBNRAT;1,928571429
1581;JRRORLEYTEPCGFMZHGVI;2,4
1582;JRMJCXWNGQNJCCRGMSVS;0,785714286
1583;JRLPCERBMQYPWNQPPRNY;2,379310345
1584;JRJJWDJUSDWPYAXIYSBV;1,461538462
1585;JRINLTNQVLBXBBKTNIQF;2,891156463
1586;JQZOFABEUPEYYTMCHZID;1,615384615
1587;JQYTSBHZUIGFUESSIRJB;2,4
1588;JQQCOYJBWKGDZDGQAFRX;2
1589;JQQAGUPLIAQMQMRQISBH;0,4
1590;JQDEDLUSZJXXGMDJBCKG;2,49068323
1591;JPSTHLWLCFNAGTEIYELG;0,425
1592;JPOJYRMUOZPAVCDCFFUK;0,928571429
1593;JOTDHUGQYTRYFUBHQXXL;1
1594;JONUBYCXLCEGDXDGAHUA;2,190184049
1595;JOLCKWGBISCBZGIMKZJR;3,221518987
1596;JOJOIKRSTCJMFILULEVQ;2,857142857
1597;JNZKAZEBXXQMTVXNUNQT;1,8
1598;JNPPUIGWFJYZXLHXPKIC;1,928571429
1599;JNORIJEQXSVXIOPNIGWT;1,714285714
1600;JNFYCHMERVMNMOQUGINC;2,032051282
1601;JNFSRVNACCMEJOBUOYIZ;1,285714286
1602;JNCOVPWZXYFYNOSXJRQO;2,6
1603;JMFJTATICRPOLOMNNTJI;0,25
1604;JLTHYBNHDTRGYYOZHDDV;2,403508772
1605;JLTFEBNZWSXRAAUKOYUF;2,263157895
1606;JKMUDCRXMENWLXFMCZCJ;2,198675497
1607;JKEZKBICMMKKTGKRFQTR;2,517857143
1608;JJSZUGOATPRMQTOHNBAJ;0,307692308
1609;JJCREYXAKOXKPASNCGIQ;2,515337423
1610;JIVSHYWWMVHXBEPUHVKV;0,714285714
1611;JIUGZPJWNUKITBHGOAXW;2,013888889
1612;JHSRZOCQWOMCOAOJXXLP;2,722222222
1613;JHRVXLHXGPJBZLCUKXOG;2,066666667
1614;JHKTESDEJFEITTJRJTHU;2,437086093
1615;JHFETXAJLOOAWEBYEEDD;1,301369863
1616;JGVAIBYMHSHBNQCLFDNB;0,538461538
1617;JGRKGLGDCXPZWAGZVGON;1,754491018
1618;JGQTLKPPLNGUDACVQHZY;1,142857143
1619;JGMUFFWVEUYEEUUZIHQW;0,857142857
1620;JGFCDVDZAOSSZPIMQWMH;1,993902439
1621;JGEJMYUGGCUZWSOFEYCS;2,054054054
1622;JFHSBGOAFRKKDAOUYDWB;3,214285714
1623;JFFYPJMZUVEAIHRVWMUQ;0
1624;JEZEFDMCLUZAPVCZJYYO;1,073170732
1625;JEVGQTZXXYADDYMMKZYU;1,596385542
1626;JEPTTMFPJDBUQVTPWFWQ;0,285714286
1627;JDWBARYVFWZCALYJWVHN;2,130177515
1628;JDRJMVQVIXNEQEDHLDDC;0,692307692
1629;JCWJUPCFYVHPKUQDVKGN;1
1630;JCNAJKOHQIIDRUVUHNHY;2,233576642
1631;JBSQIRVPUUSRAEJLWQOM;0,423529412
1632;JBBGJORZEGFYXMUXLPDW;0,757225434
1633;JAXKQMKOPMMMBSDLNDTW;3,194805195
1634;JAVMNAMMJWSWQFVLRAML;1,875
1635;JAUBYGFZJWAXXRXMDSHU;0,666666667
1636;JAJQDHREQVECFPSMBDQN;2,285714286
1637;JAIIQBFTTDTXCJNBNQKP;3,055172414
1638;IZNUVBYJJFKMIDXABIYQ;2,126666667
1639;IZJHABQBOVCXDJRXTHCU;0,583333333
1640;IYYZNCTNRVBRJLCJFUHU;1,384615385
1641;IYXVEOOOZQXOYUFPAKVY;1,157894737
1642;IYTHEDESURHSQYVDHKGK;2,769230769
1643;IYHZRZTIIEQPGEBHKIAK;0,733333333
1644;IXIKMXOEZBRDAEPCWYHS;1,823529412
1645;IXBIDIOTFVHQMYFOFIPK;1,690217391
1646;IWKKIVOKOZOIZVWYVYEA;2,583333333
1647;IWKFNPOSZBGDCKRBVQZL;1,974358974
1648;IVQMCYTKSZJNWXQVIDMR;0,65
1649;IVITQLGIIZCOVQMQYWRZ;2,320895522
1650;IVBCGIYKKDECKORGNJAO;1,571428571
1651;IUVFNNHEPBGCCAJZTKOZ;1,714285714
1652;IUMRSNIMWFUORBAQFUOV;1,022058824
1653;IUGPNUGUFSBFBQAETYEU;2,8125
1654;IUDEXCZCYMSNQUHQZFLH;2,851851852
1655;ITMSFTUCDCVAYTJKZAOS;1,51572327
1656;ITMPKJMRHKAOOCFQIGQS;2,072727273
1657;ITLJJYQXMFDIWLJYZRBY;0
1658;ITHCWXSSRQWIZHIXANBZ;1,307692308
1659;ISUPQKRFBBQNUICHXABP;3,111842105
1660;ISKBDGZYBHVMHHSDSVTD;0,615384615
1661;ISARXSXOAUIFQQDGUOQR;0,928571429
1662;ISACCAZVZBXSOXGVBXYL;0,737777778
1663;IRYHPSWIWGCFARKOLXWX;3,365517241
1664;IRSSZBUIYHKNUUTFQYUI;3,416666667
1665;IROXJGBQPKMCDMGAMNTA;2,466666667
1666;IRKVYNINZTFSEQMYWYBM;0,5
1667;IQXPXSBTVDQLKZWIEVVZ;1,090909091
1668;IQUJELYFSVISLMVDNBMF;2,917197452
1669;IQLSLXRYMMRAMNWIMDKW;2,538461538
1670;IQGISXYIVFTWHDYYQIUA;3,142857143
1671;IQECCTEBLIYTIJYLPGKL;1,466666667
1672;IPXXUUVPMILDODWJQIEN;3,263157895
1673;IPQXTUMRTJSUKEUIQUUC;0
1674;IODZKZQTVMGCQFHWZRDT;1,692307692
1675;IOAGBBBIKYYNYEFLJCEV;0,863013699
1676;INJRIDXZYFAVEYJYTHRK;2,992537313
1677;INJJHVEZRHQLNQYRJAUF;1,125628141
1678;INIEJWOESZLEPFOQDEFU;2,229411765
1679;IMXWJWXRRASXVQNWNBUT;3,012820513
1680;IMXRZVOCYJCHDFODCZLG;0,615384615
1681;IMUUNDVQXMUIMOOEDUSB;1,166666667
1682;IMORKBLLDVVCCVFKPSYT;4
1683;IMHIMHZNXEAWZODQRRUL;0,642857143
1684;ILOPUAYWAUSLDUVTYAIG;2,615384615
1685;ILJTCIUCOYRRYIYWXOHQ;0,857142857
1686;ILINSSQGXMAEEQWETIMB;1,417582418
1687;ILCQXMWXRGMKYYGGHYMW;2
1688;IKSWDERTLZFJYNFOLEZT;1,81595092
1689;IKKUKJLKLUASTQZXYTXH;0,714285714
1690;IJYCRCFKQLLSABTPMDNR;0,214285714
1691;IJNYXZYQILCZQIJGSTWA;2,214285714
1692;IJHTVUDIXARPPIBYIROL;0,307692308
1693;IJHGXOYOCLRXWHZKHXJO;2
1694;IJDIDTUNCJTXLPPQYYTD;0,350649351
1695;IIQARMGKDZMNLJKBWJWV;1,571428571
1696;IIPASUYOXFYUIPQPVPOS;0,285714286
1697;IIHDVWTNQBZBARCEVQYW;3,321428571
1698;IHVHMAONWOMQCZNATLFG;1
1699;IHSSGEDTFGYWZOJDJPYT;1,133333333
1700;IHPWFXZNRFDOVCNDDMXO;1
1701;IHOENAJIUHRLHJDAKWOF;3,096153846
1702;IHISGQLYKQHUBHMNZLPH;1,288888889
1703;IHCLXKETQZUEKLODGBEC;1,765363128
1704;IHASKQSLQZLRQQEUTIQI;0,142857143
1705;IGGEBGRHMMBLFSGQBCWP;0,307692308
1706;IGAGIWUWMQHCKPPPAKZD;1,466257669
1707;IFQFRESGWSZEXPKHZOKW;1,923076923
1708;IEYINXTHYZPHKGXHEMTW;2,803797468
1709;IEXZULAOFAPWGAUAEVNV;3,243055556
1710;IETSESSPXHELAHDZBPKL;2,307692308
1711;IEEFVBYYCHAWYGGQKEQW;1,245989305
1712;IEDZPZIHMIPSIVMHJAMS;4
1713;IEAXDWSTYGBPPXJUUBTG;1,592105263
1714;IDSMLSZETXBZOVTHNORD;2,93125
1715;IDEVXWUGOSBOAORJOHXX;2,450331126
1716;ICZGDGPNDQULAIPTRSSD;2,231788079
1717;ICKWPRLDCGLWKMHJFRQW;2,078787879
1718;ICKREINRKHSMWEDSYHSX;1,333333333
1719;ICCFCRORUTXMUVBEEJFG;3,153846154
1720;IBYDQCUIJKPFNGBJRWJY;0,538461538
1721;IBIHMJPSRWXBJTRVXFDD;1,688311688
1722;IAUQPUVKZNPVUQVCFKRR;2,075
1723;IATYFGIZVPKYVZJCWSYY;1,175182482
1724;IARNWTUMNRSFFQFDAPJU;1,286885246
1725;IALGTKXHJAMBXNAENHUR;2,192546584
1726;IAIZONYCAFMRWAEXEMTK;0,307692308
1727;IAHMTPZLOZYRGODPTOUW;2,785714286
1728;IACYTSGVYOSQGDUXVYXF;1,4
1729;HZKMVVUKMYXNTAURPDCB;1,25
1730;HYWQEUEIPYFSOVIJTADY;0,692307692
1731;HYIKBPZUQZYRIUTRBBNX;1,083333333
1732;HYGHILFOZWKNWJORTZBH;0,181818182
1733;HXYWBDZWKJAEYKIMTRZY;1,916666667
1734;HXULDWGPFNJWUBCIXPFP;1,348837209
1735;HXJVTTQQOYHMQUFVVAUQ;1,466666667
1736;HXHMXYWMSKMKIKCTLRYC;3,127516779
1737;HXCGENLOKZFVODIRKMTB;0,769230769
1738;HWRJOOENORISBVYUCGYU;3,330769231
1739;HWPCTQNCNVMYUGIRGCRT;0,615384615
1740;HWGITHWJXFLOFUPDAXRA;2
1741;HVXCYRTLGOZWJMVFVNLZ;2,19375
1742;HVVEOLZDIJKQIAVGYQPC;0,785714286
1743;HVSNYMYFXJOOUDFQFSSP;1,461538462
1744;HVROTVUCADUEENWLVHOU;0,285714286
1745;HVQDUPYKVGUNSOFZUMFT;2,076923077
1746;HVOEHJMJQXLSAHVTTYTX;1,264705882
1747;HVILWSZNJULIUPKKDDAZ;2,116883117
1748;HUZCKFFBKBUEJBBUKTWM;1,785714286
1749;HUXSUNHTILFBMXQOSDTL;0,785714286
1750;HUSNGAWZJVUPXPESBYAL;1,982248521
1751;HUMHGKVPYVCVKAQLIDZV;3,574468085
1752;HUJJQFUCJNYMGTYDYKZN;2,071428571
1753;HUIUZPVIHFXUVIYJGVNQ;0,919354839
1754;HUDMOONQFPPFHYKPAXWQ;1,266666667
1755;HUDJCJGAWPYVIZEBUBYO;0,538461538
1756;HTYNJCLTBFAKWFRQTJFT;1,371727749
1757;HTUOIXMLVROXLENAOUBM;2,718954248
1758;HTSEJAEPGHVFCTMCNWLQ;3,575163399
1759;HTRMCLMSZELJKIYDNCME;2,064516129
1760;HTLKKYXSPWSIXBZOVHIC;2,628571429
1761;HTFJNUFDEAPNUAYBXTUN;0,666666667
1762;HTDIQUPQPBZQDRYMLUNI;3,584615385
1763;HSZPBOLTRTTQCSJAILFU;3,5
1764;HSOEFGEEBDDYXRYGERNA;1,466666667
1765;HSMIONBGOTBXUUPMVITH;0,928571429
1766;HSIPQVIQHMUZKWDWHCNB;2,279761905
1767;HSEXUZLKRTXWEXFWEMLY;0,333333333
1768;HSELJCSXFOJVQOEJBCCQ;2
1769;HSCAYXVMBVCENXVEDRDP;2,051136364
1770;HRVIBGKZAXGNMOLZJZMY;1,403846154
1771;HRUFOBKUDFKPRNVWBFJU;0,909090909
1772;HRSCZFGZHCOBPOMDEJYS;1,692307692
1773;HROTHBQENNHBUPZUJSEU;1,654545455
1774;HRIXOCKXTLMJXEJICEVQ;0,285714286
1775;HRGPDBRFASBGKTOINMNW;0,638888889
1776;HQUPQHCDLORPJPUMZSMU;3
1777;HQPISUWOQVJVKMMYUUYQ;0
1778;HQGTOGBGVTKHXJOOQBAB;1,461538462
1779;HQGHBZJKFZHNOYLGSZNE;3,414012739
1780;HPWWXJGMXTYGVWPRPBEW;0,153846154
1781;HPVXJHVOTBWFQQUDAZJF;2,538461538
1782;HPNXWOOOJGPBTJKSNZPM;2,153846154
1783;HPMQYLYUCLROAGWKYNGP;3,351724138
1784;HOWSSHCFBELRSBONPPDV;0,943925234
1785;HOCKQUXIGLMTXHCICIDM;1,475
1786;HNOWOKURRAHFATIVZODQ;0,262295082
1787;HNLYUZFOUUZODMZWVMBY;0,692307692
1788;HNCYPLNYOZJVRIQUONWA;3,223684211
1789;HMZDKGBMLRQOCVDLJZLY;0,538461538
1790;HMUNSKLSFKAJQJYVIKAH;1,819875776
1791;HLVGQTYIQSYXVBGIYMTS;2,459119497
1792;HLSBTCTSPHXJUEWCMUMV;1
1793;HLFDELLGZHFDKQMYWNXR;1,083969466
1794;HKVTOLZUMVIAXXZBDAJA;0,708860759
1795;HKIAYLOWMRRTPMEIHWBF;2,816326531
1796;HKGRCDJVMJURVSWFHDZL;0,153846154
1797;HKABBMLLFBVEIJFKJGXJ;0,459459459
1798;HJYFXJZBXSWVSHPHQPDC;1,49726776
1799;HJVPCHCCJMJCNPDSOAIR;2,411392405
1800;HJSURQVJCKDQVJNWXQQG;1,307692308
1801;HJEQQZMZUWWNVOVAARDK;1,407894737
1802;HIJLPRCIXHCFFYLLLJMC;1,758241758
1803;HIGUPKUCLENJFKNJYERK;0,125
1804;HIEZLYQBOTGRTNKURWRN;1,550898204
1805;HHZXRCFPBEHVRMNMGVIO;1,142857143
1806;HHWNFJXAQCTLEEPDMWVP;3,076923077
1807;HHMIQLBXVPPTJFKABJMC;1,732919255
1808;HHLSTOKYKLCPWBIAFVRU;2,746666667
1809;HHGGBJKCNSSIESDCMNVZ;2,533333333
1810;HFSTGPZFTDBUHJCDJEWY;1,461538462
1811;HFOYOFUWKBTQPWGLKETY;2,428571429
1812;HFBSYQSXKOQQKYVYUHJB;3,522012579
1813;HENOFZDUPCNTPNNVJZSM;1,870967742
1814;HEMNADIXKYXIODNXQURJ;0,32967033
1815;HDQCWMIDAODWZCRDXDHX;1,428571429
1816;HDKLTXOBNBNIPWUDIUFN;1,615384615
1817;HDJKZNZNSLGACCVCLDJL;1,121693122
1818;HDDIZWHIGXNCNBFZYXTS;1,692307692
1819;HCYPTFKDUTVWVZEOAWMT;0,266666667
1820;HBWRWYDWOSYPLDHBHUJA;2,671232877
1821;HBSHNEWPLBXSGRBSMHVA;0,855072464
1822;HBJKGDRLZODGBEFMTHBW;3,153846154
1823;HBIVLGBFRNDEGBYVVYDM;1,646258503
1824;HBIQHDEFJWQTDSZFHDPJ;1,212389381
1825;HBIKWZVUWPATLWKGOIOY;2,384615385
1826;HAVINVYGFEPECFQRTRKI;3,461538462
1827;HASDDIRSJILBBEEHYXYV;1,077922078
1828;HAQMKRWMXXDWEFIMJXZW;1,696551724
1829;HAGUIVWHBTWDMTTNXXAO;0
1830;GZUUYPYFGYGKWVBQIKAB;0,555555556
1831;GZTBWWLCTOCXOKWZKNAN;0,425
1832;GZEVNAWZLKUZZJNFSBZJ;1,866666667
1833;GZEPMNJLICWYTCZUFQWS;1,405128205
1834;GZAUCOQWFQZMMZWAFZVJ;3,615384615
1835;GYWXMXAMDEPFTFLCXPST;0,148148148
1836;GYWLFYXILSSPTTLONYBC;2,219512195
1837;GYSWKMGHGOCSBPAMQSMW;1,928571429
1838;GYMHNWTCHTTSCTEJAQRB;1,765822785
1839;GYLDJLCPSSNLACDFYOZL;1,54491018
1840;GYKJXXAKCFGXCKARAVXQ;1,714285714
1841;GYCSTURZHVMWVQMSQPXN;0,756613757
1842;GYAMYSYHVFNBAKWNVQGU;0,642857143
1843;GXLLKQEKLBEGNHXFRIHJ;2,071428571
1844;GWEDHHHMDWYAWPVROYJN;3
1845;GWBFDJAIIDMPJGXUFHGW;0
1846;GVUVEPWHRAYTYVSEHTCP;0,528571429
1847;GVSITDQEMKRDZZWSOOCS;1,769230769
1848;GVROFWGVHXIXKGHLENYP;2,156862745
1849;GVQDBPCYNBHZTVBHIGUK;2,089171975
1850;GVHDXVJKOBHACFKPUKWU;0,615384615
1851;GUUMMGHACRXOVVKXBXGA;3,732876712
1852;GUUIHSADLNSWDJPZNRHW;1,461538462
1853;GUIXPBMEIZFIRLATPPDB;1,43902439
1854;GUFYZYJBHTALWXDVWYVZ;1,977653631
1855;GUFJVCUAYPXSEWESFLFD;1,230769231
1856;GUCGRWDOHPRBRHUEGZES;1
1857;GTQSIIMWHRRCIKMSPYVW;2,139240506
1858;GTQOUTWHBRRJWJHJPHRG;4
1859;GTPUXFJVTGWOOJZVIJZX;1,401315789
1860;GTNJYWBMENUWMRVIWWDB;1,462427746
1861;GTFUHYLZAOMYPGOPXIID;1,714285714
1862;GTDUULLAMOXEVZMQXLNT;3,271428571
1863;GSGCYEMFEXYXTXZZRILD;0,538461538
1864;GSCXYEVBQNFQAWCDOBPE;2
1865;GRZLXIUSXVLXFCQJWBNF;1,461538462
1866;GRYINSPPCYEGVJZGJAJB;1,076923077
1867;GRXZNCIWZUCIYTTQLSJF;1,642857143
1868;GRUUHVLRATHAJCTRHMCA;1,933333333
1869;GRQGMUVVTZIJNWIKEWUH;0,25
1870;GRBFZUFYZMVPLCXREVMB;1,692307692
1871;GQZZJDGNSCLMJLLSRKSZ;0,051546392
1872;GQWZNGDOOPRIEUVJARNF;3
1873;GQSTFMWYMEYOYGQIPUEA;2
1874;GQMRKIORIRONJCJKZIGA;2,787878788
1875;GQDLXSXIBPKYHOLJVWMT;1,076923077
1876;GPXMAUKXVRUZAESQWIXX;2,2
1877;GPPGWBYKSKDZLZYZNCCE;0,307692308
1878;GPLOHJHPHXGYASZZMMYD;1,538461538
1879;GPKJTAOFXBVXZYFOKZCO;1,393258427
1880;GOOZHJAUBRTILJZHEBKC;0,5
1881;GOMXHVKBWRBODLVMPCUL;0,351648352
1882;GOMCVVMFOOYLQHIFFHQZ;0,8
1883;GOKIGMVSGXACGLJFYXOD;0,642857143
1884;GOJTWKMZTABRBODLXNYD;2,733333333
1885;GOIQKRIKYGXFKUFCHXFV;1,923076923
1886;GOIMRDQMJRIYCQYLYCFH;2,692307692
1887;GOIKLIBPEKBZDJDGZFFP;1
1888;GOCMJSOIUGHQEBQLUGQT;1,867924528
1889;GOBNWLUJCACDYSQABXPT;2,804347826
1890;GNNKHYVVULSWCICCGQST;0,285714286
1891;GNMZHGIDCOUZEAIGOAKQ;2,230769231
1892;GMZPFGQJYVOVSIOONEPC;2,64137931
1893;GMYQMELDAZSRPFNTBPCS;1,357142857
1894;GMAZXXPJTTUYCDVBHMHJ;2,071428571
1895;GLPQOECETPKVOAZEURXE;2,867924528
1896;GLBHSOEUGSTFJCVDKVOK;0,208333333
1897;GKZNRXYSOZFXBRKESDSR;0,466666667
1898;GKVVEJUBSWJJTZGHZYSI;1,076923077
1899;GKDFEWRBBMVAAAHJOPMW;2,509433962
1900;GKCQRWIKLGYVWBPFXUVK;2,268115942
1901;GJGUYPBDCAQKIBSZQABH;1,529411765
1902;GILXAQSQTGMIUCCUIVZU;0,230769231
1903;GHUJGZRGISQEWOTQDTXI;3,230769231
1904;GHOELDHTEJKLGMBYMWNO;2,461538462
1905;GHKQHRPZLZENXGOPIGKH;2,759124088
1906;GHDCRNCSXYWAOQRRKAWK;1,6
1907;GGTQFNVEUAJKOYUOKACU;1,5
1908;GGSQDQEUKSNVPDMOPBKA;2,153846154
1909;GGSPELBFSJIRFXQGNFNN;1,596590909
1910;GGQBRUJBDDQRBDMNHFOU;2,076923077
1911;GGFEGONBAVCNYSDHEXZB;2,42384106
1912;GFYKXUIYGUSAZXJJWQNZ;3,384615385
1913;GFYGGCKYEMNGDBUDIMIJ;1,62745098
1914;GFXDQBCYKPAISZSYVLVR;2,583333333
1915;GFVLQHGNRHSXNYOLYGNL;0,933333333
1916;GFNMCPEBYJNBESXWDVAO;0,230769231
1917;GEVXRXBXEECLWEQZNDTC;2
1918;GETSTUWMZQZJLJQBTLLP;1,22459893
1919;GEIFBWADIFRMTWLZLNYM;1,153846154
1920;GDZNXATKIDGCPSPUPECB;3,393548387
1921;GDYLCIDVVEFLYALAWKET;0,384615385
1922;GDREUXUYFIIUGVZJGVQK;1
1923;GCZMNZFDMVEPVVQTHFZY;1,5
1924;GCXTPHGYQIINRLTPRPPA;1,714285714
1925;GCVCNAMANHMDASQLFFUI;2,384615385
1926;GCUDTURKMEDCNXEZRWFL;1,183673469
1927;GCGWJLIUSXRHDISESGNK;1,666666667
1928;GCCTWCJAVDKRVHMRFBXS;3,088435374
1929;GBVCEBEEGWGNFNHUYRQC;2,11299435
1930;GBCXDTITWEQTSNNYJRVS;0,457142857
1931;GATDHRVXQMUHHIATHTSY;0,571428571
1932;GANECXMTNPLLIQBYEVZJ;0
1933;GAMLFVDKWKRZXKXRXXWC;0,979166667
1934;GAJRHODTZAYIVDARWSWW;3
1935;FZUDPDGAIWWTMZZWGBVT;2,076923077
1936;FZSWNLNQRCQAXAUFWVWI;0,583333333
1937;FZOPPEHWAKPUAQKLLYDY;0,869565217
1938;FZHOYVRKEELHAJFBYGZN;2,714285714
1939;FYWZIZZFZUUIEXYWNSYV;2,885714286
1940;FYMOINHGCXWGJEUDQWZV;0,461538462
1941;FYLSJTPPSUBVLQKBEDZO;1,642857143
1942;FYFNOKQJMGIBEVHKWZBB;1,692307692
1943;FYAOHJQMFERNFYVUSPJJ;1,522222222
1944;FXPZMWAHFKJLCVXBUTTK;1,56626506
1945;FXHLKNABAGOWUPOIGSRE;2,181208054
1946;FXCZPBWPFUHDWCAZJEHR;2,357142857
1947;FWYRTDIGTSQCKFZMAXMK;0,151898734
1948;FWNMUZQPRBDVVPUKKNMG;0,769230769
1949;FWMPEGBDMGGEXAXJKKVW;3,794117647
1950;FWGDXBVCCSYXQHBYDLLB;1,611428571
1951;FWCZYXEGALVDHKPICDKJ;3,065789474
1952;FVWNVICEREDFCDDIHUUZ;1,488235294
1953;FVLUEPFQLANTHLTDEUFH;1,214285714
1954;FVCQJSOOGWBQWXENTCFJ;2,55483871
1955;FVAUJZOWFLTKGPMCAPZN;0
1956;FUZHNMASUAXRTGQOCIMO;2,067114094
1957;FUGDLBSFJRUHHTEQVKUF;1,229885057
1958;FUAUDVSYHWXSBBOXGFNI;2,248407643
1959;FTZEMRZMFGVIMGDNGMNR;2,238993711
1960;FTRBWEUIONRFJBCDIGYA;2,357142857
1961;FSYOWDLIXASQAIKLMIQH;3
1962;FSKVASKUKYPFZQNDKSBS;1,5
1963;FSIPGVYKOLYNRVYYMAQZ;1,615384615
1964;FSIJLCHGXXSNJQVSPRBN;1,050632911
1965;FRZQNQLBOJDISKGZJLIA;1,963190184
1966;FRZKCWUHTVFOESPVAWYD;0,388888889
1967;FRWTTTLPXHVIBMJTKNRU;1,970760234
1968;FRPRBDVOOKNVITRWMQHC;3,718954248
1969;FRDATUFIHCIUKHBDYWTY;2,538461538
1970;FRCOGXHSZPRFLFCBXJJA;0,881578947
1971;FRCMGLLIDNGABMRGYPLB;1,61627907
1972;FQUNSKUMTKHMZZVLTOTU;2,220238095
1973;FQQVLOLWUCPZFSVWFCXE;1
1974;FQPQBIXMNSMCRRNONWGN;2,898550725
1975;FQPKUHPATCSZURFNNDBB;2,041666667
1976;FQJBNNLVRJCQKJZZYPHT;2,868965517
1977;FPZNTENDNAUUBNAGRUDN;3,307692308
1978;FPOEGLEBZSLRCJHJAOMT;1,461538462
1979;FPOBPJYWGLPUNLCRFNXS;2
1980;FPBFLINBNRLXKDPLYCDG;1,5
1981;FOUWWUODHUMQHQLPIZIY;1,753333333
1982;FOSLMAWKAIHWZXPGUVPK;3,153846154
1983;FONMTZCEOSRMTXNDZTYP;2,696202532
1984;FOJBESVWUZHZIBGRGQEW;3,203821656
1985;FOHHFKGULBJMKDAJQQDE;2,922580645
1986;FOCCRNKSECDEQRVIMQVM;2,103448276
1987;FNXJPQEHAGCRHOORWWDC;0,615384615
1988;FNQZYEAIWFJCQQBUALNT;2,384615385
1989;FMVMFEQGOWTFRLXSTYZI;2
1990;FMRVPOVNQYGMDRPIVZHJ;1,71686747
1991;FMOKWIVBSWBPBBQLBRHP;1,076923077
1992;FMFXPPYVUPWMLQYLDOAL;1,357142857
1993;FLXHJJXONMISUUNBUHQH;1,401041667
1994;FLMLSKRJQVKVXLQRTOOT;1,076923077
1995;FLMKCJKMGHRGRCBWSIDK;0,285714286
1996;FLLIOUEXZUPIODLVCSYE;1,076923077
1997;FLLGXOIASUFZUVQTFMUJ;2,785714286
1998;FLBKIVAUECSNLQVZVQGA;2,44966443
1999;FKVTHVNLZQCLOOMQHEEA;0,808510638
2000;FKTVFXEUDUKVSVUJMGLM;1,531578947
2001;FKHMLEOORRJCQVDAYPWV;0,049382716
2002;FJOUUUFJQHHYUWJSJHIQ;2,3375
2003;FJJELFRDARLGQJTCQADB;2,166666667
2004;FIXMEKWSYTNROWQEPCHL;3,481481481
2005;FIUYOZKZATHYEBPQLGOU;0,643678161
2006;FIPFLNJTQNRUJDFIWKZM;1,820359281
2007;FIMVNRGGZSDBJRHCHBCO;2
2008;FIKVKPUGGZXMSISDDBJW;0,452380952
2009;FIEWSDBLORATEMUQFODR;1,50625
2010;FIBQHPFJRJYUUUTGQGNL;1,173913043
2011;FHPUWGTTIKLSSWGCGVCJ;3,071428571
2012;FHFEXBLSZJQENPSHEUHR;2,095238095
2013;FGTEQHHIZLSLCDRJRABJ;2,846153846
2014;FGLWVGIEDJZJYSZPTCUX;2,083333333
2015;FGJRJTVVJRTRFENUIGQB;2,769230769
2016;FGHLFMYMFMMJFTLKDYTT;2,593333333
2017;FGGHGZFUXEEETRSQKVGO;0,743455497
2018;FGFTHCHKXCENUNOPHXEI;2,307692308
2019;FGEJVTSQEXMTNBHJLEUF;0
2020;FGCVKDKRXQRAGOVEFCAB;1,384615385
2021;FFRNKMJXKHCSABYYEWBT;2,125
2022;FESTCJFDNCLEDSPKLMIE;2,615384615
2023;FEBTISUEIDQSLRABWXOD;0,538461538
2024;FDZDIIGLCPWVUREUWIAU;2,095238095
2025;FDWKQNPFPTZLQBUMLCNW;3,424050633
2026;FDHHPWUGCSKAKCFXQUTM;0,214285714
2027;FDGSRVDHTFJRTJRBJZOY;2,214285714
2028;FDCZRUZXBDXTLOQURIJI;0,933333333
2029;FCZDZGAETWDEOYNYYQYU;1,357142857
2030;FCYPLVGAAELETOAPPDRG;3,865079365
2031;FCONNSDBELMOMQXXVFSM;1,96
2032;FCKNRPYFXFIKETGRLJGQ;1,571428571
2033;FCJXEAONBWANXVCHGCYR;1,692307692
2034;FBVWETOOOUZPYVNECAVD;3,538461538
2035;FBSCGFBLOKXGXMKWJOYL;0,5
2036;FBPUXCSRSGPAKDKMYXVR;1,5
2037;FBNTGBKDAAOGOTLTLQXQ;0,919014085
2038;FAWTMWEGCUFJKOMDAMPA;2,5
2039;FAUFHWYCXNOZFXYNFEXS;1,142857143
2040;FASEKLYJAMUMUUSYCUUS;0,428571429
2041;FAPUHDIXLXXHJHMEZARR;2
2042;FAIXSWKQKKASMQFZNAYP;3,734375
2043;FACBXASOCESHVOHPDZRN;2,4
2044;EZXBEMTHAANSEOGVDPHF;1,407407407
2045;EYPWFZCASUKOIQVKTVPP;2,069444444
2046;EYGHYHXPHWWGRRQEMTQX;0,589622642
2047;EYERCZASPLSFERUZSHZN;1,384615385
2048;EXZFQWUARYKDUFRFOQXU;1,49068323
2049;EXMGXWPOWEURBJEXXBOT;3,201492537
2050;EXMEHYANGNGMTKSKLCCZ;1,893203883
2051;EWUGNQMXQCHTLGKZNHGN;0,75
2052;EWTUANDZMBCSORFPEQED;0
2053;EWMLFGIPLREMMNTEHRVI;1,525
2054;EWJJLSIHKLGOTIHDZRMR;1,428571429
2055;EWBAWPYLFZPUZTTHGAPW;1,075268817
2056;EVQJUSNGIFHBWMHVXJTI;1,769230769
2057;EVKIRHDPCYTKOPJDXFXV;1,09009009
2058;EVISTAZOJARGIYMOWZSW;1,630573248
2059;EVICOPAWWOWHIMTRPVDD;2,461538462
2060;EVIBPKHKUDBXALCHHONH;2,452229299
2061;EUZZKZQKEIEUMNEJPHXT;2
2062;EUXTIHIEAJJRPTKNWMLF;1,615384615
2063;EURWNWQKNITLAYGXJPZZ;0,304878049
2064;EUQMTGZFKAVZYQMWVJXH;1,357142857
2065;EUISABONVSDPJOQGGOIT;0,5
2066;EUDQDUPPOPLIUJGMHZED;0,466666667
2067;ETZBHYKHCJGMYAUHOKKA;1,6
2068;ETYZAAMGLSNNJZACHRNU;1,333333333
2069;ETLDJBGGJFWGPDFKNCFB;1,583333333
2070;ESXAVKNOCUZXPYUAJNBT;1,461988304
2071;ESSYXHMNHXCFGRPFAPUA;1,98255814
2072;ESHTPIYSTYAKWMECDACV;1,942708333
2073;ERYOALWKOSFVDPMESTFI;2,762237762
2074;ERWGENMRPZBCPEIXLSBY;0,586666667
2075;ERSZKGRRVHPZADNKFWDZ;0,933333333
2076;ERSIKCCDMLMGDHPIDJGG;1,384615385
2077;ERHOLCYCFPDPKNCSXXDD;0
2078;EQZCRCOEZAVNOQWKQZDR;1,692307692
2079;EQPKRUNNCSEHOPPQDYRC;0,866666667
2080;EQOJMBHOQSZIGPKQSDOH;2,214285714
2081;EQMKNHZHJKZREMSJYHPI;1,615384615
2082;EQMKCNGTNYTSYFGMPGPG;2,103448276
2083;EQGADNGIKUKUJEWICVPD;1,230769231
2084;EQFWHAUJVXCYQNLPMEWF;1,571428571
2085;EPSUXISXTBBEHFHNKBEH;0,714285714
2086;EPKAQTINYIVWUPHGMUQZ;2,857142857
2087;EPJARYIDFRINLTJVAZVB;0,785714286
2088;EPIOBGFWKKGXEEDMKVSZ;2,551724138
2089;EPHBNPEUWTHQMEALIBCV;1,488505747
2090;EOZSUXVGSAJUHZEZBRKH;0,692307692
2091;EOWUNQAPGKGOHRZFPZTC;2,529411765
2092;EOWMEQPWWOPNYJYIROOO;1,785714286
2093;EORIXJQETWYBORMJIUZO;1,775
2094;EOFLYZGQGJOZOSAJMZRL;2,103225806
2095;EOEMLUUNGTVNENUTZKAQ;1,533333333
2096;EOEKVNTPNIDMYEWRYXDW;0,658227848
2097;EOBEMYQTPZPWIODWXKZX;0,923076923
2098;ENSKUXZJJDKRPYJIXVUN;4
2099;ENQDJRCURXAAYNRYWFWQ;2,051851852
2100;ENDYHLMKLJKVGRKADAQX;2,609756098
2101;ENCIZIRSUBPUATHTVLBY;2,006622517
2102;EMURRKHOITHNDCLOZNLY;2,846153846
2103;EMSGXRCSFBMEOHFETEYM;1,428571429
2104;EMFFPAZYBZEPHUAOWTQA;1,666666667
2105;ELZISQQBHLSBTFBQWUXT;2,785714286
2106;ELXLPSNYGTTQJGLGPLZP;1,056122449
2107;ELVGIEQWGCWJHKMKJVPD;1,585903084
2108;ELOMGTSMKPBKVSJIVGVO;2,6
2109;ELFUYKUNEUJLDTISYNWO;1,28
2110;ELFRAGJCOSFTAYXRWLOW;1,615384615
2111;EKTTLRPOMEJYQKECIHFH;2,666666667
2112;EKQLDXEMDWEMJIAPCODB;1,214285714
2113;EKOITPBHCJGAQDWPUAKT;3,024539877
2114;EJTTKQBZWPNEAGRXHPIR;1,92
2115;EJLQPQEDOUSZIWOYPTYS;0,230769231
2116;EIWPBUMSBXZVRSGOQOIM;1,230769231
2117;EIJGMGBJMYTEVEROPLSA;1,923076923
2118;EIFVKWUTPJNRNKHBKKKD;2,153846154
2119;EHPUFXLHDRXHQCNDONFR;2,740740741
2120;EHPQNBARHHDVPXUVUHRX;0
2121;EHKIWJCLIEONFIRXVZLT;2,384615385
2122;EGYFBHGMOQGJGPUUZSSP;1,040268456
2123;EGVDMRKPMEFXATUENOOY;1,721893491
2124;EGKSDXOBWEXKHCVCEHXV;1,083333333
2125;EGGLOHHDHMLLKBNKDWME;3
2126;EGGBPCVBBXPZCJPNTOBE;2,438356164
2127;EFJYUBDYGKHMTDUMYSUD;1,186666667
2128;EFJUBPSLKDWPXYVZCKUC;1
2129;EFHOBVPDVROPQJQGJWLG;2,236363636
2130;EFGZCMFCBXYILHNNYTJZ;0,714285714
2131;EFBNWKASBXGDZECFVTZG;0,714285714
2132;EENTDXSSUMEJOMFOKDJC;1,928571429
2133;EEFPFWTDNJBEJZSISITO;2,071428571
2134;EEEIYROGUDNDZBXQLNGF;1,925465839
2135;EEBQALXZPRCSVFLTFZMC;2
2136;EDUBWMXOFREUTIQSAFCB;1,571428571
2137;EDJYFFFVSZXYSCPZQYWE;2,071428571
2138;ECYPPROTVVHISVSJXYSO;3
2139;ECYLZXJNGBIGCNTMMFPF;0,5
2140;ECXBDMUCLBMGKIJKKQEY;2,540880503
2141;ECWEOSULDCNGAJBYHLAV;3,509803922
2142;ECNTKGJIDGJPCTGLOIYV;0
2143;ECLTNZRMYFQQENDACHWV;0,428571429
2144;ECKSLUIOLZNOKCYHXCIR;1,478787879
2145;ECFHDDFEHPRGTBDUWXRA;2,756944444
2146;EBZESVAOKQUNMGGVQZEA;1,45177665
2147;EBNOAQMQHAJYQLCMIBLV;1,5
2148;EBESKBUCQXFDXMKVDMSD;1,820987654
2149;EBDVORBUVXGQFSHHNVIA;1,25
2150;EAZVSPLRZBBPQEAPWKWS;3,384615385
2151;EAZPUCMYZOMNZLRXJNLH;2,743243243
2152;EAMVATFECGJHRILQJFGW;1,4
2153;DZTGHCXIHOQQCVGEZENU;1,777777778
2154;DZDIYKCWJAYAGVSVTFWN;2,94047619
2155;DYPGHVIMWOSLBVJWLDWN;1,928571429
2156;DYOXTJTCQEKVLZGGXTWZ;1,346153846
2157;DYNOSDOOZAEYJJBPETLW;2,080536913
2158;DYINNJVYDXKEPVESCZUU;3,410071942
2159;DYHKHVDDYKAMJOPWTVOM;0,5
2160;DYFJZIFKWVJPABRHWRWA;0,538461538
2161;DXLJYTLUAJWXNFPHDIQG;2,05625
2162;DXLBYJGWTNXENTNRRDJL;2,769230769
2163;DWIMEGJBUIOJWRFNRQKC;1,215116279
2164;DWGKHENMTWWMDZHOKLIC;0,653061224
2165;DWGIVMDBGPGXMBZAOFXG;0,716216216
2166;DWGFSYVYUUATMJIHJNJJ;0,5
2167;DVMFFQTBZULGRVLRIXWA;1,428571429
2168;DVLKBHRNFDWRTRTSOZCL;2,538461538
2169;DVBEMWKWWDSAZQWUJPWB;1,394285714
2170;DUQMLBDHFKDCIXMBSNCG;2,071428571
2171;DUOVXZYNCORUHOYQXCEH;0,461538462
2172;DTJYYZANGQNCZUHOKIOH;2,2
2173;DTFIZYCBQUZNIYGQSOZV;2,536423841
2174;DSLTBNBLQBZBPMPCSSCV;0,333333333
2175;DRVAPIJKITZFGWAGQTVZ;2,923076923
2176;DRCDKBYJSLJGWNYCIDWB;0,771428571
2177;DQGKRXMYWWZZDJPUWSNS;0
2178;DQFRGGRMIWCEWXREKHMP;0,571428571
2179;DPQIZZMSSSREOBWFLLIQ;0,094339623
2180;DOEQKSEPBZYQWXABSFKA;1,6125
2181;DNZGZGJVUFFTXVDTJYSJ;0,785714286
2182;DNXOIXRTAEVUCOMEVSKE;1,5
2183;DNWLYCJNVDTMKSIMEPUV;2,076923077
2184;DNVLMHCOSNEVSSAMTNYO;2
2185;DNTVQKOTYPQGCPDDWZKF;1,692307692
2186;DNRYHJQSCONHEUTXBSZF;1,285714286
2187;DNPFCYUSXPVELBWPOVJS;3,076923077
2188;DNHIXGYLLKDRJBHORNUT;2,026666667
2189;DMZVBGBROARXSGVPGHDQ;2,854545455
2190;DMURMZARDLOUQPDKXKTK;2,206060606
2191;DLYDBLLSWLZZVSHOGAXI;2,4
2192;DLDCNIBTTLLXNUBDEJLZ;1,230769231
2193;DKHOUFBZRFYYWAISFCMK;1,933333333
2194;DKFICBHMRXSERXHLJSSR;0,466666667
2195;DKBJOMYCAEBCSRUXYCTF;1,044025157
2196;DJKBSESWABLCFQTRAHQH;0,6
2197;DJEUKYSAUWDYZPXXAMRU;0,333333333
2198;DJAKUTUIQBOWXFJLPRXL;0,702380952
2199;DISJLIBGKBKTMDMNXIJD;0,928571429
2200;DIRYRESOJYVNLORZHUOD;3,633587786
2201;DIRVGYQZUJIPAFSPHEUF;2,888888889
2202;DILSNNMIEMPMGGHYAVTI;2,487179487
2203;DHTMTAFJDCIOPUTZZDKV;2,789808917
2204;DHMSBOFRTHIIAAAMEEEY;1,34939759
2205;DHFFECGYAIQXYOFUKPIV;0,913875598
2206;DHDEGEIXLXIZWFTJSEAR;2,153846154
2207;DGRYABITCRVLVWSETMBE;1,153846154
2208;DGMLPAUENOJHJPBTFYDY;0,88
2209;DFXWPVEDGFERPODAZTNR;1,853503185
2210;DFXRYQITFNVGAASPOZQN;1,75
2211;DFWSSNYTCWEALAYGGVAQ;2,923076923
2212;DFNMODFUMFWVDEBFDUFZ;0,42
2213;DFMTESZWDCXEMXMYEZUX;3,166666667
2214;DFEXNYFUIEVGYHVKMTYX;2,4
2215;DFCVBAMMZCJPVWWGENNG;1,076923077
2216;DEIWJRFJEEQUFZTZQGFC;1,396449704
2217;DEHXILPVPXJQASTWUPED;0,777777778
2218;DEHHDPJSLXWGUJLNDGVE;3,519736842
2219;DDADJJNFFAHQMKPIJIFB;2,839416058
2220;DCYCGDGTFEOQCPKFUJLM;1,787356322
2221;DCUGOQKYYVZQMTDNHOKK;2,333333333
2222;DBKLYYRSHZNPPYDXZUEO;3,598684211
2223;DAYPBIOIJIHFQKHHOGOT;1,470588235
2224;DAVPWLSPZYWZNMYRETXG;0,166666667
2225;DAOWCZGIFQDOBRHHQAPE;2,478527607
2226;DAODEGCZNLOKFRUSHEWV;2,071895425
2227;DAFYVBLOIFPGPLYARJRJ;1,538461538
2228;DAELJEWYRBKUQVZJSYUE;0,635294118
2229;DAAOZACAMQYGNJUKOUEX;0,5
2230;CZYGUVZXQAVMGQHQFDFM;3,879194631
2231;CYZYROPSHGGSMOFTAZUM;0,964285714
2232;CYYBXAVSHVOQCAEQESPA;2,428571429
2233;CYLXSUXDQFPFZCUPPVXU;2,088050314
2234;CYKBEDQHBFVVBWOCBIVR;2,142857143
2235;CXYNIZXMIFGRFZKBGBUF;3,769230769
2236;CXWDKQGSWKJIHSAUENZG;1,925
2237;CXQDCUPDHCMQQSGDIZML;1,142857143
2238;CXKEQBNYHLWXPRAXREYD;2,684210526
2239;CXCXNIRJCBISLQMTXQIO;3,5
2240;CXAXPLEHPNHFTPSKWWMF;1,35483871
2241;CWDZRQRXXGZFPHIYCJLL;2,307228916
2242;CVLEDOFTQAZWJLMJSIEJ;1,433333333
2243;CUWIIBIBEMJVEHQFYTWM;2,124223602
2244;CUOOEUUSZLGCKAGSFAXX;2,006024096
2245;CUNACCFEMYTOSXJSNKGE;0,769230769
2246;CUCFRNBAPNOIHPCXDUER;1,304964539
2247;CTXHZFXDBOUKJEROASVT;2,329032258
2248;CTUMTFEBPBRIYSWOGOIV;1,923076923
2249;CTQKYERMIMUOVQUIFITQ;2,384615385
2250;CSWHZPKOWURFWQROBMNK;2,248447205
2251;CSMURLREOFQMHCAHHKBU;0,43373494
2252;CRZPHHSGIAINXSRFECAO;0,714285714
2253;CRWZNQTFKLPUFTWUTLAF;3,142857143
2254;CRTBEPJIRFIPGRTPNIYR;0
2255;CRNRHUUMKLYONIKRNPGO;0,533333333
2256;CQYJUOZHGIXZIFSUUDCN;2,615384615
2257;CQTLWJIRLLNFUOVOPZLL;1,493902439
2258;CQPCYBABPIHHAITTAAGV;1,5625
2259;CQNYDYOXXISTOYIMBGUC;0,230769231
2260;CQDGSUHZUIJCPSMWDAWR;0,733333333
2261;CQAQSPJJXLNIONCBRRDC;0,202247191
2262;CPRFTWWCZBDLRWLSCDRF;0,282352941
2263;COIASOZKAEQUSWDQUMCI;1,05
2264;CODHSFCAMELCHQYJURLR;1,554913295
2265;CNYIMVGKCKXAZZXEGJNF;3,568862275
2266;CNSQULNPVHNRKHUKWSOB;0,866666667
2267;CNOTSASSGREGWJULQXMX;3,461538462
2268;CNMLPPXLFSGLQTMAWSHN;1,076923077
2269;CNFZEJTCRYOZLQVZPOVG;1,898809524
2270;CNFTJPQYBGXBJZQSCSZM;0,631578947
2271;CNAODGWKTDDGPMACKUIR;1,928994083
2272;CMPKWPMJJRHHXLYNEUIW;3,013157895
2273;CMNGLUYAYFHLOJCTILAE;3,307692308
2274;CMDGCESKSPKYUHFLPGAS;0,692307692
2275;CMBLRLWTUHBPWFLPGUHW;0
2276;CLUQGCZOIPNQXPQRLIGO;2,071428571
2277;CLUETBKTXVPMEZGQTJWV;1,267759563
2278;CLGZOQTAGSJNIZSEEZJS;0
2279;CLFUMVMFSYJDFKMTNAXH;1,6
2280;CLADVCANEWBRRZXVCGQI;1,909090909
2281;CKUUGYLZCJBWFLJGOQSZ;2,114649682
2282;CKCNQLJPQPPTPGHNQDBS;0,230769231
2283;CJRDIYDABQFIAWUKSPPU;0,605633803
2284;CJNSVOJXABRZFRHGDTJH;2,214285714
2285;CJMALABEAFSMSBEPAUOD;0,933333333
2286;CJAJMRBJYEXSNOPIEFEX;2,8
2287;CISIRIOIZXIXBTBTWLTF;0,219178082
2288;CIFWOVMFUCVUAQNRYAIE;0,307692308
2289;CHNQRUSNZVGJQOZYEHKA;3,536764706
2290;CHGKPEQSBSBGNVPGBMJM;1,266666667
2291;CHDETJUQVWNPYMJRTTOI;1,571428571
2292;CGOEVWPAZOHVHLCPGBZY;0,648514851
2293;CFWLFYLPBFEMHDQRBKVE;3,333333333
2294;CFNABUOBHPFXVEUQPDZQ;0,538461538
2295;CFKYTCWYGUECDBFXCCKX;2,15483871
2296;CFESQMTLEFGWWVBIAWSV;2,991596639
2297;CEYJSPUXYRABPEAEBNCC;0,769230769
2298;CEKLMTVTAMYFSPPQWVHF;1,142857143
2299;CEKASOJLESIBWKKHTCYT;0,461538462
2300;CEHDTTXGDEMDLEYEKPZI;1,642857143
2301;CDTIEPSLRNQAIBMPCZDU;2,384615385
2302;CDTCBZBNWXGNXLOCNZVZ;3,869565217
2303;CDPLNMMSRWQWBREROKJR;1
2304;CDLBYJADHTSSLBMWXPYI;1,12345679
2305;CDKOLPQEQECZORNSJIRO;0,538461538
2306;CDAHMWOOBAEHEIOICPHR;1,955414013
2307;CCZYWYQDWBTJXLKWCCOY;2,030864198
2308;CCTIPDCOVTZMMPBDDGOB;0,933333333
2309;CCINDMVVHGUFPDOLDMXC;2,071428571
2310;CCHGTWODCOYYKZSLVXUP;1,166666667
2311;CCGLHSQDPZWGNLENEENH;2,361290323
2312;CCGKOXHVFIZZTPARVPXE;2,230769231
2313;CCAAVLIVYKFJGNEGXRWY;3,172839506
2314;CBLWPEIOHBOTWBXZLOHT;1,541666667
2315;CBJJTPHLCDTZBSCZLUZL;1,961832061
2316;CBDHYMZIBVYKAUVNKGWA;2,571428571
2317;CAQLMMSGTNOTOFGWGCVX;1,464285714
2318;BZZDBHIKLNDHLHXQRPIH;3,307692308
2319;BZYPGDKYRJXLXRIQEDWV;1,84
2320;BZXBUNGJVAHKCGSEYAIF;3,642857143
2321;BZJRTILGZSEYXXUJSCMS;0,880597015
2322;BYRKHLJAUDUZNLPVVIAU;0,857142857
2323;BYMLKKMRBRNPJTTYGNIQ;1,717948718
2324;BYLIZPGZZGPWEFPBBYGR;0,230769231
2325;BYGEOKEKNNWUBCNVFVQQ;2,946969697
2326;BXSFBTBNJHOMMBSXIFDI;0,816568047
2327;BXOYQGDSHQWPYGNFVVRN;2,416666667
2328;BXNYGYTTTGXPGZWVIKIG;2,090909091
2329;BXCYXDMMQOLHDUQSKQDG;1,083333333
2330;BWTTFWKEPNEPHNMXCSNB;1,384615385
2331;BWJGLWUWIJFDYYJGSCRC;1,307692308
2332;BWHEQCPPKKMCMAVUORWG;1,027777778
2333;BWAYZINYUIMQIHUVZZTT;1
2334;BVYMBJQMOXBPDTSQXOOK;1,888888889
2335;BVUXUFBKHCMQHJZIZZHR;1,461538462
2336;BVQYTAYEXQGBSPBFJYAJ;1,865384615
2337;BVIERDSDQRGOZMQKAXNA;3,136363636
2338;BUWVQFZEMTVGDLQINMGH;0,923076923
2339;BURTAKDXBLFXISLVJABA;1,44516129
2340;BUPNXTUBVRSRNIEYNCOJ;2,642857143
2341;BUOQPYYTEQNOXTTXWZHM;0
2342;BUNGLHQMPGIQNEANPAXO;1,308641975
2343;BUMDHFWSEJGMXITAOQDU;1,242424242
2344;BUHGQDVIBIDNOXHUSTUX;2,533333333
2345;BUCAJIUXXJZABDTTKLZB;0,520547945
2346;BTUGPNRRSXXFEAUHETAX;1,692307692
2347;BTSYYLVEJJBGHAMAKNCJ;1,796116505
2348;BTOWKEICNPGRUKIBXMSF;2,684848485
2349;BTJZLYGPPMJQZFOBLDRQ;1,974358974
2350;BTFTKFFOQKYGZMXOZPFJ;1,47826087
2351;BTFJKDVTPPULHRRFLFIA;2,538461538
2352;BSMBCYQXNBGRJLEYQPFD;2,692771084
2353;BSLDPAGECQCQHXDJWXDW;0,977443609
2354;BRLZEQGKBJTPKMUTMZBB;3,652173913
2355;BRBMCQTFOPYFEOHXJQUV;0,692307692
2356;BQSEBVYQOCKBIVPPLUTY;0,857142857
2357;BQRSVODYQWJLXRYBOFXN;2,307692308
2358;BQPPNAXFBXYKKKJBDJVW;1,168421053
2359;BQKFIKQOOJZLAAQZZZNE;1,714285714
2360;BQIDFQIAKWUPPXJQHVQP;3,540540541
2361;BQBGBTASGDPKKPSWCNKL;1,25
2362;BPYWUVPJZCZQFCEFSGHY;3,191666667
2363;BPYTPXHDEHYXAXZCAGRX;0,341772152
2364;BPVRYPHBLJWGGIOJRPTB;2,705882353
2365;BPVJYHFNNAOSWGITRQHH;3,056603774
2366;BPSZZPLZYRQMYMSBEVNY;3,035211268
2367;BPSQARGXOGHBMAYFUCKZ;0,368421053
2368;BPMPKZJMBKNQCKCLMXSB;1,785714286
2369;BPAWLMSWYJJMMHUXLHMG;0,461538462
2370;BOWEKAFRQCZBODDWMFPC;0,421686747
2371;BOHGGOHOQTYLCSEAOSSU;0,928571429
2372;BOEVJVHJVIRVOBNOIGZU;2,030120482
2373;BOAVXNHNNMVLAQIWTTJP;3,4
2374;BNVQPHKYLADXPZHVFJGT;2,126666667
2375;BNTDXARCTYTMXFYJCMGR;1,2
2376;BNMRLBABNAOBBXFPKZJD;2,571428571
2377;BNKRHCXDXBYVFNWQXOGF;0
2378;BNGPUXHIWKIXVNDDGVUV;0,461538462
2379;BMVUUUEZHKWFQSCTZFTT;3,461538462
2380;BLWTVBWCEDUQHAGTPXFM;1,571428571
2381;BLVQJXYAHFPCUNFUQRGN;1,285714286
2382;BLSUEJMSFFRUGIHTFTXO;0,444444444
2383;BLOGZYZCRUUHCUVRLSGK;0,910891089
2384;BLETXRXIFYIHEHZKCIBP;0,230769231
2385;BKTLVRFCMIOMISPJTQYQ;1,615384615
2386;BKQAAJKECQHWWIBSDNZO;0,5
2387;BJQHJWMTMWGCAVIWJDBQ;1,841772152
2388;BJQFNODIHSEKJFDJMAKW;2,676258993
2389;BJJZHQZJUXQWNUCPRXIT;1,914285714
2390;BIWMFIAWVVAKEJMVGNNE;1,555555556
2391;BIQWLIDNRKJCVACVLYEK;1,615384615
2392;BIQLSKDUEOGIZIABTDAJ;1,221052632
2393;BIJNVBKGUIVMMENBTAGN;3,315151515
2394;BIFDCYVIMIFRYEZOMBYN;2,448051948
2395;BIBDRMLTIAUYYMXVYEEA;1,130681818
2396;BHSAKWGFMOCWWKNZRNOP;1,923076923
2397;BHQUVVMNCCPWEDKJLMMC;1,773255814
2398;BHQERHCRNRRSPQIIAVXO;1,277108434
2399;BGLWMHECQRHBELLLCITJ;1,227848101
2400;BFSKOIVNTDJNNBYXSUOT;0,692307692
2401;BFSIEMXGLJJKHDIPQKTZ;3,379032258
2402;BFNVQYLSGYQIEVTBSRJW;1,1
2403;BFMFQKEIMHQVJFDOUNTS;0,576923077
2404;BFFCMXENYRBGHJDYPMWU;1,266666667
2405;BFEGZDUAQDWOKJRWVIEJ;0,153846154
2406;BEPYVNFTDGTRONQDBJOC;0,75
2407;BEFVMTSDMBTFGAUPGCVN;3,230769231
2408;BEDQKHLWQRPLNYBAQMXC;0,461538462
2409;BDNJJSBSXNLCLLJUKRSB;2,648044693
2410;BDKIPRHVWAOGGHVGEQDY;2,333333333
2411;BDGCFTTKUITZSZHKSZOE;2,635135135
2412;BDEFLFWSXVPHAVBQGCSW;1,81547619
2413;BCMJQWTXNXNKKJWOJIWZ;1,461538462
2414;BCLMKKYFMOABYKLEUGRB;1,133333333
2415;BBUMGVTFSXHKYHEXJSDH;0,599033816
2416;BAIEGYNWEOHQBEKUYSRB;1,98125
2417;BAHBPFAMAJKKYGQSTOMJ;1,866666667
2418;BAAYFRHTUNUAZGDQANYV;2,833333333
2419;AZSLPAIGSHPDNYGBFIIR;1
2420;AYUSHCYJXWGNDMWOAABH;3,361702128
2421;AYCJLXEKECQWDEMHJHKS;1,666666667
2422;AYBCPNOPGUHCPANIGRQH;0,285714286
2423;AYAPMCTWYYMWUGCSFZEJ;1,384615385
2424;AXXMQVAXIUOIKJSUFEXS;1,007633588
2425;AXWFSJCGWXCLGMDBARLU;1,508982036
2426;AXTANITZDAPAOLBSGVAC;1,153846154
2427;AXMUDIIZCUMSJQJGIBHL;2,384615385
2428;AWMJGPHRCZODWBLFNUSC;2,133333333
2429;AWBOEYSILKDYXVMJOOQS;1,302816901
2430;AVMLLNYBGRPUIBPWQPUV;3,534883721
2431;AVLSMXZYRKUPXMXFEXEH;2,970588235
2432;AVCCICJHCSOPHUNUYMIP;0,75
2433;AVAUJIXYKPVBMUDPCBSD;3,774834437
2434;AUXTFRSYGVVJBZTDZSEJ;2,066666667
2435;AUQWUTVIMYIRBVUQORCB;2,666666667
2436;AUICAARZMYAFUPZRGQVU;0,133333333
2437;AUETUFMOAWLFQESEPFKK;2,125748503
2438;ATYWXHSLLWKEZTZRLOCY;0,923076923
2439;ATTOHJKHBMWBHPSEAFTS;0,554945055
2440;ATJBMZLRRPXBPILLWPYI;2,916666667
2441;ATISXGUEOTABHNBQAHBA;1,476683938
2442;ATGJRLALULCVFMQVZFXB;1,24
2443;ASUCXEVUUDCLDDRYEWQR;1,615384615
2444;ASQJKYZWNPSVABZMQJHP;3,924137931
2445;ASAPJPOIYXWHHHAESQGU;2,775147929
2446;ARZHZAGZGUFSHNAOYNVN;0,692307692
2447;ARKPAKXPAJRIABZCBJQN;1,627906977
2448;ARFSEWAOTVVXKPVVVWXF;2,174698795
2449;AQJLQRZDJHOWEDCANLTI;1,921568627
2450;AQDHIOJVHYEWMHUYNZLG;1,583333333
2451;AQBDALJFHSJXBKNTKYSY;1,307692308
2452;APUPTMUMSLHJPXYIQWLN;3,407407407
2453;APTANIXYYMJINHHUFCLD;1,538461538
2454;APNRVSYDGKJXWSZTFTWY;2,248484848
2455;APIIJIVPQWIMLXLCVEBE;1,491428571
2456;APHXFSKRPRJIECBVFRPI;0,307692308
2457;APCXXELGHZOQELTWTQDJ;1
2458;APCTCFXLPZCDHENVDBXW;0,769230769
2459;AORHCSVIZWGZTDNSDVTX;1,339181287
2460;AOIBBMCIFFQFXJBYPQFW;1,964705882
2461;AOHCXOLKAXXIPFYZUBYO;1,071428571
2462;AOFJPJWOFPSHCOARTURT;1
2463;AOBGHIGMGAQGQPJUZVOD;2,153846154
2464;AMXBRDITYAPFCJKAOXNM;2,138686131
2465;AMVLCHMWWCUBIIKGIHLW;2,923076923
2466;AMROTLDHRQKYIFYJAZJH;0,571428571
2467;AMLMHUTWYKGFGKFJRCOR;1,153846154
2468;AMCHQCQHWOLZMJAMFSCL;2,873333333
2469;ALAQQKAJMLCCEWRKKJIJ;0,642857143
2470;AKYUDJGUGZQSQYVTLLVZ;2
2471;AKXFWTWCHJAPUTDZKNXY;1,27607362
2472;AKIIIIKEKMIRMJZVXWJR;1,682432432
2473;AKIENZIRFMZJXGQPLRUC;2,728476821
2474;AKFKIKPUZNAYIKQJUGVM;2,686666667
2475;AKDNPUKWIHTNCUTMVNXL;0,714285714
2476;AJZOAPLGWQEYVYOTYMHU;1,713333333
2477;AJWIKHAYKJKWXBCKJMHW;2,907692308
2478;AJLDVEUIXPBIJLUXLKPI;1,230769231
2479;AJKQMKGSXSFJNEXZQJEE;3,121621622
2480;AJENFBXQZDJHJPJTWIWV;1,172413793
2481;AJCVGTSUEDCXDBUNBBNJ;0,230769231
2482;AIREUWWMASVKLSYIMKKJ;1,016129032
2483;AIPOFTQNOCJSALPFMTMF;1
2484;AIDKXPAQXECXHTDXJNYF;2
2485;AHYZFPYDFRWHZHRGBPYD;2,095808383
2486;AHVEIDREAQIAHMTWBPUK;1,914110429
2487;AHOMVLZCYEVUKCKLBQPE;0,461538462
2488;AHFEMDCQBGCQISLYPJRF;1,230769231
2489;AGXXOXYBZWEODXRLMMKZ;1,488372093
2490;AGNQMOSNOOEMJMAZSSKN;0,615384615
2491;AGHKYSXMVPKEWZZCSKUZ;1,571428571
2492;AGGJSFSWRGEAYLDOXIOL;1,919463087
2493;AGFWZZWUTGLHLUSMJTNL;0,428571429
2494;AFUQMJWOPSPZIBUPVGZQ;2,785714286
2495;AFLECCMNRLKPUCIZIRBZ;0,655555556
2496;AEZNEXPTMEELLJWRGQMT;0,5
2497;AEYAHCOEADXKIDYWWDNT;1,323353293
2498;AEQUKXCUORTXULVEYBWD;2,25
2499;AEGNEFCFYZSOOOOTHXAM;2,606666667
2500;ADYCHQCENPXSOWFSBGLI;1,357142857
2501;ADLRRRELUCZJAQBBWEDY;3,828767123
2502;ADCEGWZSAYAVUWXOIQNG;3,755102041
2503;ACWJDYDXRNPXEPTHQIKR;0,923076923
2504;ACSVBYNCANMBWXISUMLD;3,066666667
2505;ACHCCQGQHBLGTRSTXGWT;1,842105263
2506;ACAQJHOSYLFBPVRCQCGW;2,341935484
2507;ABYMWRKAQAEZXSSLYALM;2,848101266
2508;ABVLBHABWDSYAJMMLEEF;2,4
2509;ABNELXTQRDRULBCMUTBG;0,936170213
2510;ABIYIIPGMHDBMDZIFWVF;2,284768212
2511;ABDWCZNRYOMTZDOZHBVH;0,969230769
2512;AAXTVPVNKDMVMPDEMMRJ;1,428571429
2513;AAVAQWVZMALDZZHULXQK;2,126506024
2514;AAQSOZDXXLBVSBNTOPJX;2,555555556
2515;AAKXKAFZFTZOXBTLVHUA;0,609375
2516;AAJGSXRHUIGWLABOVWHJ;0,864197531
2517;AADUDTCNYORCSDHDJUHQ;1,80952381
